customer_id,signup_date,acquisition_channel,region,email_opt_in,acquisition_cost
C000001,2023-04-25,affiliate,west,1,40.04
C000002,2023-07-23,paid_social,south,0,31.05
C000003,2024-12-28,organic,north,1,11.91
C000004,2023-12-16,paid_search,south,0,37.43
C000005,2024-03-24,paid_search,south,0,44.41
C000006,2024-12-23,paid_search,south,0,37.69
C000007,2023-08-23,affiliate,east,1,14.17
C000008,2023-01-02,organic,west,0,4.15
C000009,2025-01-02,paid_search,west,1,46.56
C000010,2023-11-29,affiliate,east,1,21.62
C000011,2024-01-24,affiliate,west,1,29.2
C000012,2024-04-06,paid_social,south,1,37.9
C000013,2023-07-23,organic,north,1,16.34
C000014,2025-02-13,paid_search,west,1,40.62
C000015,2023-11-18,referral,north,1,16.1
C000016,2024-04-22,referral,west,1,16.8
C000017,2023-03-19,paid_social,west,1,31.04
C000018,2023-01-06,organic,east,1,14.34
C000019,2025-01-31,referral,east,1,22.95
C000020,2023-07-23,organic,west,1,5.7
C000021,2023-02-02,paid_search,north,1,46.36
C000022,2023-03-09,paid_search,west,1,45.11
C000023,2024-11-24,paid_search,west,1,47.09
C000024,2024-05-29,organic,west,0,17.18
C000025,2023-08-05,organic,south,1,10.67
C000026,2024-09-21,affiliate,west,1,38.18
C000027,2024-05-07,organic,west,0,12.56
C000028,2024-04-23,paid_search,east,1,34.4
C000029,2023-01-24,organic,east,1,11.28
C000030,2023-06-04,paid_search,east,1,42.76
C000031,2023-10-09,organic,south,1,7.33
C000032,2024-03-06,organic,south,0,7.75
C000033,2024-01-30,affiliate,south,0,8.62
C000034,2025-01-26,organic,west,0,11.38
C000035,2024-03-02,affiliate,south,1,24.82
C000036,2025-01-07,organic,east,1,5.67
C000037,2024-04-01,affiliate,north,1,27.27
C000038,2023-03-19,paid_search,south,1,40.62
C000039,2024-06-04,paid_social,south,0,31.36
C000040,2024-09-08,referral,south,1,7.6
C000041,2024-08-19,organic,north,0,3.44
C000042,2024-01-20,paid_social,east,1,27.26
C000043,2024-02-29,organic,south,1,16.73
C000044,2024-08-03,paid_search,east,1,50.54
C000045,2023-08-11,organic,north,1,7.82
C000046,2024-11-18,affiliate,north,1,27.46
C000047,2023-08-11,organic,west,1,15.84
C000048,2023-10-04,paid_search,west,1,42.65
C000049,2024-06-27,organic,south,1,10.0
C000050,2024-07-31,paid_search,south,0,38.16
C000051,2025-02-18,referral,south,1,4.14
C000052,2023-06-28,affiliate,east,1,24.28
C000053,2024-06-25,paid_search,west,1,41.94
C000054,2024-04-05,referral,south,1,17.95
C000055,2023-07-02,paid_search,north,1,41.28
C000056,2024-04-29,organic,south,1,4.5
C000057,2023-06-06,organic,south,1,2.93
C000058,2023-10-07,affiliate,east,1,27.54
C000059,2024-04-09,organic,north,1,6.74
C000060,2025-01-02,paid_social,south,0,32.69
C000061,2023-06-25,referral,west,1,17.83
C000062,2024-12-03,organic,north,1,11.98
C000063,2023-10-16,affiliate,north,0,26.41
C000064,2024-10-07,organic,west,1,2.69
C000065,2023-02-28,organic,east,1,5.24
C000066,2023-11-13,paid_social,south,1,37.2
C000067,2024-02-07,paid_search,south,0,36.38
C000068,2023-02-09,referral,east,0,9.69
C000069,2023-06-09,referral,east,0,15.95
C000070,2023-06-08,affiliate,east,1,31.84
C000071,2024-07-26,affiliate,east,1,23.79
C000072,2023-12-30,paid_social,south,0,46.82
C000073,2024-07-16,affiliate,south,0,28.74
C000074,2023-01-20,paid_search,south,1,49.09
C000075,2023-04-13,referral,north,1,8.23
C000076,2023-04-20,affiliate,west,1,25.53
C000077,2023-08-14,referral,east,0,10.56
C000078,2024-08-28,organic,north,1,13.41
C000079,2024-08-18,organic,east,1,8.75
C000080,2023-10-22,paid_search,north,1,39.82
C000081,2023-09-10,referral,south,0,20.09
C000082,2023-11-14,paid_social,west,0,37.67
C000083,2024-05-24,paid_social,west,1,37.48
C000084,2023-06-05,paid_search,south,0,44.41
C000085,2023-10-03,paid_search,west,1,40.56
C000086,2024-11-09,paid_search,east,1,44.23
C000087,2023-08-07,paid_social,east,1,38.63
C000088,2024-10-06,referral,south,1,12.39
C000089,2023-07-05,referral,south,1,11.85
C000090,2023-01-06,referral,south,1,14.57
C000091,2024-11-17,affiliate,north,1,25.21
C000092,2023-01-24,organic,north,1,3.51
C000093,2024-02-23,paid_search,east,1,37.65
C000094,2023-01-01,paid_search,north,0,42.19
C000095,2023-11-12,organic,east,1,5.15
C000096,2024-09-12,referral,west,1,7.59
C000097,2024-04-15,referral,east,1,18.58
C000098,2024-07-08,paid_search,east,1,35.01
C000099,2023-08-06,organic,west,1,2.11
C000100,2023-07-18,paid_search,south,0,41.71
C000101,2023-11-10,organic,east,1,6.11
C000102,2023-11-30,paid_search,south,1,42.09
C000103,2023-06-09,paid_search,east,1,42.64
C000104,2024-04-10,referral,north,1,13.38
C000105,2024-02-13,paid_search,north,1,29.83
C000106,2024-12-15,organic,north,0,2.0
C000107,2023-09-05,paid_search,north,1,40.9
C000108,2024-05-10,paid_search,east,1,37.7
C000109,2024-09-19,paid_search,east,1,38.5
C000110,2023-10-25,organic,west,0,6.01
C000111,2024-05-13,referral,north,1,8.61
C000112,2023-05-13,organic,east,1,3.79
C000113,2025-02-09,affiliate,north,1,26.27
C000114,2024-01-15,paid_social,west,1,30.85
C000115,2023-04-02,referral,east,1,13.25
C000116,2023-12-12,paid_social,west,1,29.93
C000117,2024-02-18,organic,north,1,14.95
C000118,2024-01-24,organic,west,0,10.24
C000119,2024-07-12,organic,west,1,14.72
C000120,2024-05-07,paid_social,west,1,31.91
C000121,2024-07-26,organic,west,1,12.19
C000122,2024-08-18,organic,east,1,10.58
C000123,2023-06-28,paid_search,north,1,35.98
C000124,2024-03-10,organic,north,1,6.92
C000125,2023-05-28,referral,west,1,8.09
C000126,2024-05-26,paid_social,west,1,34.68
C000127,2024-03-01,paid_social,west,1,31.56
C000128,2024-08-10,affiliate,south,1,28.75
C000129,2024-08-10,referral,west,1,17.34
C000130,2023-03-01,organic,north,1,6.86
C000131,2024-11-18,affiliate,south,1,31.76
C000132,2025-02-14,referral,east,0,17.87
C000133,2024-05-29,paid_social,north,1,29.57
C000134,2023-08-25,paid_search,west,0,42.95
C000135,2023-07-04,affiliate,south,0,26.24
C000136,2023-06-26,organic,south,0,13.7
C000137,2025-02-17,referral,south,1,14.1
C000138,2023-03-30,organic,north,1,2.0
C000139,2023-11-10,affiliate,east,1,28.36
C000140,2023-05-16,paid_social,east,1,33.75
C000141,2023-08-22,paid_social,east,0,34.75
C000142,2023-06-16,paid_social,west,1,44.41
C000143,2025-01-05,organic,north,1,16.95
C000144,2023-10-11,organic,north,1,11.41
C000145,2023-10-22,paid_social,east,0,32.81
C000146,2024-10-08,paid_social,east,1,41.05
C000147,2023-03-20,organic,south,1,9.91
C000148,2024-08-22,referral,north,1,15.05
C000149,2023-02-22,referral,north,1,22.64
C000150,2024-04-10,affiliate,south,0,18.4
C000151,2024-11-28,organic,west,0,3.56
C000152,2023-11-11,referral,north,1,25.36
C000153,2023-10-29,paid_search,south,1,30.83
C000154,2023-12-26,affiliate,north,1,15.76
C000155,2024-03-16,affiliate,north,0,23.87
C000156,2024-11-21,paid_social,south,1,44.42
C000157,2024-11-09,paid_social,west,1,42.46
C000158,2023-02-10,paid_social,east,1,30.46
C000159,2024-11-30,paid_social,west,1,38.01
C000160,2023-11-23,paid_social,south,0,44.13
C000161,2023-02-13,referral,north,1,18.78
C000162,2024-05-03,organic,west,0,6.38
C000163,2024-01-20,referral,east,0,18.36
C000164,2024-05-31,referral,south,1,8.12
C000165,2023-11-01,affiliate,north,1,21.62
C000166,2023-10-23,referral,west,0,17.4
C000167,2024-10-10,paid_search,north,1,39.32
C000168,2023-07-13,paid_social,east,1,32.82
C000169,2023-08-28,paid_social,west,0,25.53
C000170,2023-10-30,paid_search,east,0,42.8
C000171,2023-10-28,organic,east,0,3.0
C000172,2024-07-11,referral,west,1,16.4
C000173,2023-02-03,organic,south,1,5.85
C000174,2023-04-09,referral,north,1,21.04
C000175,2024-02-04,referral,east,0,7.65
C000176,2025-02-08,paid_search,north,1,41.64
C000177,2024-09-25,organic,south,0,8.06
C000178,2023-09-09,paid_social,north,1,38.55
C000179,2024-05-10,paid_social,west,1,38.67
C000180,2023-06-23,paid_search,north,0,47.54
C000181,2025-01-01,affiliate,south,1,38.96
C000182,2023-07-21,referral,north,1,6.69
C000183,2023-10-25,affiliate,north,0,26.47
C000184,2024-05-30,organic,south,1,11.97
C000185,2023-06-15,referral,south,1,21.49
C000186,2023-09-12,paid_search,east,1,39.08
C000187,2025-01-02,referral,east,0,18.37
C000188,2024-02-24,paid_search,north,1,44.46
C000189,2024-03-13,paid_social,east,1,41.07
C000190,2024-09-21,paid_search,north,0,42.68
C000191,2023-04-09,paid_social,west,1,33.21
C000192,2024-07-06,affiliate,west,1,25.82
C000193,2024-10-08,affiliate,north,1,33.82
C000194,2023-01-11,paid_social,south,0,36.44
C000195,2024-12-18,paid_social,east,0,34.01
C000196,2023-06-28,paid_search,east,1,41.73
C000197,2024-11-23,paid_social,east,0,27.49
C000198,2024-05-26,affiliate,south,1,31.24
C000199,2024-12-11,organic,east,1,5.86
C000200,2023-04-27,organic,north,1,14.97
C000201,2024-05-13,organic,north,1,17.37
C000202,2024-10-06,paid_search,north,1,45.74
C000203,2024-02-03,paid_search,north,1,47.29
C000204,2024-05-22,paid_search,west,1,42.84
C000205,2024-06-11,paid_search,north,1,38.47
C000206,2024-10-03,referral,north,1,14.86
C000207,2025-01-17,paid_search,west,0,46.8
C000208,2024-10-12,paid_social,west,0,34.45
C000209,2024-12-06,paid_search,south,1,38.53
C000210,2024-12-14,organic,east,1,8.85
C000211,2024-12-21,paid_search,east,1,48.85
C000212,2023-07-02,affiliate,east,1,22.9
C000213,2023-07-05,organic,west,1,7.95
C000214,2024-01-24,referral,north,1,14.67
C000215,2024-02-02,organic,south,1,5.34
C000216,2023-02-09,affiliate,east,1,34.82
C000217,2023-11-26,affiliate,east,1,23.44
C000218,2024-09-25,referral,north,0,16.04
C000219,2023-04-12,paid_social,south,1,29.15
C000220,2025-01-31,paid_social,north,0,40.14
C000221,2024-09-28,organic,west,1,7.52
C000222,2025-02-07,referral,west,1,6.66
C000223,2024-07-29,affiliate,west,1,23.04
C000224,2025-02-27,organic,north,1,2.62
C000225,2024-07-24,paid_social,south,0,29.79
C000226,2024-05-10,paid_social,south,1,37.2
C000227,2024-04-17,referral,east,1,24.05
C000228,2023-05-27,organic,west,1,11.28
C000229,2024-02-06,paid_search,west,1,47.05
C000230,2023-10-09,referral,west,1,12.93
C000231,2023-03-23,referral,west,0,13.05
C000232,2025-01-26,organic,north,1,9.67
C000233,2023-10-21,affiliate,south,1,26.81
C000234,2023-04-06,organic,south,1,9.18
C000235,2023-06-04,paid_search,south,1,50.12
C000236,2023-10-04,affiliate,north,1,28.13
C000237,2023-05-31,paid_social,south,1,31.16
C000238,2024-11-01,organic,east,1,10.09
C000239,2024-05-13,paid_social,north,0,34.83
C000240,2023-04-05,paid_search,west,1,52.05
C000241,2023-06-17,organic,west,1,6.96
C000242,2024-09-18,organic,south,0,12.38
C000243,2023-02-24,paid_search,north,1,41.52
C000244,2024-02-02,paid_search,west,0,44.42
C000245,2024-02-04,paid_search,west,1,37.65
C000246,2023-11-16,organic,north,0,8.32
C000247,2024-09-08,paid_search,east,1,32.54
C000248,2023-12-17,affiliate,north,0,15.19
C000249,2024-03-22,affiliate,south,0,20.8
C000250,2024-01-05,organic,east,1,6.13
C000251,2024-01-06,organic,west,0,2.0
C000252,2023-08-20,paid_search,east,1,39.06
C000253,2024-09-18,paid_search,north,1,42.52
C000254,2024-07-28,paid_search,south,0,33.38
C000255,2024-12-02,paid_search,north,1,44.36
C000256,2024-03-11,affiliate,west,1,26.48
C000257,2023-12-02,affiliate,north,1,30.11
C000258,2023-03-05,paid_social,south,1,32.48
C000259,2025-01-05,paid_search,west,1,41.48
C000260,2024-10-21,affiliate,south,1,38.91
C000261,2024-09-07,paid_social,north,1,29.68
C000262,2023-01-19,organic,north,0,6.55
C000263,2024-01-02,organic,east,1,7.51
C000264,2023-02-11,referral,east,1,13.99
C000265,2024-03-10,organic,north,1,4.14
C000266,2024-06-06,organic,south,1,2.0
C000267,2023-08-02,paid_search,north,1,43.02
C000268,2024-09-09,referral,east,0,22.82
C000269,2023-08-14,organic,west,1,16.95
C000270,2023-08-28,affiliate,south,1,27.64
C000271,2024-03-01,organic,west,1,11.55
C000272,2023-07-15,organic,south,1,5.67
C000273,2023-02-07,paid_search,east,1,57.02
C000274,2024-06-13,affiliate,south,1,19.17
C000275,2025-01-15,referral,east,1,5.74
C000276,2024-01-04,organic,west,1,11.18
C000277,2024-10-21,paid_search,north,1,35.71
C000278,2023-05-25,paid_search,south,1,42.71
C000279,2024-12-14,organic,south,1,10.27
C000280,2024-03-23,organic,east,0,18.89
C000281,2024-05-04,affiliate,north,0,30.26
C000282,2023-11-06,referral,west,0,5.25
C000283,2023-06-19,organic,west,1,16.39
C000284,2024-10-10,organic,south,0,8.67
C000285,2023-11-28,affiliate,east,1,29.46
C000286,2023-09-29,organic,east,1,2.0
C000287,2024-05-22,referral,west,1,15.24
C000288,2023-04-01,paid_search,east,1,50.49
C000289,2023-02-03,paid_search,north,0,32.08
C000290,2024-06-03,paid_search,east,1,42.64
C000291,2023-04-03,organic,south,1,12.26
C000292,2025-01-20,paid_search,east,1,48.65
C000293,2023-11-08,paid_search,north,0,49.2
C000294,2023-04-18,paid_social,north,0,29.38
C000295,2024-11-10,organic,west,1,2.93
C000296,2023-08-14,organic,east,1,13.25
C000297,2023-10-30,referral,south,1,20.61
C000298,2024-07-12,paid_search,west,1,45.66
C000299,2024-05-23,paid_search,south,1,50.93
C000300,2023-10-01,paid_search,north,1,40.38
C000301,2023-12-20,referral,north,1,14.59
C000302,2023-05-04,affiliate,east,1,31.09
C000303,2023-10-27,paid_search,west,1,47.09
C000304,2024-04-14,organic,west,1,2.0
C000305,2023-08-15,organic,west,1,2.0
C000306,2024-10-02,referral,south,1,22.7
C000307,2023-07-24,paid_search,north,0,52.04
C000308,2024-04-13,paid_social,east,1,27.56
C000309,2024-01-12,organic,east,1,9.04
C000310,2023-02-14,paid_social,south,1,35.91
C000311,2024-06-04,affiliate,south,1,34.91
C000312,2024-05-02,affiliate,west,1,22.84
C000313,2023-11-17,referral,north,0,22.65
C000314,2024-06-29,paid_search,west,0,44.3
C000315,2023-05-12,paid_search,south,0,43.59
C000316,2024-03-04,paid_social,north,1,29.83
C000317,2023-11-05,organic,west,0,12.27
C000318,2023-12-30,paid_search,west,0,49.27
C000319,2023-04-27,paid_search,north,1,40.84
C000320,2023-11-05,referral,east,1,5.32
C000321,2023-05-13,referral,east,1,13.61
C000322,2023-01-26,paid_search,south,1,48.74
C000323,2023-02-24,affiliate,north,1,25.58
C000324,2024-04-19,organic,east,1,4.4
C000325,2025-01-26,paid_social,north,1,24.71
C000326,2024-08-27,paid_search,south,0,41.27
C000327,2024-11-27,referral,south,0,6.2
C000328,2023-09-22,paid_search,east,1,54.17
C000329,2024-05-30,organic,east,0,8.51
C000330,2023-05-07,paid_search,south,1,50.18
C000331,2024-01-13,affiliate,south,0,19.52
C000332,2024-06-05,organic,west,1,6.16
C000333,2024-03-14,paid_social,south,1,37.71
C000334,2023-06-17,organic,north,1,9.38
C000335,2024-04-22,organic,east,1,3.79
C000336,2024-07-25,paid_search,north,1,35.23
C000337,2025-02-22,paid_social,west,1,43.3
C000338,2024-04-26,organic,west,1,2.0
C000339,2025-02-08,paid_search,west,0,38.46
C000340,2024-05-11,referral,west,0,12.58
C000341,2023-08-28,referral,south,0,15.68
C000342,2023-02-09,organic,south,1,3.75
C000343,2023-03-15,affiliate,west,1,25.71
C000344,2024-09-02,paid_search,south,1,40.84
C000345,2023-10-15,organic,east,0,2.65
C000346,2025-01-23,organic,west,1,2.0
C000347,2024-05-24,paid_social,south,0,42.72
C000348,2023-08-15,paid_social,north,0,22.42
C000349,2024-02-19,organic,west,0,15.73
C000350,2025-01-12,paid_social,west,1,30.31
C000351,2023-05-04,affiliate,north,1,24.75
C000352,2023-01-26,paid_social,west,1,41.54
C000353,2023-05-03,paid_social,west,1,43.82
C000354,2024-10-16,paid_search,north,1,49.96
C000355,2024-08-23,organic,east,1,12.58
C000356,2024-07-24,affiliate,east,1,30.22
C000357,2024-01-15,organic,north,1,2.0
C000358,2023-02-11,paid_social,west,1,19.53
C000359,2024-08-17,paid_social,west,0,38.66
C000360,2024-03-12,organic,east,1,3.89
C000361,2023-09-16,paid_search,north,0,36.25
C000362,2023-10-19,paid_search,east,1,43.82
C000363,2023-09-07,paid_search,south,1,43.98
C000364,2023-10-16,affiliate,east,0,17.69
C000365,2024-08-03,organic,east,1,10.17
C000366,2023-09-05,referral,east,1,14.72
C000367,2024-08-11,paid_search,east,0,38.67
C000368,2023-09-09,referral,east,1,19.92
C000369,2024-04-20,organic,south,0,2.0
C000370,2023-10-06,organic,east,1,5.16
C000371,2024-10-25,organic,north,1,12.24
C000372,2024-01-31,referral,east,0,19.63
C000373,2023-03-15,paid_search,east,1,48.51
C000374,2023-08-20,affiliate,south,0,32.58
C000375,2024-02-01,organic,north,1,17.96
C000376,2023-06-27,organic,south,1,8.82
C000377,2024-06-19,referral,north,0,18.64
C000378,2023-07-27,referral,east,1,12.17
C000379,2023-09-06,paid_search,north,1,41.6
C000380,2024-04-14,paid_search,west,1,35.09
C000381,2024-08-16,referral,south,1,11.38
C000382,2024-06-27,paid_search,north,1,49.0
C000383,2023-12-29,paid_search,north,1,42.66
C000384,2024-06-05,referral,north,1,11.66
C000385,2024-07-28,referral,north,0,9.77
C000386,2024-08-14,organic,east,1,8.03
C000387,2023-06-29,affiliate,south,1,31.36
C000388,2023-01-26,paid_search,north,1,37.78
C000389,2024-07-03,referral,west,1,16.0
C000390,2024-01-31,referral,east,1,11.95
C000391,2023-12-19,referral,west,1,21.95
C000392,2023-08-21,paid_search,west,1,49.99
C000393,2024-03-03,referral,west,1,8.0
C000394,2024-10-29,referral,west,1,15.87
C000395,2024-07-24,paid_social,east,1,29.62
C000396,2023-05-21,organic,south,1,4.78
C000397,2023-09-18,affiliate,east,0,21.82
C000398,2024-04-09,paid_social,west,1,40.06
C000399,2025-01-15,paid_search,west,0,46.19
C000400,2024-08-25,organic,south,1,13.64
C000401,2023-05-16,organic,north,1,10.46
C000402,2024-03-13,paid_search,east,1,37.12
C000403,2023-04-26,organic,east,1,6.39
C000404,2024-07-13,referral,north,1,21.87
C000405,2023-08-25,organic,west,0,13.37
C000406,2023-06-18,paid_search,north,1,48.07
C000407,2023-07-18,affiliate,east,1,32.42
C000408,2023-06-01,referral,east,1,12.03
C000409,2023-10-13,referral,north,1,25.86
C000410,2023-07-25,paid_social,east,1,37.23
C000411,2023-06-15,paid_search,east,1,42.32
C000412,2023-03-21,organic,east,1,7.61
C000413,2024-07-30,paid_search,south,1,40.47
C000414,2024-12-09,paid_search,west,1,44.91
C000415,2024-11-14,organic,south,0,4.62
C000416,2023-10-25,organic,west,1,14.21
C000417,2023-11-08,paid_social,west,1,32.29
C000418,2025-02-01,affiliate,east,1,32.61
C000419,2023-09-01,organic,east,1,8.68
C000420,2024-11-29,paid_social,south,1,35.33
C000421,2025-01-02,organic,east,1,16.42
C000422,2024-01-25,paid_search,south,1,40.83
C000423,2023-07-14,affiliate,north,1,26.48
C000424,2023-06-12,paid_social,south,1,30.77
C000425,2023-09-05,paid_search,east,1,45.44
C000426,2025-02-06,organic,west,0,11.33
C000427,2023-02-25,organic,east,0,8.07
C000428,2024-11-24,paid_social,north,1,26.86
C000429,2024-05-23,paid_search,south,1,47.96
C000430,2023-07-05,affiliate,north,0,18.37
C000431,2024-03-17,paid_search,south,1,36.14
C000432,2023-04-18,referral,east,1,18.04
C000433,2024-07-01,referral,north,0,13.54
C000434,2024-05-03,organic,east,1,6.54
C000435,2023-10-10,paid_search,south,1,49.48
C000436,2024-01-06,organic,east,0,12.94
C000437,2024-12-17,organic,east,1,2.0
C000438,2023-07-17,paid_search,east,1,37.5
C000439,2023-08-09,organic,north,1,10.96
C000440,2023-07-09,paid_social,north,0,33.71
C000441,2025-02-21,paid_search,east,0,39.12
C000442,2023-05-20,affiliate,west,1,29.67
C000443,2023-09-10,paid_search,west,1,35.11
C000444,2024-06-12,paid_search,north,0,40.73
C000445,2025-02-03,organic,north,1,4.68
C000446,2024-08-05,referral,north,0,11.22
C000447,2025-01-16,paid_search,north,1,42.25
C000448,2024-05-25,organic,west,1,9.6
C000449,2024-06-01,paid_search,west,0,41.58
C000450,2023-05-23,referral,west,1,19.13
C000451,2024-11-23,organic,east,0,5.61
C000452,2023-07-27,referral,north,1,26.14
C000453,2023-06-15,organic,east,1,11.12
C000454,2023-03-29,affiliate,west,0,39.85
C000455,2025-01-03,referral,east,1,17.4
C000456,2024-08-16,paid_search,south,1,45.99
C000457,2023-11-23,paid_search,north,1,39.54
C000458,2024-09-28,affiliate,east,0,28.01
C000459,2023-05-13,paid_search,east,1,46.79
C000460,2023-09-19,referral,south,1,17.18
C000461,2023-04-19,affiliate,south,1,25.67
C000462,2024-05-30,organic,east,1,11.24
C000463,2024-12-04,referral,east,1,10.48
C000464,2023-03-20,organic,east,1,9.5
C000465,2023-07-15,organic,north,1,12.3
C000466,2023-11-13,paid_social,west,1,32.37
C000467,2024-04-28,affiliate,west,1,15.25
C000468,2023-09-13,paid_social,north,0,32.71
C000469,2024-07-24,paid_social,east,1,37.35
C000470,2023-03-16,affiliate,north,1,31.26
C000471,2023-08-21,organic,south,1,2.0
C000472,2023-08-21,organic,north,1,10.15
C000473,2023-05-13,paid_social,north,0,29.0
C000474,2023-12-06,organic,south,1,4.96
C000475,2023-12-14,paid_search,west,1,53.99
C000476,2024-06-08,paid_social,south,1,32.74
C000477,2023-07-19,organic,east,1,11.75
C000478,2024-11-30,paid_social,south,1,41.44
C000479,2023-01-04,paid_social,east,0,28.77
C000480,2024-06-29,referral,south,1,16.96
C000481,2024-06-17,affiliate,south,1,23.68
C000482,2024-04-23,paid_social,north,0,30.42
C000483,2023-01-08,paid_social,east,1,45.98
C000484,2024-04-26,referral,west,0,5.75
C000485,2024-09-14,referral,south,1,10.0
C000486,2024-08-07,organic,east,1,16.36
C000487,2023-06-30,paid_search,west,1,45.79
C000488,2023-03-28,affiliate,north,0,25.87
C000489,2023-02-13,organic,east,1,4.66
C000490,2024-07-11,paid_search,east,1,42.78
C000491,2023-05-07,referral,north,1,13.15
C000492,2024-02-12,organic,east,1,10.49
C000493,2024-09-15,organic,east,1,2.51
C000494,2024-12-25,paid_social,west,1,43.31
C000495,2024-11-30,paid_social,south,1,34.88
C000496,2024-07-13,organic,north,0,11.0
C000497,2024-09-12,organic,west,1,9.56
C000498,2023-09-09,referral,south,1,16.76
C000499,2023-12-21,organic,south,1,7.32
C000500,2023-09-07,affiliate,north,0,24.25
C000501,2023-03-30,organic,west,1,10.83
C000502,2023-03-31,organic,west,1,2.0
C000503,2024-11-16,paid_search,west,1,36.95
C000504,2023-07-06,organic,east,1,13.29
C000505,2023-01-01,affiliate,east,0,27.05
C000506,2024-11-23,referral,west,1,6.87
C000507,2024-10-04,paid_search,west,1,44.37
C000508,2023-02-10,affiliate,east,0,28.22
C000509,2023-02-16,paid_search,north,1,42.31
C000510,2025-01-24,paid_social,south,1,40.97
C000511,2024-09-14,organic,south,1,7.86
C000512,2024-10-31,paid_search,east,0,36.33
C000513,2025-01-20,organic,east,1,7.58
C000514,2023-03-21,affiliate,south,1,29.14
C000515,2023-08-31,referral,south,0,12.93
C000516,2023-04-23,paid_search,east,0,40.68
C000517,2024-03-26,paid_social,east,1,39.83
C000518,2024-04-17,referral,south,1,21.03
C000519,2024-12-05,referral,west,1,12.82
C000520,2023-06-23,paid_social,north,1,34.35
C000521,2024-08-02,referral,east,1,19.61
C000522,2023-03-28,paid_social,south,1,21.89
C000523,2024-05-12,organic,west,1,10.19
C000524,2024-10-06,paid_social,north,1,36.52
C000525,2023-12-18,paid_search,north,1,39.26
C000526,2024-03-15,organic,south,1,10.17
C000527,2024-01-31,organic,north,1,9.07
C000528,2023-03-04,paid_social,south,1,28.64
C000529,2024-06-04,organic,east,1,2.61
C000530,2023-04-20,organic,west,1,11.35
C000531,2024-08-20,paid_search,north,0,42.81
C000532,2024-04-28,paid_search,west,0,40.73
C000533,2024-05-30,paid_search,south,1,43.01
C000534,2024-05-09,referral,south,1,4.55
C000535,2024-12-27,paid_social,west,1,42.68
C000536,2024-09-24,paid_search,south,0,45.19
C000537,2024-10-29,organic,north,1,4.72
C000538,2024-12-03,paid_search,south,1,39.97
C000539,2024-04-21,referral,south,1,15.77
C000540,2023-02-18,affiliate,north,0,37.03
C000541,2024-05-27,affiliate,south,1,17.51
C000542,2024-07-13,organic,east,0,14.64
C000543,2024-12-27,organic,south,0,13.62
C000544,2024-05-14,referral,east,1,11.04
C000545,2024-05-29,paid_social,south,1,38.82
C000546,2024-06-02,organic,east,1,9.2
C000547,2024-05-02,paid_social,south,1,40.48
C000548,2025-01-26,organic,south,1,11.48
C000549,2025-01-28,paid_search,west,1,41.35
C000550,2025-01-12,affiliate,west,0,32.61
C000551,2023-03-09,organic,south,1,3.51
C000552,2023-08-03,affiliate,north,1,28.96
C000553,2024-06-30,affiliate,east,1,18.53
C000554,2023-05-11,paid_search,east,0,43.07
C000555,2023-12-26,referral,north,1,18.75
C000556,2023-09-25,paid_social,east,1,32.65
C000557,2024-12-09,paid_search,west,0,45.12
C000558,2024-06-05,affiliate,west,0,29.81
C000559,2023-03-05,organic,west,1,2.0
C000560,2025-01-31,paid_search,east,1,45.79
C000561,2023-01-11,referral,north,1,22.7
C000562,2025-02-14,referral,east,1,15.93
C000563,2024-11-12,paid_search,east,1,40.64
C000564,2024-02-18,paid_search,east,1,40.46
C000565,2024-01-03,paid_social,north,0,23.83
C000566,2024-07-07,paid_search,east,1,34.02
C000567,2024-03-28,organic,south,0,6.6
C000568,2024-05-15,referral,east,1,4.73
C000569,2023-07-20,organic,south,1,8.02
C000570,2024-02-23,affiliate,east,1,28.75
C000571,2023-01-03,paid_search,north,0,46.12
C000572,2024-07-14,referral,west,1,8.63
C000573,2024-03-27,paid_social,west,1,33.5
C000574,2024-08-21,organic,north,1,6.38
C000575,2024-12-26,paid_social,south,1,30.81
C000576,2023-10-14,organic,west,0,3.23
C000577,2023-07-24,paid_search,north,1,36.48
C000578,2023-05-28,paid_search,west,1,46.17
C000579,2024-12-08,affiliate,south,1,25.62
C000580,2023-09-02,paid_social,east,1,31.49
C000581,2023-07-19,paid_search,north,0,35.45
C000582,2023-08-31,paid_search,west,1,48.7
C000583,2023-12-11,paid_search,north,1,45.72
C000584,2024-06-26,paid_social,north,1,41.04
C000585,2024-10-21,paid_search,north,1,38.28
C000586,2024-05-07,referral,north,1,11.2
C000587,2024-02-02,referral,west,1,10.85
C000588,2024-05-16,paid_social,east,0,36.69
C000589,2024-01-22,paid_social,east,0,29.76
C000590,2023-04-24,paid_search,west,1,40.88
C000591,2024-02-15,paid_social,north,0,37.73
C000592,2024-03-03,paid_social,north,1,35.39
C000593,2025-02-11,affiliate,north,0,30.97
C000594,2023-12-13,organic,south,1,20.5
C000595,2023-12-23,paid_social,north,1,40.09
C000596,2023-01-28,organic,east,1,16.25
C000597,2023-03-09,paid_search,north,0,42.79
C000598,2023-07-01,paid_search,south,1,42.18
C000599,2024-11-20,organic,south,0,10.09
C000600,2023-05-01,paid_social,west,1,33.02
C000601,2023-02-02,referral,west,1,20.47
C000602,2025-02-06,referral,west,1,22.78
C000603,2024-10-02,paid_search,west,0,37.53
C000604,2023-08-21,affiliate,north,1,19.41
C000605,2023-12-03,referral,south,1,15.57
C000606,2024-03-31,referral,north,1,9.41
C000607,2023-01-24,organic,west,1,12.38
C000608,2024-06-16,referral,north,0,10.38
C000609,2023-11-15,organic,north,1,11.71
C000610,2023-02-17,paid_search,east,1,32.97
C000611,2024-09-04,paid_search,north,1,38.46
C000612,2025-02-27,organic,west,0,3.57
C000613,2023-02-06,organic,east,1,14.02
C000614,2023-07-30,paid_search,south,1,49.03
C000615,2025-01-15,organic,north,0,11.61
C000616,2023-06-26,organic,north,1,8.78
C000617,2023-02-26,paid_social,south,1,29.39
C000618,2023-09-24,paid_search,south,0,45.78
C000619,2024-04-08,paid_search,west,1,47.47
C000620,2024-05-08,paid_search,north,1,33.59
C000621,2023-06-23,paid_social,west,1,40.26
C000622,2025-02-19,paid_social,south,1,30.59
C000623,2025-02-27,affiliate,south,1,22.66
C000624,2023-02-28,paid_search,west,1,35.98
C000625,2024-12-16,paid_search,west,1,44.02
C000626,2024-07-24,paid_social,west,1,24.6
C000627,2023-03-09,paid_social,south,1,36.07
C000628,2023-06-08,paid_search,south,0,42.19
C000629,2024-04-25,affiliate,east,1,26.26
C000630,2024-02-29,paid_search,south,1,51.28
C000631,2023-08-21,paid_social,south,1,39.68
C000632,2023-05-27,paid_social,west,1,40.18
C000633,2025-01-24,affiliate,east,1,25.36
C000634,2023-01-11,organic,west,0,6.61
C000635,2023-03-01,paid_search,west,1,47.45
C000636,2024-07-05,organic,north,1,10.33
C000637,2023-05-05,paid_search,west,1,43.95
C000638,2024-11-10,paid_social,west,1,41.87
C000639,2024-03-11,paid_search,north,0,33.91
C000640,2023-05-29,organic,north,1,6.71
C000641,2024-07-12,paid_social,east,0,27.81
C000642,2023-02-07,paid_search,east,0,40.89
C000643,2024-11-04,affiliate,east,1,19.05
C000644,2024-01-10,organic,north,1,7.45
C000645,2024-08-01,organic,east,1,10.25
C000646,2024-09-07,paid_search,north,1,37.75
C000647,2024-05-22,paid_search,south,1,40.25
C000648,2024-08-12,paid_search,east,1,49.61
C000649,2023-01-31,paid_search,east,0,39.84
C000650,2024-06-04,referral,east,0,9.34
C000651,2023-03-20,organic,west,1,9.81
C000652,2023-08-09,referral,west,1,14.49
C000653,2023-12-16,paid_search,north,1,46.98
C000654,2024-01-07,paid_social,west,0,33.32
C000655,2023-11-11,paid_social,north,0,43.3
C000656,2024-07-09,referral,east,0,19.03
C000657,2024-11-19,organic,north,0,4.3
C000658,2024-03-24,organic,north,1,5.43
C000659,2024-09-13,organic,east,0,2.26
C000660,2024-05-05,affiliate,west,0,22.49
C000661,2023-02-17,paid_search,east,0,39.82
C000662,2023-10-12,paid_search,north,1,40.25
C000663,2024-02-14,organic,east,1,12.37
C000664,2024-12-14,paid_search,north,1,50.42
C000665,2023-05-29,paid_social,south,1,36.03
C000666,2023-12-14,paid_search,east,1,39.52
C000667,2024-09-14,paid_search,north,1,43.42
C000668,2024-04-04,referral,north,0,20.67
C000669,2023-08-21,paid_social,east,1,40.48
C000670,2024-03-29,paid_search,north,0,40.58
C000671,2024-01-05,paid_search,west,1,39.99
C000672,2024-10-05,affiliate,east,1,33.88
C000673,2023-07-10,paid_search,south,1,45.37
C000674,2024-09-23,paid_search,west,1,41.78
C000675,2024-12-21,affiliate,west,0,28.04
C000676,2024-06-16,organic,east,1,5.25
C000677,2023-05-16,paid_social,south,1,31.73
C000678,2023-07-27,paid_social,south,0,29.08
C000679,2024-01-23,organic,west,0,13.67
C000680,2023-05-01,paid_social,north,0,25.75
C000681,2023-07-17,referral,north,0,9.1
C000682,2024-03-18,affiliate,east,1,35.29
C000683,2023-07-26,paid_search,east,0,44.13
C000684,2024-04-18,organic,west,0,18.34
C000685,2023-03-21,affiliate,south,0,26.39
C000686,2024-12-19,organic,north,1,12.18
C000687,2023-10-25,paid_search,west,0,40.41
C000688,2023-04-25,organic,south,1,2.0
C000689,2024-02-28,affiliate,east,1,30.88
C000690,2024-04-22,paid_social,west,0,38.43
C000691,2023-03-23,paid_search,south,1,53.5
C000692,2023-05-17,paid_search,east,0,45.83
C000693,2025-01-24,paid_social,south,1,34.06
C000694,2025-02-24,organic,south,1,9.85
C000695,2025-02-08,organic,south,1,5.79
C000696,2024-12-21,organic,north,1,11.82
C000697,2023-11-17,paid_social,south,1,35.27
C000698,2024-09-07,organic,west,1,6.67
C000699,2023-08-18,affiliate,east,0,13.7
C000700,2023-08-01,affiliate,north,0,35.42
C000701,2025-02-07,organic,south,1,12.69
C000702,2023-12-08,paid_search,west,1,43.16
C000703,2025-02-01,affiliate,west,1,31.42
C000704,2023-02-08,paid_social,south,1,34.2
C000705,2024-12-21,organic,north,0,16.51
C000706,2024-04-26,paid_search,north,1,42.22
C000707,2023-05-24,affiliate,east,1,27.68
C000708,2023-08-01,paid_search,west,1,44.94
C000709,2023-07-19,affiliate,north,0,23.42
C000710,2024-06-18,paid_search,west,1,44.1
C000711,2024-02-22,paid_search,south,1,49.19
C000712,2023-01-05,paid_social,north,1,31.72
C000713,2024-05-02,paid_search,north,1,42.17
C000714,2023-08-13,referral,north,0,8.44
C000715,2023-12-27,organic,south,1,3.05
C000716,2025-01-09,referral,south,1,15.76
C000717,2024-02-28,organic,east,1,5.65
C000718,2023-11-27,referral,east,0,17.11
C000719,2023-06-30,paid_search,north,0,41.96
C000720,2023-03-22,paid_search,south,0,38.73
C000721,2024-05-15,organic,west,1,2.0
C000722,2023-02-10,affiliate,south,0,30.46
C000723,2023-08-24,affiliate,east,0,34.01
C000724,2023-03-27,paid_social,east,1,38.92
C000725,2023-05-12,paid_social,west,0,24.83
C000726,2023-09-12,organic,south,1,10.52
C000727,2024-06-10,paid_social,south,1,33.49
C000728,2023-04-06,affiliate,south,1,27.59
C000729,2024-08-21,referral,west,1,9.83
C000730,2023-08-29,paid_social,west,1,30.45
C000731,2023-10-31,referral,south,1,13.94
C000732,2023-09-10,paid_search,east,0,37.2
C000733,2024-08-05,organic,north,0,9.03
C000734,2023-02-15,paid_search,east,1,49.9
C000735,2024-05-13,paid_social,south,0,34.86
C000736,2023-05-31,paid_social,east,0,35.78
C000737,2023-03-08,paid_social,west,1,33.68
C000738,2023-09-11,organic,east,1,2.0
C000739,2024-05-20,organic,north,1,3.23
C000740,2023-02-23,paid_social,east,0,41.78
C000741,2023-09-22,paid_social,north,0,28.87
C000742,2024-05-24,referral,north,1,15.53
C000743,2023-08-17,referral,north,0,10.15
C000744,2023-03-11,paid_social,south,1,36.21
C000745,2024-02-06,paid_search,east,1,31.2
C000746,2023-12-20,affiliate,south,0,30.19
C000747,2023-04-15,referral,south,1,6.93
C000748,2024-08-03,organic,south,0,10.62
C000749,2024-03-11,organic,west,1,8.01
C000750,2024-11-29,paid_search,north,0,39.16
C000751,2024-07-25,organic,south,0,11.56
C000752,2024-10-08,paid_search,west,0,37.62
C000753,2023-08-03,organic,west,1,2.0
C000754,2023-10-02,paid_social,north,0,34.67
C000755,2024-01-01,paid_search,east,1,32.8
C000756,2023-01-03,organic,west,1,4.62
C000757,2024-04-06,paid_social,east,1,43.55
C000758,2024-11-22,affiliate,south,0,28.91
C000759,2023-03-06,organic,east,0,2.0
C000760,2023-12-01,affiliate,north,0,27.66
C000761,2023-11-01,affiliate,south,1,23.4
C000762,2023-11-02,paid_search,north,1,45.01
C000763,2023-02-03,paid_search,east,1,45.55
C000764,2023-07-21,affiliate,west,1,27.12
C000765,2023-07-27,paid_social,east,1,32.9
C000766,2023-12-10,organic,east,0,12.25
C000767,2024-04-23,paid_search,south,1,47.77
C000768,2023-05-11,referral,south,0,20.69
C000769,2024-03-07,paid_search,west,1,40.71
C000770,2024-02-01,paid_social,east,1,32.12
C000771,2023-08-29,affiliate,east,0,24.29
C000772,2023-05-28,affiliate,south,1,19.09
C000773,2024-07-25,paid_search,north,1,29.8
C000774,2023-05-01,referral,south,1,13.73
C000775,2023-04-17,paid_search,north,1,38.83
C000776,2023-04-11,organic,south,1,3.66
C000777,2025-02-14,organic,west,0,6.69
C000778,2024-10-11,organic,south,1,9.2
C000779,2023-01-23,organic,south,1,5.74
C000780,2024-11-17,paid_social,east,0,39.18
C000781,2023-11-13,paid_social,north,1,35.66
C000782,2023-08-21,organic,east,1,8.24
C000783,2024-11-11,referral,east,1,9.17
C000784,2023-02-12,affiliate,east,0,26.44
C000785,2023-08-30,organic,east,1,6.21
C000786,2024-01-23,paid_search,west,1,39.1
C000787,2024-07-04,organic,north,0,16.28
C000788,2023-11-26,paid_search,east,1,50.19
C000789,2024-10-17,affiliate,north,1,22.95
C000790,2024-06-04,paid_search,south,0,48.24
C000791,2023-05-30,referral,south,0,9.35
C000792,2024-02-14,organic,east,1,5.34
C000793,2023-01-24,referral,north,1,11.32
C000794,2024-07-05,affiliate,west,1,27.44
C000795,2023-04-16,referral,south,1,22.22
C000796,2024-07-03,affiliate,east,0,42.26
C000797,2024-04-21,referral,east,0,16.68
C000798,2023-09-07,paid_search,south,0,44.93
C000799,2024-05-13,paid_search,north,1,50.29
C000800,2024-01-07,referral,north,1,11.64
C000801,2024-01-16,paid_search,west,1,33.03
C000802,2023-04-17,organic,north,0,7.26
C000803,2023-11-09,affiliate,south,1,27.85
C000804,2024-10-06,paid_social,west,1,41.71
C000805,2023-09-23,organic,south,1,10.91
C000806,2023-08-10,referral,west,0,13.04
C000807,2023-04-19,organic,north,1,6.3
C000808,2023-02-01,organic,north,1,4.76
C000809,2024-05-02,paid_search,north,0,44.97
C000810,2023-01-14,referral,west,0,4.91
C000811,2023-11-13,paid_social,west,0,36.51
C000812,2024-02-21,paid_social,west,1,39.86
C000813,2024-05-28,paid_search,west,1,36.93
C000814,2024-06-22,paid_search,east,1,39.71
C000815,2023-12-09,paid_search,south,0,47.27
C000816,2024-10-17,affiliate,west,0,26.26
C000817,2023-02-06,paid_social,east,0,33.8
C000818,2024-10-29,paid_search,north,1,52.71
C000819,2023-06-16,organic,south,1,12.58
C000820,2023-10-08,paid_search,south,1,48.58
C000821,2024-08-16,organic,west,0,2.15
C000822,2023-09-10,referral,east,1,16.89
C000823,2023-04-22,paid_search,north,1,35.52
C000824,2025-01-01,referral,west,0,9.92
C000825,2024-06-14,affiliate,east,1,24.85
C000826,2023-01-15,organic,north,1,17.74
C000827,2024-10-28,paid_social,south,1,42.08
C000828,2023-01-25,paid_search,east,1,37.56
C000829,2023-05-01,paid_search,east,1,41.55
C000830,2023-05-09,referral,south,0,13.91
C000831,2024-05-10,paid_social,south,0,28.35
C000832,2024-04-23,paid_social,north,1,42.03
C000833,2024-07-06,paid_search,north,0,50.87
C000834,2023-08-11,affiliate,south,0,28.85
C000835,2025-01-16,paid_social,north,1,33.25
C000836,2023-08-21,paid_search,west,1,48.16
C000837,2024-09-25,paid_social,north,1,35.62
C000838,2024-03-06,paid_social,south,1,35.33
C000839,2024-06-14,paid_search,west,0,50.69
C000840,2025-02-25,organic,east,1,15.83
C000841,2023-07-26,paid_search,west,1,41.92
C000842,2024-08-31,affiliate,north,1,36.02
C000843,2024-12-02,organic,north,0,14.14
C000844,2023-02-24,paid_social,west,1,29.78
C000845,2023-08-24,organic,west,1,8.99
C000846,2023-11-01,paid_search,south,1,46.88
C000847,2024-08-01,organic,south,1,19.04
C000848,2024-01-23,affiliate,east,1,31.69
C000849,2024-05-06,paid_social,east,1,41.32
C000850,2024-08-08,paid_social,east,1,29.36
C000851,2023-07-24,organic,south,0,11.21
C000852,2024-03-19,paid_search,west,0,39.0
C000853,2023-07-29,affiliate,east,0,19.37
C000854,2024-10-25,paid_search,north,1,37.71
C000855,2023-12-16,paid_search,north,0,45.27
C000856,2023-02-27,organic,north,1,12.53
C000857,2024-05-31,paid_search,north,0,45.59
C000858,2024-02-16,paid_search,east,1,38.51
C000859,2023-03-01,affiliate,south,1,32.38
C000860,2023-12-02,organic,north,1,3.75
C000861,2023-11-10,paid_social,south,1,28.85
C000862,2024-04-01,paid_social,north,1,41.23
C000863,2024-11-22,paid_search,east,1,39.39
C000864,2023-11-24,referral,north,1,17.85
C000865,2023-03-21,organic,south,1,2.0
C000866,2023-10-25,paid_social,east,1,43.19
C000867,2024-01-26,affiliate,north,0,31.17
C000868,2024-12-25,paid_search,west,1,35.86
C000869,2023-08-26,paid_search,north,1,34.22
C000870,2024-05-22,referral,west,1,11.73
C000871,2024-10-16,paid_search,north,1,48.17
C000872,2023-09-24,affiliate,west,1,26.1
C000873,2024-10-23,paid_search,east,1,48.69
C000874,2024-11-26,paid_social,west,0,45.41
C000875,2023-12-29,paid_social,north,0,31.52
C000876,2023-02-21,paid_search,east,1,38.74
C000877,2024-07-31,affiliate,east,0,26.58
C000878,2024-12-03,referral,south,1,20.28
C000879,2023-05-25,paid_social,west,0,28.05
C000880,2023-04-11,paid_search,west,1,31.28
C000881,2024-09-11,affiliate,west,0,20.88
C000882,2024-07-27,referral,south,1,11.47
C000883,2023-06-03,affiliate,west,0,22.08
C000884,2024-09-10,organic,east,1,13.27
C000885,2024-11-18,referral,east,1,10.19
C000886,2023-06-12,organic,west,1,6.55
C000887,2023-03-29,paid_search,east,1,43.87
C000888,2023-10-10,organic,west,0,4.64
C000889,2024-06-16,organic,east,0,9.58
C000890,2024-08-05,paid_search,north,0,51.7
C000891,2024-06-01,referral,south,1,7.92
C000892,2023-05-22,organic,south,1,8.03
C000893,2024-10-15,paid_search,west,1,44.77
C000894,2023-08-31,organic,west,1,6.22
C000895,2024-04-26,organic,north,1,8.2
C000896,2024-08-05,organic,west,1,2.0
C000897,2024-05-09,paid_search,north,1,39.32
C000898,2024-02-02,paid_search,south,0,32.79
C000899,2024-05-21,affiliate,west,0,27.89
C000900,2023-11-12,affiliate,north,1,29.05
C000901,2023-10-30,paid_social,west,1,31.2
C000902,2023-01-06,referral,east,1,14.52
C000903,2024-08-12,paid_search,north,0,47.36
C000904,2024-06-20,paid_search,west,0,41.06
C000905,2024-06-11,paid_search,north,1,44.38
C000906,2024-07-05,paid_search,east,1,33.73
C000907,2024-01-06,organic,east,1,19.92
C000908,2024-04-16,referral,east,1,13.61
C000909,2024-03-12,paid_social,west,1,26.42
C000910,2023-06-18,paid_search,west,0,43.91
C000911,2024-06-22,organic,south,0,9.69
C000912,2023-08-10,affiliate,west,1,22.89
C000913,2024-05-03,organic,north,1,13.37
C000914,2023-05-25,affiliate,west,1,20.79
C000915,2025-02-21,referral,west,0,8.94
C000916,2024-07-31,referral,south,1,11.34
C000917,2025-02-25,paid_social,west,1,40.45
C000918,2024-04-28,paid_social,south,1,27.01
C000919,2024-01-26,paid_search,east,0,34.68
C000920,2024-07-20,referral,east,1,11.49
C000921,2023-11-07,affiliate,south,1,24.23
C000922,2024-10-20,paid_search,south,1,34.64
C000923,2023-06-15,organic,west,1,11.0
C000924,2024-11-11,referral,east,1,2.0
C000925,2023-10-23,organic,north,1,2.51
C000926,2023-09-24,affiliate,north,1,31.11
C000927,2023-04-17,paid_search,east,1,44.29
C000928,2023-05-22,affiliate,north,0,26.85
C000929,2023-08-28,referral,east,1,6.95
C000930,2023-07-27,organic,east,1,3.1
C000931,2024-02-21,paid_search,north,1,50.21
C000932,2024-04-10,referral,west,0,14.93
C000933,2024-09-29,organic,north,1,6.52
C000934,2024-11-15,referral,east,1,9.89
C000935,2024-01-25,referral,south,1,7.46
C000936,2025-01-13,referral,east,1,20.74
C000937,2023-10-13,affiliate,south,1,31.27
C000938,2024-03-27,paid_search,south,0,35.52
C000939,2024-08-21,affiliate,west,0,32.35
C000940,2023-03-22,affiliate,south,1,27.61
C000941,2024-07-06,paid_search,east,0,46.58
C000942,2024-03-24,organic,south,1,3.34
C000943,2024-07-08,referral,south,1,16.7
C000944,2023-10-20,paid_social,south,1,33.13
C000945,2023-03-02,organic,north,1,5.5
C000946,2023-08-28,paid_social,south,1,29.11
C000947,2024-12-25,organic,south,0,13.03
C000948,2024-02-09,organic,west,1,3.87
C000949,2024-11-07,paid_search,east,1,39.81
C000950,2025-02-23,referral,north,1,11.82
C000951,2023-11-15,referral,west,1,17.57
C000952,2023-10-03,organic,north,1,7.85
C000953,2024-12-05,referral,west,1,10.33
C000954,2024-12-21,organic,north,1,3.3
C000955,2023-01-06,affiliate,north,1,27.87
C000956,2024-10-25,paid_search,south,1,44.27
C000957,2024-01-27,organic,east,1,2.0
C000958,2023-07-21,affiliate,north,1,23.14
C000959,2024-11-20,paid_search,west,0,42.04
C000960,2024-08-16,organic,north,1,9.64
C000961,2023-04-07,paid_search,north,1,47.06
C000962,2023-06-27,organic,north,1,10.75
C000963,2023-01-08,affiliate,north,1,28.65
C000964,2024-03-29,referral,east,1,8.81
C000965,2023-09-24,paid_social,west,1,41.83
C000966,2023-11-27,affiliate,east,1,35.86
C000967,2024-08-05,referral,south,0,10.89
C000968,2024-12-27,paid_search,west,1,42.6
C000969,2024-11-05,paid_search,north,1,40.19
C000970,2024-02-21,paid_search,west,1,38.39
C000971,2024-07-01,referral,east,1,14.32
C000972,2023-01-27,paid_search,north,0,43.04
C000973,2024-08-03,paid_search,east,1,53.39
C000974,2023-05-29,organic,west,0,6.7
C000975,2023-02-12,paid_search,south,0,42.05
C000976,2024-01-18,organic,east,0,11.83
C000977,2024-06-19,organic,south,1,2.0
C000978,2023-01-22,paid_social,east,1,35.81
C000979,2023-03-11,organic,south,1,14.88
C000980,2023-08-06,referral,south,0,10.0
C000981,2023-07-13,affiliate,west,1,29.82
C000982,2023-07-11,paid_search,east,0,43.2
C000983,2023-10-22,organic,west,1,8.04
C000984,2024-12-08,paid_search,east,0,51.96
C000985,2024-07-29,paid_search,east,0,34.64
C000986,2024-09-26,paid_search,east,1,41.19
C000987,2023-07-27,paid_social,west,1,30.85
C000988,2023-08-06,organic,north,1,8.41
C000989,2024-10-30,referral,south,1,14.59
C000990,2023-04-25,referral,east,0,13.69
C000991,2024-01-26,paid_social,south,0,44.02
C000992,2023-11-17,affiliate,south,0,31.84
C000993,2023-05-04,organic,west,1,7.91
C000994,2025-02-07,affiliate,west,0,27.05
C000995,2024-07-16,organic,north,0,6.31
C000996,2024-03-02,organic,east,0,2.0
C000997,2024-07-17,paid_social,east,0,42.68
C000998,2024-10-02,affiliate,west,1,34.17
C000999,2023-11-23,referral,south,1,10.68
C001000,2024-09-15,organic,west,1,12.34
C001001,2024-06-24,organic,north,0,10.71
C001002,2024-01-13,paid_search,south,1,38.46
C001003,2023-07-23,paid_social,south,1,37.44
C001004,2023-12-22,referral,west,1,15.22
C001005,2023-02-21,referral,south,0,10.78
C001006,2024-10-18,paid_search,north,1,48.09
C001007,2024-03-27,affiliate,south,1,34.07
C001008,2023-09-27,paid_search,south,1,48.03
C001009,2024-08-05,affiliate,north,1,29.28
C001010,2023-06-15,paid_search,north,0,39.69
C001011,2023-08-16,affiliate,west,1,27.56
C001012,2024-02-11,referral,north,0,16.42
C001013,2023-03-02,paid_search,west,0,38.23
C001014,2023-03-04,referral,east,0,14.78
C001015,2024-06-16,paid_search,west,0,41.08
C001016,2023-11-06,paid_search,east,0,55.18
C001017,2024-11-06,referral,south,0,14.92
C001018,2023-09-19,referral,north,1,10.66
C001019,2024-01-03,paid_social,north,1,23.94
C001020,2023-04-27,paid_social,east,1,35.57
C001021,2023-09-23,affiliate,south,0,22.01
C001022,2023-07-16,paid_search,south,1,45.72
C001023,2023-01-07,paid_search,west,1,36.51
C001024,2024-04-12,affiliate,north,1,30.36
C001025,2024-04-25,referral,east,0,15.12
C001026,2023-05-17,affiliate,west,0,25.63
C001027,2024-11-15,paid_search,east,1,40.71
C001028,2023-08-13,paid_social,south,1,37.99
C001029,2024-11-06,paid_search,south,1,33.45
C001030,2024-10-17,paid_search,south,0,37.44
C001031,2024-05-28,organic,south,0,9.55
C001032,2024-08-26,organic,east,1,2.0
C001033,2025-02-02,paid_search,east,1,37.4
C001034,2023-10-23,affiliate,east,0,36.81
C001035,2024-05-13,organic,north,0,6.7
C001036,2024-07-25,referral,east,1,7.92
C001037,2024-05-20,paid_search,west,0,52.79
C001038,2024-08-16,paid_social,east,1,34.4
C001039,2024-01-05,organic,north,1,4.66
C001040,2023-03-27,organic,north,1,11.72
C001041,2024-05-27,paid_search,south,1,45.92
C001042,2024-07-10,organic,north,1,5.99
C001043,2023-06-05,referral,west,1,7.84
C001044,2024-06-03,paid_search,west,1,51.71
C001045,2023-09-16,paid_social,east,1,39.74
C001046,2024-08-13,paid_social,west,1,34.57
C001047,2023-05-08,organic,north,1,15.13
C001048,2024-04-19,organic,east,1,14.65
C001049,2023-05-25,paid_social,west,1,30.64
C001050,2024-02-21,affiliate,south,1,32.08
C001051,2024-09-30,paid_search,east,1,35.34
C001052,2024-03-05,paid_social,south,1,31.19
C001053,2023-07-13,paid_search,south,0,46.01
C001054,2025-02-02,paid_search,west,0,37.36
C001055,2023-03-31,paid_social,north,0,42.21
C001056,2024-01-28,paid_social,west,0,40.19
C001057,2024-08-03,organic,south,1,2.0
C001058,2023-06-16,organic,west,1,5.41
C001059,2024-04-25,paid_social,north,1,40.98
C001060,2025-01-17,affiliate,north,0,28.75
C001061,2023-11-19,organic,west,1,8.79
C001062,2024-03-09,affiliate,west,0,26.99
C001063,2024-04-16,paid_search,east,1,43.01
C001064,2025-02-11,referral,east,1,13.31
C001065,2025-01-15,organic,north,1,6.85
C001066,2024-05-19,referral,south,1,16.22
C001067,2024-03-27,referral,south,1,14.22
C001068,2024-11-01,organic,east,1,7.24
C001069,2024-06-26,paid_social,south,0,33.05
C001070,2023-10-08,referral,east,1,14.76
C001071,2024-03-15,paid_social,south,1,37.73
C001072,2023-03-16,organic,north,0,7.48
C001073,2023-03-31,affiliate,south,1,34.86
C001074,2023-09-16,organic,east,1,2.0
C001075,2023-06-15,paid_search,north,1,40.46
C001076,2023-02-23,referral,west,1,21.43
C001077,2023-07-08,paid_social,east,1,32.62
C001078,2023-08-29,paid_search,south,1,47.74
C001079,2024-05-04,referral,north,1,15.85
C001080,2024-12-12,referral,west,0,15.22
C001081,2024-08-12,affiliate,south,1,25.22
C001082,2023-03-01,paid_search,north,1,45.5
C001083,2024-08-03,paid_social,north,1,37.74
C001084,2024-04-03,organic,south,0,3.3
C001085,2023-07-15,affiliate,north,1,29.09
C001086,2024-02-24,organic,west,1,5.51
C001087,2023-09-24,paid_social,west,0,35.79
C001088,2024-04-20,paid_social,south,0,31.99
C001089,2023-02-16,paid_social,west,1,33.75
C001090,2024-03-17,paid_search,east,0,36.48
C001091,2024-10-02,paid_social,south,0,33.99
C001092,2024-02-24,organic,west,1,8.51
C001093,2023-11-05,affiliate,east,1,32.57
C001094,2024-11-13,paid_social,west,1,33.54
C001095,2024-08-28,organic,north,1,12.29
C001096,2023-08-19,organic,north,1,2.0
C001097,2023-11-26,organic,south,1,9.73
C001098,2024-09-30,paid_social,west,1,28.87
C001099,2024-03-25,paid_social,west,1,37.25
C001100,2023-12-23,referral,west,1,20.1
C001101,2023-11-17,affiliate,west,1,32.34
C001102,2024-08-06,affiliate,south,1,32.41
C001103,2024-12-29,paid_search,east,1,48.98
C001104,2023-11-21,paid_search,east,0,35.81
C001105,2024-06-12,paid_search,west,1,38.98
C001106,2024-10-22,paid_search,south,0,45.41
C001107,2024-09-28,referral,south,1,6.09
C001108,2024-11-21,paid_social,south,1,26.44
C001109,2023-09-09,paid_search,east,0,42.18
C001110,2023-03-05,organic,east,1,7.03
C001111,2024-06-21,organic,south,0,9.59
C001112,2024-05-26,paid_social,north,1,39.14
C001113,2024-01-01,paid_search,east,1,33.24
C001114,2025-02-04,paid_search,north,0,41.84
C001115,2024-01-01,paid_social,south,0,28.64
C001116,2023-03-10,organic,west,0,14.82
C001117,2024-04-08,referral,east,1,12.95
C001118,2023-06-21,organic,north,1,13.48
C001119,2025-01-14,organic,west,1,9.46
C001120,2023-12-20,referral,south,0,15.72
C001121,2024-12-23,organic,west,1,2.0
C001122,2023-01-10,organic,east,1,9.05
C001123,2024-03-23,organic,east,0,2.0
C001124,2024-10-12,referral,west,0,12.53
C001125,2024-05-15,organic,east,1,3.43
C001126,2024-02-01,paid_search,north,1,35.93
C001127,2023-04-06,organic,west,1,4.58
C001128,2023-11-11,paid_search,west,0,46.83
C001129,2024-12-21,affiliate,west,1,20.57
C001130,2024-09-08,paid_search,west,1,49.83
C001131,2023-08-12,affiliate,west,1,24.09
C001132,2024-01-11,paid_search,west,0,38.77
C001133,2025-02-10,paid_social,north,1,36.51
C001134,2024-02-01,organic,north,0,10.94
C001135,2024-11-10,paid_social,south,1,26.43
C001136,2024-09-20,affiliate,west,1,33.8
C001137,2023-11-21,paid_search,east,1,37.01
C001138,2025-01-21,organic,south,0,5.92
C001139,2023-05-30,referral,east,1,13.46
C001140,2023-11-09,organic,north,1,18.59
C001141,2023-02-24,organic,north,1,12.2
C001142,2024-04-13,paid_search,east,1,47.93
C001143,2024-08-18,organic,east,1,6.48
C001144,2023-03-05,paid_social,south,1,36.55
C001145,2023-04-05,affiliate,south,0,23.37
C001146,2024-03-04,paid_search,south,0,39.25
C001147,2023-12-12,organic,south,1,10.6
C001148,2024-04-30,paid_search,east,0,44.12
C001149,2024-07-20,paid_search,north,0,42.78
C001150,2024-02-23,paid_search,east,1,44.11
C001151,2024-03-22,paid_social,north,1,40.7
C001152,2024-12-27,organic,north,1,8.76
C001153,2023-01-05,paid_social,east,1,29.88
C001154,2025-02-26,paid_search,east,1,41.59
C001155,2023-11-30,referral,west,1,10.15
C001156,2023-02-15,paid_social,west,0,43.74
C001157,2023-06-28,paid_search,north,1,40.53
C001158,2023-12-13,paid_social,east,1,33.59
C001159,2023-02-05,organic,west,1,10.26
C001160,2023-01-04,paid_search,north,1,39.99
C001161,2023-02-10,paid_social,east,0,29.21
C001162,2023-10-20,referral,north,1,7.26
C001163,2024-01-03,paid_social,east,1,30.79
C001164,2023-09-17,paid_search,south,0,41.81
C001165,2023-03-10,organic,north,1,5.26
C001166,2024-06-19,paid_search,west,0,51.97
C001167,2024-08-26,paid_search,east,0,37.29
C001168,2024-12-17,affiliate,east,0,35.05
C001169,2024-06-07,paid_social,east,1,33.71
C001170,2024-10-10,organic,north,1,10.5
C001171,2024-09-04,referral,north,1,15.13
C001172,2025-01-16,paid_social,east,1,40.57
C001173,2023-03-09,affiliate,east,1,28.58
C001174,2023-12-10,affiliate,east,0,33.45
C001175,2023-12-10,paid_social,north,1,37.7
C001176,2024-11-17,paid_social,east,1,35.3
C001177,2024-07-02,paid_search,west,1,35.09
C001178,2024-06-04,paid_social,north,1,35.06
C001179,2023-08-06,paid_social,east,0,34.05
C001180,2024-07-13,affiliate,north,0,24.74
C001181,2024-10-15,affiliate,east,0,27.35
C001182,2024-10-29,organic,east,1,4.09
C001183,2023-04-25,referral,west,1,11.13
C001184,2023-05-08,organic,west,1,7.73
C001185,2023-02-28,paid_search,east,1,43.89
C001186,2023-03-18,paid_social,west,1,36.32
C001187,2023-02-20,paid_search,east,1,36.4
C001188,2025-01-09,referral,west,1,18.73
C001189,2024-05-30,paid_social,north,1,41.42
C001190,2025-02-24,organic,north,1,12.54
C001191,2024-10-26,paid_social,west,0,31.31
C001192,2025-01-13,paid_search,north,1,55.99
C001193,2024-02-22,affiliate,west,0,30.92
C001194,2024-01-29,paid_social,north,1,36.5
C001195,2023-12-18,organic,east,1,14.45
C001196,2023-12-14,affiliate,south,1,17.66
C001197,2025-01-07,paid_search,west,1,43.44
C001198,2023-08-24,paid_search,west,0,46.12
C001199,2023-12-14,affiliate,north,1,21.49
C001200,2023-09-04,paid_social,north,0,25.36
C001201,2024-05-20,paid_search,south,1,40.96
C001202,2023-06-07,affiliate,east,1,26.11
C001203,2024-04-02,paid_search,east,0,32.34
C001204,2025-01-03,affiliate,east,1,25.5
C001205,2024-11-09,paid_social,south,1,30.57
C001206,2023-06-13,organic,south,1,2.0
C001207,2024-08-16,paid_social,east,1,29.11
C001208,2024-06-18,paid_search,south,1,44.58
C001209,2025-01-01,organic,east,0,2.63
C001210,2023-11-29,paid_social,north,1,36.64
C001211,2024-05-09,organic,south,1,4.98
C001212,2024-09-22,paid_social,west,1,41.56
C001213,2024-10-02,referral,north,0,3.56
C001214,2024-07-15,organic,east,1,16.58
C001215,2023-09-24,paid_social,east,0,30.69
C001216,2024-09-14,paid_search,east,1,45.99
C001217,2024-08-13,referral,north,0,16.33
C001218,2023-04-07,referral,north,1,9.11
C001219,2023-05-30,paid_search,west,1,44.86
C001220,2023-05-26,referral,west,1,4.36
C001221,2025-01-07,organic,east,1,16.61
C001222,2023-08-30,paid_search,north,1,48.59
C001223,2025-02-03,organic,south,0,14.27
C001224,2023-02-25,paid_search,west,1,54.6
C001225,2023-08-23,organic,south,0,9.78
C001226,2023-02-24,organic,south,1,8.73
C001227,2023-05-03,paid_social,west,0,42.33
C001228,2023-04-14,referral,south,1,6.1
C001229,2024-07-13,organic,north,0,2.0
C001230,2025-02-10,affiliate,west,1,30.74
C001231,2025-01-08,organic,east,0,7.5
C001232,2025-01-17,affiliate,east,1,30.01
C001233,2024-11-05,paid_search,east,1,43.62
C001234,2024-08-28,affiliate,north,1,26.41
C001235,2023-01-12,organic,east,1,4.98
C001236,2024-10-07,organic,north,1,2.0
C001237,2024-06-16,affiliate,south,1,27.31
C001238,2024-12-24,paid_search,east,1,38.06
C001239,2024-04-17,organic,north,0,4.75
C001240,2024-10-03,organic,west,1,2.0
C001241,2023-04-04,referral,west,1,18.52
C001242,2023-08-30,organic,south,1,14.2
C001243,2024-05-24,organic,west,1,3.28
C001244,2024-01-10,paid_social,west,1,28.23
C001245,2023-03-25,paid_search,east,1,47.21
C001246,2024-01-18,paid_search,south,0,40.96
C001247,2023-12-21,referral,south,1,13.11
C001248,2024-11-29,paid_social,south,1,32.77
C001249,2023-03-10,paid_search,north,1,43.91
C001250,2025-02-07,paid_social,north,1,29.06
C001251,2024-11-24,paid_social,east,1,39.59
C001252,2024-08-01,paid_social,east,1,36.46
C001253,2023-10-02,referral,north,1,13.6
C001254,2023-10-05,organic,north,0,8.69
C001255,2023-04-07,paid_social,west,1,28.99
C001256,2024-11-17,paid_social,east,1,45.48
C001257,2024-04-24,paid_social,north,0,30.16
C001258,2024-05-25,organic,north,0,4.3
C001259,2024-03-07,referral,south,1,17.2
C001260,2024-03-08,paid_search,west,1,41.37
C001261,2023-03-30,referral,east,0,21.12
C001262,2024-02-01,referral,west,1,6.38
C001263,2024-03-17,paid_search,south,1,39.3
C001264,2023-09-07,paid_social,south,0,21.55
C001265,2023-11-26,referral,north,1,17.39
C001266,2023-02-19,organic,south,1,7.65
C001267,2023-07-07,paid_social,north,0,39.74
C001268,2024-11-20,referral,north,1,22.6
C001269,2023-03-30,affiliate,east,1,35.99
C001270,2024-02-05,referral,west,1,11.98
C001271,2024-02-22,affiliate,south,0,28.59
C001272,2023-11-18,referral,east,1,15.26
C001273,2023-03-13,paid_social,north,1,39.11
C001274,2024-08-02,affiliate,north,1,21.35
C001275,2025-02-13,organic,north,0,9.27
C001276,2024-03-23,paid_social,north,0,42.04
C001277,2024-09-15,organic,north,0,14.35
C001278,2024-01-25,paid_social,west,1,30.96
C001279,2023-05-14,referral,east,1,21.52
C001280,2023-05-19,paid_search,west,0,39.39
C001281,2024-09-11,paid_search,south,1,43.32
C001282,2024-10-06,referral,west,1,9.8
C001283,2023-11-30,organic,west,1,3.3
C001284,2023-09-13,paid_search,south,0,36.35
C001285,2023-03-27,organic,west,1,6.2
C001286,2024-10-23,referral,east,1,8.86
C001287,2024-04-20,referral,west,1,13.48
C001288,2023-02-10,referral,north,1,17.0
C001289,2023-03-29,referral,west,0,21.27
C001290,2024-06-25,paid_social,north,0,39.43
C001291,2024-05-09,paid_social,east,1,38.17
C001292,2023-12-21,paid_search,west,1,45.84
C001293,2023-05-25,organic,north,1,6.24
C001294,2024-01-14,paid_social,west,1,31.07
C001295,2024-08-25,paid_search,west,1,44.32
C001296,2023-02-09,paid_social,south,1,22.22
C001297,2023-08-18,paid_search,south,1,43.47
C001298,2023-04-30,organic,south,1,2.02
C001299,2023-12-04,referral,east,1,22.72
C001300,2024-06-13,referral,south,1,20.87
C001301,2024-10-26,paid_social,east,0,26.41
C001302,2023-02-01,paid_search,north,1,31.19
C001303,2025-01-23,organic,south,0,2.6
C001304,2024-12-06,referral,west,1,13.58
C001305,2024-09-14,paid_social,west,0,38.61
C001306,2024-12-07,referral,south,1,20.36
C001307,2024-11-22,organic,west,1,16.37
C001308,2025-01-30,referral,south,1,13.71
C001309,2023-02-23,organic,east,1,2.15
C001310,2024-03-26,paid_social,north,0,33.16
C001311,2025-02-09,referral,south,1,9.19
C001312,2024-11-04,organic,north,1,2.0
C001313,2023-02-22,affiliate,south,1,32.29
C001314,2024-01-11,paid_search,east,1,33.07
C001315,2024-12-21,organic,west,1,2.0
C001316,2024-03-13,paid_social,south,0,30.54
C001317,2023-08-29,paid_search,west,1,34.32
C001318,2023-09-20,organic,south,1,2.0
C001319,2023-04-29,paid_social,north,1,39.99
C001320,2024-02-28,referral,north,1,13.02
C001321,2024-07-24,affiliate,east,1,28.54
C001322,2023-05-13,paid_social,west,1,32.6
C001323,2024-04-07,affiliate,east,0,34.62
C001324,2024-01-19,paid_social,north,1,34.11
C001325,2024-06-22,referral,west,1,14.58
C001326,2024-05-03,paid_search,west,1,43.66
C001327,2023-08-24,affiliate,north,1,36.1
C001328,2024-12-30,paid_search,west,1,43.25
C001329,2023-05-17,organic,east,0,10.4
C001330,2024-02-08,organic,south,1,2.27
C001331,2023-04-05,organic,south,1,5.94
C001332,2024-03-03,paid_social,east,0,44.13
C001333,2024-12-02,paid_social,east,0,36.37
C001334,2024-08-10,organic,south,1,24.38
C001335,2024-02-07,paid_social,west,0,37.07
C001336,2023-05-20,referral,west,1,16.77
C001337,2023-09-10,paid_social,west,1,29.32
C001338,2024-11-22,affiliate,west,0,25.97
C001339,2024-10-21,paid_search,south,0,38.38
C001340,2024-02-15,affiliate,east,1,25.14
C001341,2023-02-18,paid_social,north,1,33.53
C001342,2024-07-01,organic,west,0,2.0
C001343,2023-05-03,referral,east,0,19.57
C001344,2023-10-20,organic,north,1,8.36
C001345,2023-09-06,referral,east,1,13.99
C001346,2024-09-27,paid_search,east,0,38.6
C001347,2024-12-25,organic,east,0,16.54
C001348,2024-05-28,referral,north,1,9.47
C001349,2023-07-07,referral,east,1,2.0
C001350,2024-12-17,organic,north,0,8.15
C001351,2023-01-12,affiliate,east,1,30.77
C001352,2023-03-17,organic,north,1,2.0
C001353,2024-05-06,organic,west,1,12.52
C001354,2024-11-04,referral,west,1,16.5
C001355,2024-12-07,paid_social,north,1,36.56
C001356,2024-08-31,organic,west,1,11.67
C001357,2023-03-27,paid_search,west,1,42.94
C001358,2023-01-04,paid_social,south,1,31.37
C001359,2024-04-08,paid_social,north,0,39.07
C001360,2023-12-07,affiliate,north,0,22.15
C001361,2024-04-25,affiliate,south,1,23.49
C001362,2023-03-18,referral,south,1,15.32
C001363,2024-10-13,paid_search,east,1,42.46
C001364,2023-09-14,paid_search,east,1,31.47
C001365,2023-08-30,affiliate,east,1,21.71
C001366,2023-03-18,affiliate,south,0,21.88
C001367,2024-09-06,referral,east,1,5.08
C001368,2024-02-15,paid_social,west,1,37.74
C001369,2024-03-21,organic,east,0,11.72
C001370,2023-07-09,paid_search,west,1,43.8
C001371,2023-11-30,affiliate,south,1,30.18
C001372,2023-09-16,paid_search,west,1,38.25
C001373,2024-09-23,paid_search,west,1,44.71
C001374,2023-03-26,paid_social,north,1,39.13
C001375,2025-02-17,organic,east,1,2.0
C001376,2023-02-04,paid_social,north,0,47.44
C001377,2023-01-28,organic,south,0,2.41
C001378,2024-03-29,organic,south,1,11.02
C001379,2023-10-30,paid_search,north,1,28.91
C001380,2023-01-05,affiliate,north,1,18.26
C001381,2025-02-09,organic,north,1,9.83
C001382,2024-03-01,organic,north,1,4.44
C001383,2023-07-15,referral,south,1,12.59
C001384,2024-04-23,organic,east,1,2.39
C001385,2024-01-23,paid_search,north,1,46.57
C001386,2024-04-28,affiliate,west,1,28.54
C001387,2023-05-21,organic,west,1,3.04
C001388,2023-06-19,organic,west,0,6.53
C001389,2024-09-23,organic,south,1,5.38
C001390,2025-02-07,organic,west,1,2.0
C001391,2024-01-05,organic,east,0,4.27
C001392,2023-02-21,paid_search,south,0,48.85
C001393,2023-10-11,affiliate,west,0,35.61
C001394,2024-11-08,referral,north,1,17.62
C001395,2023-12-16,referral,west,1,14.63
C001396,2024-07-02,paid_search,south,1,37.86
C001397,2024-12-24,organic,west,1,9.28
C001398,2023-02-23,organic,west,1,2.0
C001399,2023-01-05,affiliate,east,1,34.55
C001400,2024-01-21,organic,north,0,6.53
C001401,2024-02-21,affiliate,west,1,23.64
C001402,2024-08-31,affiliate,east,1,34.51
C001403,2024-08-15,paid_social,south,0,31.85
C001404,2023-01-16,organic,north,1,16.79
C001405,2024-08-28,referral,west,1,15.52
C001406,2024-07-21,affiliate,west,0,36.02
C001407,2024-10-13,affiliate,west,1,30.19
C001408,2023-09-07,affiliate,west,1,33.27
C001409,2023-01-07,paid_social,north,1,25.57
C001410,2023-01-01,paid_search,south,1,42.01
C001411,2024-08-02,paid_social,west,1,30.89
C001412,2025-01-29,referral,west,1,10.5
C001413,2024-03-04,paid_social,south,1,36.94
C001414,2024-11-07,organic,west,1,10.35
C001415,2024-03-23,paid_social,south,0,42.17
C001416,2024-12-17,organic,south,1,11.3
C001417,2023-04-08,paid_search,north,1,44.09
C001418,2025-02-01,paid_search,north,1,40.31
C001419,2024-10-04,organic,west,1,10.32
C001420,2023-08-25,paid_search,east,1,39.38
C001421,2024-09-24,referral,east,0,9.47
C001422,2023-10-12,affiliate,south,1,32.0
C001423,2023-10-17,organic,west,0,16.59
C001424,2023-05-05,paid_search,south,1,39.86
C001425,2023-10-17,referral,west,1,14.31
C001426,2023-06-21,paid_search,west,1,41.66
C001427,2023-08-14,organic,east,1,7.4
C001428,2024-08-02,paid_search,west,1,41.28
C001429,2024-07-22,paid_social,south,1,37.21
C001430,2023-08-22,organic,east,1,5.81
C001431,2024-01-10,paid_social,east,1,31.86
C001432,2023-07-26,paid_social,west,1,32.41
C001433,2023-08-12,paid_social,east,0,35.49
C001434,2024-09-30,organic,north,1,3.0
C001435,2023-11-12,referral,east,1,11.77
C001436,2024-05-21,organic,west,1,15.15
C001437,2024-11-13,organic,east,1,9.0
C001438,2023-03-13,referral,north,1,13.99
C001439,2025-02-27,referral,east,1,12.32
C001440,2023-08-12,paid_search,south,1,39.47
C001441,2024-11-28,referral,west,1,20.85
C001442,2023-04-12,organic,north,0,8.01
C001443,2025-01-14,organic,south,0,15.23
C001444,2024-05-15,paid_search,south,1,48.26
C001445,2023-11-04,paid_social,west,0,36.53
C001446,2023-04-02,paid_search,east,1,43.35
C001447,2024-08-02,paid_social,west,0,34.47
C001448,2024-08-31,paid_search,west,1,42.06
C001449,2024-02-05,paid_search,west,1,44.39
C001450,2024-05-12,organic,west,1,2.88
C001451,2023-09-10,paid_social,east,1,32.17
C001452,2023-01-22,referral,east,1,22.46
C001453,2024-08-17,paid_search,west,1,48.91
C001454,2023-10-22,paid_search,east,1,43.52
C001455,2023-02-12,paid_social,west,1,31.33
C001456,2024-09-17,paid_search,north,1,40.78
C001457,2024-01-11,paid_search,south,1,37.89
C001458,2024-06-25,paid_social,east,1,36.25
C001459,2025-02-15,referral,west,1,21.25
C001460,2024-09-18,organic,north,1,8.85
C001461,2023-02-28,paid_search,north,1,42.57
C001462,2023-12-01,affiliate,east,0,38.41
C001463,2024-08-24,paid_search,north,1,48.81
C001464,2024-10-11,paid_social,west,1,37.74
C001465,2024-05-19,organic,west,1,12.28
C001466,2024-06-05,paid_search,south,1,46.67
C001467,2024-08-08,organic,south,0,2.0
C001468,2023-01-09,organic,south,1,13.59
C001469,2024-02-08,paid_search,west,1,44.78
C001470,2024-08-18,organic,east,1,10.11
C001471,2023-06-27,organic,north,1,9.29
C001472,2023-12-11,referral,east,0,15.02
C001473,2023-09-11,affiliate,south,1,21.94
C001474,2025-02-22,paid_search,north,1,34.63
C001475,2024-12-14,organic,south,0,17.24
C001476,2024-11-25,paid_social,south,1,38.9
C001477,2024-12-20,paid_social,north,1,36.47
C001478,2024-03-15,paid_search,east,1,45.8
C001479,2024-01-21,paid_search,north,1,47.51
C001480,2024-06-07,paid_search,north,1,33.35
C001481,2023-12-10,paid_search,south,1,41.32
C001482,2025-01-18,organic,east,0,10.37
C001483,2024-11-12,referral,west,1,21.55
C001484,2023-03-26,referral,north,1,6.17
C001485,2024-01-16,organic,south,1,11.5
C001486,2024-02-24,paid_social,south,0,28.44
C001487,2023-07-05,organic,east,1,2.0
C001488,2023-07-17,affiliate,east,1,31.35
C001489,2024-09-12,referral,north,1,7.52
C001490,2023-09-25,referral,east,0,4.72
C001491,2023-02-14,paid_social,west,1,30.65
C001492,2024-01-01,affiliate,east,1,26.03
C001493,2023-07-09,organic,west,1,19.66
C001494,2023-05-27,organic,east,0,5.92
C001495,2024-08-01,referral,south,1,12.32
C001496,2023-08-29,referral,south,1,19.8
C001497,2025-02-12,affiliate,west,1,28.63
C001498,2024-07-05,paid_social,west,0,37.12
C001499,2024-08-27,referral,west,1,18.32
C001500,2023-11-20,organic,west,1,5.3
C001501,2025-02-26,referral,north,1,13.26
C001502,2024-03-28,organic,south,1,7.02
C001503,2024-05-25,referral,east,1,10.26
C001504,2023-12-26,organic,north,0,2.71
C001505,2023-03-18,paid_social,east,1,28.95
C001506,2024-01-22,referral,east,0,4.83
C001507,2023-04-07,paid_search,east,1,37.94
C001508,2024-03-22,affiliate,south,1,23.92
C001509,2023-04-30,referral,east,1,8.29
C001510,2023-02-28,affiliate,west,1,23.47
C001511,2023-10-21,organic,east,1,15.15
C001512,2024-12-27,paid_search,south,0,40.31
C001513,2023-01-27,organic,west,1,2.03
C001514,2023-09-25,organic,west,1,10.88
C001515,2023-09-18,organic,east,1,4.1
C001516,2024-12-19,affiliate,south,1,21.8
C001517,2024-07-28,affiliate,east,0,28.03
C001518,2024-08-24,paid_social,north,0,35.06
C001519,2024-03-19,paid_social,north,1,37.73
C001520,2024-09-07,paid_search,west,1,39.39
C001521,2024-06-02,paid_search,south,1,38.57
C001522,2025-01-27,paid_social,west,1,35.24
C001523,2023-12-29,referral,west,1,15.96
C001524,2024-02-18,affiliate,north,0,24.69
C001525,2023-05-09,affiliate,north,1,31.79
C001526,2024-10-06,paid_social,west,1,38.07
C001527,2024-11-28,paid_search,west,0,41.15
C001528,2023-07-28,paid_search,east,1,45.33
C001529,2023-04-22,organic,north,1,6.22
C001530,2023-10-13,organic,west,1,8.48
C001531,2024-01-03,paid_search,west,1,37.69
C001532,2025-02-13,paid_search,east,1,42.96
C001533,2023-04-01,organic,west,0,8.87
C001534,2023-09-17,organic,west,0,14.99
C001535,2024-11-01,organic,south,1,16.19
C001536,2023-07-05,organic,west,1,11.86
C001537,2023-05-25,referral,south,1,21.64
C001538,2024-10-24,affiliate,south,1,28.36
C001539,2023-04-06,paid_search,west,1,40.02
C001540,2024-10-31,organic,south,0,8.42
C001541,2025-02-13,paid_search,west,0,41.64
C001542,2023-07-01,paid_search,north,0,47.36
C001543,2025-02-16,paid_social,south,0,43.66
C001544,2024-10-05,paid_search,south,1,40.87
C001545,2023-04-02,paid_search,west,1,39.33
C001546,2024-06-07,paid_social,east,1,34.92
C001547,2024-07-12,organic,north,1,15.65
C001548,2023-08-18,referral,east,1,10.5
C001549,2023-02-14,organic,west,0,8.49
C001550,2024-08-07,paid_search,north,1,45.95
C001551,2023-09-13,affiliate,west,0,21.4
C001552,2023-06-25,organic,north,1,9.57
C001553,2023-04-09,paid_search,south,0,39.61
C001554,2023-11-10,paid_search,west,1,33.71
C001555,2024-12-15,affiliate,east,1,28.86
C001556,2024-11-25,paid_search,north,0,46.42
C001557,2025-01-11,affiliate,east,1,24.81
C001558,2023-06-06,paid_social,south,0,34.85
C001559,2023-12-29,paid_search,south,1,43.44
C001560,2024-01-15,organic,north,1,3.26
C001561,2024-08-23,organic,west,1,12.55
C001562,2024-11-18,organic,north,1,2.0
C001563,2024-02-22,referral,east,1,16.29
C001564,2024-01-22,paid_search,east,0,41.56
C001565,2023-10-22,paid_social,east,1,38.88
C001566,2023-12-23,organic,north,0,15.93
C001567,2023-03-11,organic,east,1,6.09
C001568,2024-04-29,paid_search,east,1,44.25
C001569,2024-07-11,affiliate,north,0,30.54
C001570,2024-08-01,affiliate,east,1,21.64
C001571,2024-04-15,organic,west,1,2.0
C001572,2024-04-26,organic,east,1,10.17
C001573,2024-04-14,referral,north,1,20.36
C001574,2024-02-13,referral,west,1,18.12
C001575,2023-11-23,organic,east,1,9.51
C001576,2024-01-06,referral,west,0,4.17
C001577,2023-01-18,paid_search,south,1,42.47
C001578,2024-04-08,organic,north,1,7.83
C001579,2023-02-03,referral,west,0,16.46
C001580,2023-01-20,paid_social,east,1,39.8
C001581,2024-01-10,affiliate,south,0,28.97
C001582,2024-10-08,organic,north,1,2.0
C001583,2023-03-24,paid_search,east,1,35.61
C001584,2025-01-03,organic,east,0,2.0
C001585,2024-05-18,affiliate,west,1,26.9
C001586,2023-10-08,paid_search,south,1,38.31
C001587,2024-12-03,paid_social,south,0,44.15
C001588,2024-12-06,organic,east,1,3.17
C001589,2025-01-31,paid_social,north,1,39.96
C001590,2023-06-01,affiliate,east,1,29.89
C001591,2023-09-30,paid_social,south,1,38.89
C001592,2023-07-24,organic,north,1,6.33
C001593,2023-07-01,organic,south,1,10.08
C001594,2024-07-08,referral,west,1,16.07
C001595,2024-02-07,paid_social,west,1,29.4
C001596,2024-04-24,paid_social,south,0,35.49
C001597,2024-04-29,referral,south,1,17.66
C001598,2023-06-27,paid_social,west,1,33.79
C001599,2024-03-30,referral,west,0,18.68
C001600,2024-07-06,organic,south,1,4.65
C001601,2023-03-12,paid_search,west,1,41.01
C001602,2024-11-06,organic,west,1,5.57
C001603,2024-04-03,referral,north,1,19.67
C001604,2023-01-05,organic,east,0,9.54
C001605,2024-11-23,organic,west,1,6.11
C001606,2023-07-30,organic,west,1,4.53
C001607,2024-02-21,paid_social,north,1,33.49
C001608,2024-08-11,paid_search,west,1,40.13
C001609,2024-09-17,paid_search,west,0,49.43
C001610,2023-12-20,organic,west,1,11.25
C001611,2024-08-14,affiliate,west,1,30.96
C001612,2023-05-09,paid_search,west,0,48.48
C001613,2023-10-18,paid_search,south,1,42.99
C001614,2024-12-12,referral,south,0,18.33
C001615,2023-11-04,paid_search,west,0,36.95
C001616,2024-10-09,affiliate,south,1,19.15
C001617,2025-02-26,organic,west,0,12.71
C001618,2024-10-11,organic,east,1,10.37
C001619,2024-05-11,paid_search,south,1,55.99
C001620,2023-10-12,organic,west,1,11.47
C001621,2023-06-30,paid_social,east,0,40.1
C001622,2023-12-06,organic,west,0,12.55
C001623,2024-05-02,organic,north,1,3.5
C001624,2025-01-16,paid_social,east,1,40.15
C001625,2023-12-02,organic,east,1,2.62
C001626,2024-06-14,referral,south,1,13.06
C001627,2024-08-25,affiliate,west,1,26.59
C001628,2023-09-02,paid_search,north,1,39.98
C001629,2023-03-02,organic,north,1,9.89
C001630,2023-02-26,paid_social,east,1,30.73
C001631,2024-04-06,paid_search,east,1,38.84
C001632,2023-07-07,referral,north,1,6.53
C001633,2024-09-22,referral,south,1,18.95
C001634,2024-06-11,organic,west,1,11.13
C001635,2023-06-10,organic,south,0,6.15
C001636,2025-02-22,paid_search,east,1,44.04
C001637,2023-05-20,organic,south,1,11.09
C001638,2024-03-04,paid_search,north,0,43.79
C001639,2023-03-02,paid_search,south,1,40.19
C001640,2023-02-11,paid_search,north,0,46.2
C001641,2023-03-08,paid_search,east,0,35.95
C001642,2023-12-15,paid_search,south,1,34.28
C001643,2024-11-30,paid_social,west,1,30.14
C001644,2024-02-20,paid_social,east,1,28.18
C001645,2024-02-03,referral,west,1,15.47
C001646,2023-05-27,affiliate,south,1,26.56
C001647,2023-05-17,affiliate,east,1,30.34
C001648,2023-01-07,paid_social,south,1,31.32
C001649,2023-11-11,organic,north,1,2.0
C001650,2024-04-16,referral,west,0,20.47
C001651,2023-07-06,paid_social,south,1,39.28
C001652,2024-01-30,referral,south,1,10.12
C001653,2023-08-27,referral,east,1,18.95
C001654,2023-03-24,paid_search,north,1,46.44
C001655,2024-08-11,affiliate,north,1,33.9
C001656,2024-05-30,organic,south,0,2.0
C001657,2023-03-10,affiliate,south,1,29.26
C001658,2024-01-25,organic,south,1,12.56
C001659,2025-01-25,affiliate,south,1,28.58
C001660,2024-01-12,organic,east,1,6.55
C001661,2023-10-28,paid_social,west,1,27.47
C001662,2024-06-02,paid_social,south,1,35.19
C001663,2023-07-23,paid_search,east,1,38.27
C001664,2023-06-20,referral,south,0,21.73
C001665,2023-03-15,organic,south,0,5.06
C001666,2023-08-17,paid_social,east,1,31.44
C001667,2024-10-22,referral,south,1,18.35
C001668,2024-11-08,organic,east,0,8.69
C001669,2024-09-28,organic,west,1,5.68
C001670,2023-04-20,paid_search,north,1,39.25
C001671,2023-11-10,paid_social,east,1,38.07
C001672,2024-04-05,affiliate,north,1,27.76
C001673,2024-07-10,organic,south,1,16.9
C001674,2024-03-20,affiliate,north,1,32.9
C001675,2023-09-18,organic,north,1,23.51
C001676,2025-01-18,paid_social,east,1,35.15
C001677,2023-08-17,referral,west,0,14.88
C001678,2023-09-25,paid_search,east,0,42.51
C001679,2024-03-19,affiliate,west,1,26.2
C001680,2024-06-06,paid_social,east,1,32.89
C001681,2025-01-02,organic,north,0,20.39
C001682,2024-01-09,affiliate,south,0,21.39
C001683,2024-06-01,organic,west,1,5.66
C001684,2023-02-15,paid_social,west,1,35.44
C001685,2024-09-27,paid_search,west,1,45.1
C001686,2023-12-19,paid_search,west,1,32.9
C001687,2023-12-07,affiliate,west,0,39.32
C001688,2024-11-21,organic,west,0,6.26
C001689,2024-05-15,paid_social,east,1,34.5
C001690,2025-02-24,organic,west,1,4.88
C001691,2023-11-15,paid_social,west,1,34.37
C001692,2024-06-07,paid_social,north,1,37.13
C001693,2023-06-23,referral,north,1,15.6
C001694,2024-08-03,affiliate,north,1,23.21
C001695,2023-07-12,paid_search,south,1,50.82
C001696,2023-05-09,paid_search,east,1,45.84
C001697,2023-09-15,organic,east,0,12.88
C001698,2024-12-26,affiliate,east,1,23.06
C001699,2023-08-16,paid_social,east,0,26.56
C001700,2023-02-13,paid_social,east,1,36.01
C001701,2024-02-15,paid_social,north,1,30.71
C001702,2024-04-15,affiliate,east,1,31.9
C001703,2024-03-23,referral,north,1,19.15
C001704,2024-07-31,referral,west,1,15.85
C001705,2024-03-01,paid_social,north,1,38.6
C001706,2024-02-24,referral,east,1,24.21
C001707,2024-10-08,paid_social,east,1,24.55
C001708,2023-08-23,affiliate,west,0,25.41
C001709,2025-01-16,organic,east,0,6.91
C001710,2024-12-09,paid_social,north,1,36.09
C001711,2024-05-12,paid_social,west,0,42.66
C001712,2024-10-17,paid_social,north,1,44.19
C001713,2023-11-07,organic,north,1,9.78
C001714,2024-02-17,organic,east,1,2.0
C001715,2025-02-11,organic,west,1,11.46
C001716,2023-10-22,paid_social,north,0,27.46
C001717,2023-09-16,paid_social,south,1,37.93
C001718,2023-10-13,paid_social,north,1,35.36
C001719,2025-01-01,paid_social,south,1,27.61
C001720,2023-12-11,organic,east,1,2.0
C001721,2024-04-20,paid_search,west,1,51.09
C001722,2024-12-28,paid_search,west,0,45.25
C001723,2024-11-22,paid_search,west,1,41.04
C001724,2024-08-21,organic,west,1,9.15
C001725,2025-01-03,paid_search,south,1,35.33
C001726,2023-07-10,organic,west,0,2.0
C001727,2023-03-21,paid_social,west,1,33.09
C001728,2024-05-22,referral,west,0,16.84
C001729,2023-11-09,paid_search,north,1,44.51
C001730,2025-02-26,organic,east,1,14.8
C001731,2023-02-20,referral,north,0,19.62
C001732,2025-01-16,affiliate,east,1,29.02
C001733,2023-07-02,paid_search,east,1,35.76
C001734,2025-01-12,affiliate,south,1,23.66
C001735,2024-05-10,organic,north,0,6.85
C001736,2024-08-17,organic,west,1,21.71
C001737,2025-01-20,organic,east,1,18.35
C001738,2023-01-28,referral,south,0,22.83
C001739,2023-07-05,paid_search,east,0,40.69
C001740,2023-08-28,paid_search,north,1,43.91
C001741,2023-03-02,organic,south,0,2.0
C001742,2023-01-31,paid_social,east,1,33.89
C001743,2023-04-19,organic,north,1,4.62
C001744,2023-11-01,paid_social,west,1,40.45
C001745,2024-04-25,paid_social,south,0,35.17
C001746,2023-10-21,organic,south,1,12.21
C001747,2024-11-27,paid_social,south,0,32.42
C001748,2023-07-23,paid_social,east,1,35.35
C001749,2024-04-09,paid_social,north,0,38.99
C001750,2023-04-11,paid_social,west,1,32.97
C001751,2023-10-21,referral,east,1,9.01
C001752,2024-11-16,organic,south,1,4.43
C001753,2024-06-24,paid_social,west,0,38.23
C001754,2023-11-18,organic,north,1,14.2
C001755,2024-06-25,organic,north,1,5.17
C001756,2024-08-04,affiliate,east,1,37.87
C001757,2024-11-14,paid_social,east,1,36.84
C001758,2023-07-08,paid_search,north,1,42.3
C001759,2023-05-07,paid_search,south,1,45.06
C001760,2023-11-23,paid_search,east,1,42.66
C001761,2024-11-15,affiliate,west,1,15.31
C001762,2023-05-30,organic,east,0,7.32
C001763,2024-12-11,affiliate,west,1,27.0
C001764,2025-02-05,paid_search,east,1,49.33
C001765,2023-03-08,referral,west,1,12.92
C001766,2024-03-06,paid_search,west,1,40.46
C001767,2023-08-19,organic,east,1,8.64
C001768,2023-10-09,organic,east,1,8.56
C001769,2023-08-31,paid_search,north,0,54.55
C001770,2023-01-26,referral,west,1,21.56
C001771,2023-05-27,organic,south,1,2.0
C001772,2024-12-29,organic,south,1,13.25
C001773,2023-04-07,affiliate,south,1,28.08
C001774,2023-11-13,organic,east,0,7.55
C001775,2024-05-10,paid_search,east,0,50.17
C001776,2023-03-14,referral,west,0,20.37
C001777,2024-09-28,paid_search,north,1,47.85
C001778,2023-10-23,paid_social,east,0,30.28
C001779,2024-10-17,paid_search,west,1,40.2
C001780,2025-01-15,organic,west,1,2.0
C001781,2024-11-02,affiliate,west,1,29.48
C001782,2023-11-02,paid_social,south,1,33.41
C001783,2023-02-19,organic,north,1,13.72
C001784,2024-05-17,paid_search,south,1,51.77
C001785,2024-03-24,paid_search,north,1,35.59
C001786,2024-03-29,affiliate,east,1,35.0
C001787,2023-06-01,paid_social,west,1,29.01
C001788,2024-02-14,paid_social,west,1,38.53
C001789,2023-06-06,affiliate,west,0,25.88
C001790,2024-06-21,paid_search,north,1,41.53
C001791,2023-01-06,paid_search,north,1,42.05
C001792,2024-12-17,paid_social,north,1,42.18
C001793,2024-01-02,paid_social,south,1,26.52
C001794,2023-02-05,paid_search,south,1,44.72
C001795,2024-07-11,paid_search,north,1,32.28
C001796,2024-03-13,paid_search,west,1,44.1
C001797,2024-10-16,organic,south,1,7.41
C001798,2023-06-14,paid_search,south,1,38.97
C001799,2025-01-19,paid_social,west,0,35.2
C001800,2024-11-09,paid_social,south,0,38.8
C001801,2024-08-17,referral,west,1,21.38
C001802,2023-04-25,paid_social,south,1,27.38
C001803,2023-05-20,organic,west,1,2.53
C001804,2023-07-06,paid_search,east,0,43.76
C001805,2023-03-18,paid_search,east,0,41.73
C001806,2023-09-11,paid_search,north,1,49.89
C001807,2023-06-27,paid_search,east,1,31.4
C001808,2023-05-03,referral,east,1,12.94
C001809,2023-12-10,paid_search,west,1,37.64
C001810,2025-02-01,organic,north,1,16.53
C001811,2023-03-13,referral,west,1,19.55
C001812,2023-04-10,organic,south,1,4.94
C001813,2023-07-07,paid_search,north,1,43.18
C001814,2023-06-18,paid_social,north,1,36.09
C001815,2023-06-22,referral,north,1,18.63
C001816,2024-02-06,referral,south,1,13.7
C001817,2024-07-13,organic,north,0,21.56
C001818,2023-11-23,organic,south,0,3.13
C001819,2024-05-30,affiliate,east,1,27.45
C001820,2024-10-03,paid_search,north,1,35.3
C001821,2025-01-29,organic,east,1,11.96
C001822,2024-01-14,paid_search,east,1,46.66
C001823,2024-02-13,organic,north,1,6.94
C001824,2023-06-27,organic,east,0,10.28
C001825,2024-12-31,paid_search,north,0,43.59
C001826,2024-10-23,paid_search,west,1,43.51
C001827,2024-04-04,paid_social,east,1,30.08
C001828,2023-07-26,organic,south,1,9.94
C001829,2024-10-08,paid_search,west,1,44.79
C001830,2024-04-30,paid_search,east,0,40.31
C001831,2024-11-19,paid_search,west,1,43.22
C001832,2024-03-17,organic,west,1,10.22
C001833,2023-09-28,organic,west,1,3.66
C001834,2024-12-30,referral,east,1,10.23
C001835,2023-09-03,organic,north,1,3.93
C001836,2024-06-16,paid_search,north,1,38.35
C001837,2023-01-02,organic,east,1,9.74
C001838,2024-05-02,organic,north,1,9.67
C001839,2025-02-04,organic,east,1,9.76
C001840,2023-07-24,referral,north,1,14.31
C001841,2024-12-03,paid_social,east,1,40.48
C001842,2024-10-05,organic,east,1,10.69
C001843,2023-03-03,organic,east,0,5.54
C001844,2024-04-15,organic,south,1,20.88
C001845,2023-08-20,paid_search,east,1,38.83
C001846,2024-10-23,organic,north,1,6.47
C001847,2025-01-10,organic,west,0,6.09
C001848,2025-02-04,paid_social,north,1,30.32
C001849,2025-02-05,affiliate,east,1,29.53
C001850,2024-11-05,paid_search,east,0,45.37
C001851,2023-11-16,affiliate,east,1,30.28
C001852,2025-01-01,referral,south,1,20.45
C001853,2023-01-06,organic,west,1,12.91
C001854,2025-01-23,paid_social,east,1,33.51
C001855,2024-10-02,organic,west,1,16.42
C001856,2024-03-13,organic,south,1,12.38
C001857,2023-01-12,paid_social,east,1,35.27
C001858,2023-08-23,referral,south,1,6.67
C001859,2024-05-01,paid_social,west,1,42.76
C001860,2023-02-03,referral,south,0,15.62
C001861,2024-08-08,referral,east,1,18.38
C001862,2023-06-02,paid_social,west,1,34.66
C001863,2024-06-06,paid_search,west,1,49.32
C001864,2024-12-09,organic,south,1,10.28
C001865,2023-07-25,organic,east,0,17.1
C001866,2023-10-15,referral,east,1,15.76
C001867,2023-05-28,paid_search,south,1,38.45
C001868,2024-09-29,referral,south,0,12.95
C001869,2023-07-20,paid_search,west,1,40.5
C001870,2024-11-15,affiliate,east,1,26.04
C001871,2025-02-13,organic,west,1,4.75
C001872,2023-09-22,paid_search,east,1,44.93
C001873,2024-04-20,referral,north,0,10.52
C001874,2023-04-20,organic,west,1,6.59
C001875,2024-07-11,paid_search,west,1,44.07
C001876,2024-05-07,organic,east,1,11.08
C001877,2023-10-15,affiliate,north,1,27.39
C001878,2024-06-05,referral,east,1,13.77
C001879,2025-02-25,organic,west,1,10.22
C001880,2024-02-08,paid_social,south,0,27.75
C001881,2023-09-15,affiliate,east,1,25.45
C001882,2025-02-11,organic,west,0,17.38
C001883,2023-08-07,organic,north,1,7.89
C001884,2024-03-06,organic,north,0,3.39
C001885,2024-02-21,affiliate,south,1,32.02
C001886,2024-06-30,paid_search,east,0,40.03
C001887,2023-11-22,paid_social,east,1,29.66
C001888,2024-12-14,organic,south,1,6.82
C001889,2024-12-26,affiliate,south,1,20.58
C001890,2024-08-13,paid_social,south,1,41.92
C001891,2024-04-01,paid_search,west,1,45.0
C001892,2025-01-01,paid_search,east,1,31.89
C001893,2023-02-22,referral,west,0,10.38
C001894,2024-02-03,organic,north,0,5.18
C001895,2023-12-10,paid_search,north,1,52.55
C001896,2024-10-16,paid_search,north,0,37.8
C001897,2023-02-22,organic,south,1,10.93
C001898,2024-02-16,paid_search,east,1,42.14
C001899,2024-09-02,organic,west,1,8.2
C001900,2024-12-18,organic,east,1,7.45
C001901,2023-05-23,referral,west,0,13.44
C001902,2024-03-22,paid_search,west,0,44.31
C001903,2023-11-21,paid_search,east,1,43.84
C001904,2023-09-30,paid_social,south,1,37.59
C001905,2023-04-28,organic,east,1,7.07
C001906,2023-04-24,paid_search,north,1,40.1
C001907,2023-10-18,affiliate,south,1,31.94
C001908,2023-02-25,organic,east,0,2.0
C001909,2023-09-26,organic,south,1,19.73
C001910,2023-06-13,organic,east,1,2.0
C001911,2024-07-28,referral,south,1,21.97
C001912,2024-10-09,referral,north,0,8.55
C001913,2024-11-28,paid_social,west,1,33.69
C001914,2024-08-28,paid_search,east,1,44.32
C001915,2024-02-26,paid_search,south,0,39.98
C001916,2024-08-15,paid_search,north,1,41.54
C001917,2024-06-26,organic,north,0,9.79
C001918,2024-02-13,paid_social,south,1,39.86
C001919,2024-03-16,organic,east,1,8.17
C001920,2025-01-14,paid_search,north,0,38.72
C001921,2023-11-01,affiliate,east,1,30.51
C001922,2025-02-21,paid_social,west,1,40.27
C001923,2023-01-23,referral,south,1,16.29
C001924,2024-06-20,organic,south,1,12.84
C001925,2024-11-25,affiliate,north,0,32.08
C001926,2023-04-12,organic,west,1,9.03
C001927,2023-03-29,paid_social,north,1,31.94
C001928,2023-03-05,paid_social,west,0,40.09
C001929,2024-07-03,referral,north,1,16.23
C001930,2023-06-19,paid_search,south,0,38.37
C001931,2024-09-28,paid_social,east,1,42.91
C001932,2024-01-05,organic,west,1,5.63
C001933,2024-06-13,paid_social,north,1,36.98
C001934,2023-06-05,paid_search,west,0,41.44
C001935,2023-01-18,affiliate,south,1,41.8
C001936,2025-01-18,paid_social,north,1,38.64
C001937,2023-04-15,organic,north,0,3.93
C001938,2024-12-17,organic,south,0,5.33
C001939,2024-05-15,affiliate,south,1,30.09
C001940,2024-09-27,paid_social,east,0,33.12
C001941,2023-07-14,paid_search,east,1,42.43
C001942,2024-10-17,organic,west,1,12.03
C001943,2024-09-15,paid_social,east,0,39.88
C001944,2023-07-17,referral,east,1,15.25
C001945,2023-02-01,referral,north,1,6.46
C001946,2024-01-22,paid_search,north,0,45.21
C001947,2023-07-28,paid_search,south,1,41.05
C001948,2024-12-03,paid_search,south,1,37.45
C001949,2023-08-27,affiliate,south,1,28.86
C001950,2024-10-15,affiliate,west,1,35.05
C001951,2023-01-21,paid_search,east,1,37.75
C001952,2024-06-24,referral,south,0,6.38
C001953,2023-07-13,paid_search,west,0,38.52
C001954,2023-02-25,paid_search,north,1,38.25
C001955,2024-05-27,organic,east,0,16.49
C001956,2024-09-30,paid_search,west,1,34.65
C001957,2024-09-28,organic,east,1,2.0
C001958,2023-03-18,organic,west,1,3.27
C001959,2024-12-16,affiliate,north,1,20.96
C001960,2024-12-15,paid_search,north,0,37.89
C001961,2023-05-08,paid_search,east,1,42.02
C001962,2024-10-18,paid_social,south,1,37.53
C001963,2024-08-13,paid_search,west,0,34.43
C001964,2024-07-05,paid_social,west,0,28.11
C001965,2024-11-05,affiliate,east,1,33.51
C001966,2023-03-20,paid_search,west,1,46.28
C001967,2023-06-16,paid_social,west,1,45.68
C001968,2024-04-27,paid_social,south,1,39.58
C001969,2023-05-05,referral,north,1,13.27
C001970,2024-11-30,paid_search,south,1,40.25
C001971,2024-07-17,paid_search,east,1,37.15
C001972,2024-04-10,organic,south,1,2.0
C001973,2023-01-14,referral,west,1,12.05
C001974,2024-12-11,paid_social,north,1,32.38
C001975,2023-11-02,paid_search,north,1,50.26
C001976,2024-06-14,affiliate,north,1,28.99
C001977,2023-12-05,organic,west,0,14.87
C001978,2024-08-31,paid_social,north,1,31.44
C001979,2024-05-24,organic,north,1,9.42
C001980,2023-11-23,organic,east,1,2.0
C001981,2024-04-26,paid_social,west,1,29.59
C001982,2024-11-03,referral,east,0,10.47
C001983,2023-07-27,paid_social,south,1,38.75
C001984,2025-02-25,organic,west,1,10.31
C001985,2024-07-27,paid_search,north,0,43.38
C001986,2023-07-02,paid_social,north,1,24.15
C001987,2024-12-09,paid_social,west,1,40.52
C001988,2023-03-02,organic,west,0,8.65
C001989,2023-07-12,organic,west,1,8.17
C001990,2023-02-16,referral,west,0,13.32
C001991,2023-11-27,referral,south,1,13.8
C001992,2024-11-07,paid_search,north,1,42.93
C001993,2024-12-27,organic,south,1,16.55
C001994,2023-11-01,referral,south,1,14.82
C001995,2024-08-06,paid_search,south,1,37.96
C001996,2024-01-26,paid_search,north,1,44.89
C001997,2024-12-11,organic,south,1,10.97
C001998,2023-02-17,paid_search,east,0,41.12
C001999,2024-09-20,paid_search,west,1,42.38
C002000,2023-10-30,organic,west,1,7.12
C002001,2024-08-07,referral,west,1,19.1
C002002,2024-05-23,referral,north,1,13.59
C002003,2024-12-15,paid_search,east,1,45.09
C002004,2024-08-10,referral,north,1,4.16
C002005,2025-01-06,paid_search,west,1,43.55
C002006,2024-04-09,organic,east,1,6.25
C002007,2024-08-12,organic,south,1,15.59
C002008,2023-06-07,organic,north,1,10.32
C002009,2024-06-30,organic,north,0,7.2
C002010,2024-10-13,organic,west,1,5.76
C002011,2024-10-11,paid_search,north,1,49.13
C002012,2024-12-28,affiliate,west,0,25.6
C002013,2023-09-06,paid_search,west,1,42.11
C002014,2023-12-04,paid_social,west,1,40.44
C002015,2023-12-03,organic,south,1,15.86
C002016,2023-07-02,organic,north,1,11.07
C002017,2023-05-26,paid_search,north,1,45.67
C002018,2023-11-28,paid_social,north,1,35.63
C002019,2025-02-10,paid_search,east,1,35.57
C002020,2023-10-15,referral,west,0,21.93
C002021,2023-06-05,organic,east,0,5.0
C002022,2023-08-23,referral,west,1,16.62
C002023,2024-10-29,organic,north,1,2.0
C002024,2024-03-06,organic,east,0,11.19
C002025,2023-06-27,organic,north,1,9.58
C002026,2024-10-09,referral,west,0,16.09
C002027,2024-07-24,referral,north,1,5.39
C002028,2024-04-07,paid_social,east,1,28.5
C002029,2024-04-28,organic,south,1,19.89
C002030,2023-10-22,paid_search,south,1,39.95
C002031,2024-04-10,paid_search,west,1,39.86
C002032,2023-06-10,organic,north,0,4.11
C002033,2024-11-11,referral,north,1,17.71
C002034,2024-12-11,affiliate,south,1,33.72
C002035,2023-01-29,paid_social,west,1,34.34
C002036,2023-10-26,organic,south,0,4.33
C002037,2023-01-25,affiliate,south,1,24.19
C002038,2023-05-25,paid_search,east,0,38.14
C002039,2024-11-22,paid_social,north,1,37.66
C002040,2023-12-21,organic,north,0,2.0
C002041,2024-02-27,paid_search,south,1,39.01
C002042,2023-07-06,paid_search,north,1,41.1
C002043,2024-06-18,referral,east,1,8.75
C002044,2024-11-06,paid_search,south,1,38.14
C002045,2023-05-12,referral,north,1,18.56
C002046,2023-06-13,paid_search,east,1,40.69
C002047,2024-08-16,organic,west,1,14.86
C002048,2023-02-17,paid_social,north,0,27.95
C002049,2023-02-12,paid_search,west,1,39.1
C002050,2024-02-26,paid_social,east,1,37.12
C002051,2023-11-14,organic,west,1,14.39
C002052,2024-05-23,affiliate,west,1,18.52
C002053,2023-05-02,organic,south,1,7.36
C002054,2024-03-29,organic,south,1,11.14
C002055,2024-12-29,paid_social,south,1,26.64
C002056,2023-10-26,affiliate,south,0,27.8
C002057,2023-02-24,affiliate,east,1,30.87
C002058,2025-02-12,organic,west,1,2.06
C002059,2024-01-13,organic,east,0,13.2
C002060,2024-06-23,paid_social,west,0,34.14
C002061,2023-08-10,organic,west,0,10.9
C002062,2023-10-25,organic,west,1,8.23
C002063,2024-09-25,organic,east,1,2.29
C002064,2024-09-15,affiliate,south,1,25.26
C002065,2024-02-27,referral,east,1,15.4
C002066,2023-02-07,referral,south,1,20.18
C002067,2024-05-30,paid_search,east,1,41.46
C002068,2023-12-16,organic,north,1,3.46
C002069,2024-08-07,referral,east,0,20.39
C002070,2024-08-09,organic,east,1,12.7
C002071,2024-06-22,organic,south,1,6.35
C002072,2025-01-02,paid_search,east,0,44.77
C002073,2023-02-22,organic,west,0,11.73
C002074,2024-07-28,organic,west,1,14.49
C002075,2024-05-11,paid_search,north,1,48.57
C002076,2023-08-01,paid_social,east,1,36.15
C002077,2024-11-04,affiliate,north,0,31.08
C002078,2024-09-25,referral,south,1,16.55
C002079,2023-10-29,paid_social,north,1,34.76
C002080,2023-11-02,organic,north,0,9.3
C002081,2024-04-18,organic,south,1,10.88
C002082,2024-12-30,referral,east,1,11.09
C002083,2024-05-10,affiliate,north,0,28.47
C002084,2024-03-01,paid_search,south,1,38.84
C002085,2023-05-13,referral,south,0,23.48
C002086,2024-08-22,paid_search,south,1,38.26
C002087,2023-11-17,referral,north,1,13.46
C002088,2023-10-26,paid_search,north,1,41.73
C002089,2023-12-28,paid_social,south,1,43.18
C002090,2024-03-28,paid_social,west,1,32.45
C002091,2023-12-16,referral,north,0,15.23
C002092,2024-02-16,organic,west,0,4.07
C002093,2023-09-25,paid_social,west,1,30.47
C002094,2024-05-09,referral,south,0,14.47
C002095,2025-02-08,affiliate,north,0,30.49
C002096,2024-04-26,paid_search,south,1,37.85
C002097,2023-03-26,paid_search,north,1,41.71
C002098,2023-01-03,paid_search,south,0,38.35
C002099,2024-11-12,paid_search,east,1,40.03
C002100,2023-12-18,affiliate,south,1,26.4
C002101,2025-01-09,paid_search,south,1,36.74
C002102,2023-10-06,paid_search,north,1,39.26
C002103,2024-09-04,organic,east,1,3.82
C002104,2024-04-09,paid_search,south,0,44.42
C002105,2023-04-20,referral,south,1,22.92
C002106,2023-10-14,referral,north,0,19.24
C002107,2023-03-29,organic,south,0,6.87
C002108,2023-09-24,affiliate,east,1,18.03
C002109,2023-06-06,paid_search,north,0,44.1
C002110,2024-05-31,paid_social,east,1,34.75
C002111,2023-01-13,paid_social,west,1,32.33
C002112,2023-07-30,paid_social,north,0,47.77
C002113,2024-07-10,referral,west,1,3.4
C002114,2024-11-07,paid_search,east,1,45.83
C002115,2023-09-08,organic,east,1,3.5
C002116,2023-12-08,paid_search,south,1,43.58
C002117,2023-12-11,organic,west,0,3.32
C002118,2023-11-28,paid_social,east,1,30.79
C002119,2024-01-31,affiliate,west,1,30.81
C002120,2023-06-02,paid_search,east,1,47.27
C002121,2024-04-12,paid_social,east,0,25.08
C002122,2023-10-28,organic,west,1,7.77
C002123,2023-05-30,organic,north,1,5.0
C002124,2023-11-19,affiliate,west,1,31.38
C002125,2023-06-08,referral,east,1,16.88
C002126,2023-09-20,affiliate,west,1,22.62
C002127,2023-09-18,organic,west,1,14.82
C002128,2024-12-23,referral,east,1,17.54
C002129,2024-09-23,paid_search,east,1,37.25
C002130,2025-01-30,affiliate,north,1,24.26
C002131,2023-10-15,affiliate,north,1,26.76
C002132,2023-10-03,affiliate,east,1,22.07
C002133,2023-10-16,paid_social,east,1,25.05
C002134,2023-11-11,organic,south,1,14.62
C002135,2024-09-20,paid_social,south,1,33.7
C002136,2023-01-06,paid_search,north,1,49.7
C002137,2024-02-23,paid_social,south,1,29.03
C002138,2023-08-21,organic,west,0,12.07
C002139,2024-07-13,organic,east,1,17.6
C002140,2023-03-04,paid_search,west,1,40.62
C002141,2024-07-12,organic,east,1,2.0
C002142,2023-04-02,organic,north,1,13.02
C002143,2024-03-29,paid_social,west,1,37.35
C002144,2023-06-03,referral,east,1,21.44
C002145,2023-10-09,paid_search,east,1,35.2
C002146,2024-08-23,organic,north,1,4.03
C002147,2024-09-07,affiliate,west,1,30.29
C002148,2023-01-24,referral,east,1,14.47
C002149,2025-02-15,affiliate,south,1,26.01
C002150,2023-06-15,organic,west,0,9.6
C002151,2024-12-14,paid_social,east,1,34.44
C002152,2024-07-28,referral,east,1,12.98
C002153,2023-12-19,organic,east,0,10.89
C002154,2023-04-01,referral,east,1,8.06
C002155,2024-06-12,paid_social,west,1,33.96
C002156,2023-08-13,affiliate,south,1,25.38
C002157,2024-07-17,paid_social,north,0,37.55
C002158,2024-03-11,referral,west,1,8.65
C002159,2023-08-09,referral,west,0,9.13
C002160,2023-12-11,organic,east,1,12.47
C002161,2023-10-30,paid_search,east,1,40.24
C002162,2023-12-19,organic,east,1,6.8
C002163,2024-08-18,affiliate,east,1,26.13
C002164,2024-08-20,referral,north,0,9.75
C002165,2024-07-26,paid_search,east,1,35.33
C002166,2023-12-04,paid_social,north,0,32.07
C002167,2023-01-30,paid_social,west,1,36.59
C002168,2024-02-05,paid_social,south,1,35.15
C002169,2025-02-07,referral,north,1,13.58
C002170,2023-12-30,referral,north,1,12.69
C002171,2023-12-22,referral,north,0,4.8
C002172,2024-03-01,referral,south,1,13.37
C002173,2024-09-27,referral,south,0,13.01
C002174,2025-01-22,organic,east,0,12.26
C002175,2024-08-03,organic,east,1,8.12
C002176,2023-11-27,paid_social,south,1,36.6
C002177,2023-12-17,paid_social,south,0,33.74
C002178,2023-09-17,organic,west,1,2.0
C002179,2024-08-26,paid_search,west,1,42.23
C002180,2023-07-05,paid_search,east,1,35.69
C002181,2023-10-27,paid_social,east,1,27.07
C002182,2025-01-09,paid_search,east,1,43.2
C002183,2024-09-10,paid_search,east,1,38.77
C002184,2023-06-03,organic,east,1,4.21
C002185,2023-01-04,paid_search,east,1,41.03
C002186,2024-01-26,organic,south,0,7.01
C002187,2024-02-20,paid_social,west,1,41.01
C002188,2023-05-19,organic,east,1,10.56
C002189,2024-04-07,paid_social,west,1,31.58
C002190,2024-02-25,paid_search,north,1,37.55
C002191,2024-11-12,paid_search,north,0,44.84
C002192,2023-01-13,paid_social,east,1,38.07
C002193,2024-11-22,referral,west,1,9.46
C002194,2023-04-19,paid_search,south,1,42.76
C002195,2024-10-08,paid_search,south,1,49.09
C002196,2024-11-17,paid_social,west,1,39.81
C002197,2023-01-24,paid_social,east,1,39.16
C002198,2024-03-09,referral,north,0,12.36
C002199,2024-12-21,referral,west,1,2.0
C002200,2023-11-02,organic,west,0,9.48
C002201,2024-11-09,paid_social,north,1,38.74
C002202,2023-06-29,referral,east,1,12.12
C002203,2024-10-03,affiliate,east,0,32.16
C002204,2023-05-23,paid_social,south,0,42.69
C002205,2024-09-22,paid_social,west,0,38.49
C002206,2024-01-28,referral,south,1,9.36
C002207,2024-06-10,affiliate,north,1,27.16
C002208,2023-07-31,paid_social,south,1,32.72
C002209,2023-12-10,paid_social,west,1,32.16
C002210,2024-06-03,organic,north,1,9.88
C002211,2024-06-02,paid_search,north,0,41.39
C002212,2024-10-12,referral,north,1,9.94
C002213,2023-02-26,affiliate,south,1,26.57
C002214,2025-01-27,paid_social,north,1,28.65
C002215,2023-12-21,affiliate,east,0,22.48
C002216,2024-03-28,organic,south,1,5.66
C002217,2024-10-22,organic,south,1,2.0
C002218,2024-07-14,paid_search,south,1,40.92
C002219,2023-03-07,paid_social,north,0,30.13
C002220,2023-04-07,paid_search,south,1,35.96
C002221,2024-12-18,referral,west,1,16.38
C002222,2023-09-27,paid_social,south,1,36.25
C002223,2024-03-30,paid_social,west,1,32.19
C002224,2023-09-28,paid_search,east,0,42.2
C002225,2023-06-04,organic,south,1,7.69
C002226,2024-10-10,paid_search,east,0,44.28
C002227,2023-05-31,paid_social,west,1,32.01
C002228,2024-06-09,organic,south,0,2.0
C002229,2023-10-19,organic,south,1,16.1
C002230,2023-03-06,paid_social,north,0,29.79
C002231,2024-12-02,paid_social,south,1,33.07
C002232,2023-04-12,organic,south,1,5.39
C002233,2025-01-09,organic,south,1,2.0
C002234,2025-02-15,organic,south,0,11.43
C002235,2024-04-18,paid_search,north,1,43.46
C002236,2024-11-03,paid_search,east,1,49.15
C002237,2023-06-21,organic,east,1,4.08
C002238,2023-03-08,organic,east,1,13.79
C002239,2024-09-25,paid_search,west,1,31.76
C002240,2024-07-20,organic,south,0,4.16
C002241,2023-03-21,paid_search,east,1,39.66
C002242,2025-01-23,paid_social,east,1,37.44
C002243,2023-10-16,paid_social,north,1,37.01
C002244,2024-10-27,paid_social,north,1,33.17
C002245,2024-10-14,paid_search,south,1,43.08
C002246,2024-09-23,paid_social,south,0,35.2
C002247,2023-03-14,referral,west,0,9.88
C002248,2024-09-03,organic,south,1,6.34
C002249,2023-01-08,paid_search,west,1,38.59
C002250,2023-09-12,paid_social,east,1,36.66
C002251,2025-02-14,paid_search,west,1,47.35
C002252,2023-07-29,organic,south,1,15.78
C002253,2024-12-31,organic,west,1,2.0
C002254,2024-11-27,referral,north,0,10.18
C002255,2024-01-28,paid_search,east,1,33.8
C002256,2023-12-16,paid_search,west,1,29.73
C002257,2023-09-25,paid_search,south,0,45.08
C002258,2024-08-19,referral,east,1,9.1
C002259,2023-02-06,organic,south,1,8.65
C002260,2023-11-15,organic,north,1,2.0
C002261,2023-08-17,organic,south,0,2.77
C002262,2023-06-15,referral,east,1,12.88
C002263,2023-06-18,organic,south,0,2.0
C002264,2025-02-17,affiliate,north,0,30.05
C002265,2023-12-25,organic,north,1,10.6
C002266,2024-04-01,paid_social,north,0,36.67
C002267,2023-01-23,organic,east,1,2.0
C002268,2024-04-11,organic,east,0,2.0
C002269,2024-10-06,referral,south,1,11.07
C002270,2025-02-16,paid_search,east,1,39.15
C002271,2023-10-08,organic,west,1,8.16
C002272,2025-02-15,paid_search,south,1,46.92
C002273,2024-12-26,referral,south,1,12.65
C002274,2024-05-27,referral,north,1,17.87
C002275,2023-09-10,referral,west,1,19.54
C002276,2023-11-26,paid_search,east,1,41.2
C002277,2023-05-08,organic,west,1,3.81
C002278,2024-10-24,referral,south,1,2.0
C002279,2023-08-11,organic,west,1,8.94
C002280,2023-03-29,affiliate,south,1,31.91
C002281,2023-06-07,affiliate,south,1,28.29
C002282,2023-05-15,organic,west,1,3.05
C002283,2023-03-15,paid_social,south,1,36.79
C002284,2024-11-02,paid_social,south,1,36.49
C002285,2024-08-03,organic,north,1,7.8
C002286,2025-02-07,paid_social,north,1,41.44
C002287,2023-10-19,paid_search,east,1,30.98
C002288,2023-04-26,referral,north,1,13.01
C002289,2023-03-04,organic,south,1,9.2
C002290,2023-12-19,organic,west,0,7.31
C002291,2023-07-22,paid_social,south,1,38.07
C002292,2024-08-04,organic,east,1,10.5
C002293,2024-09-25,paid_search,north,0,40.6
C002294,2024-01-09,referral,east,1,16.53
C002295,2023-09-22,paid_search,east,0,28.72
C002296,2025-01-16,organic,west,0,4.3
C002297,2024-08-15,organic,south,0,2.0
C002298,2023-08-23,affiliate,west,1,21.05
C002299,2024-04-20,affiliate,south,1,28.06
C002300,2024-02-04,paid_search,east,0,45.02
C002301,2023-11-03,paid_social,east,1,37.33
C002302,2024-11-30,referral,west,0,17.8
C002303,2024-07-12,affiliate,east,1,27.8
C002304,2024-04-04,organic,north,1,2.0
C002305,2023-08-22,paid_search,south,0,44.33
C002306,2023-07-13,paid_search,south,0,49.81
C002307,2024-01-23,referral,north,0,21.35
C002308,2023-10-30,paid_social,south,1,33.09
C002309,2024-12-13,affiliate,south,1,19.08
C002310,2023-08-31,referral,north,1,18.19
C002311,2023-12-27,paid_search,west,1,34.28
C002312,2023-12-26,organic,east,1,15.96
C002313,2024-01-28,referral,south,1,6.99
C002314,2025-02-22,paid_search,north,1,42.18
C002315,2024-11-01,paid_social,north,1,38.03
C002316,2023-10-14,affiliate,south,1,21.8
C002317,2024-08-22,organic,south,1,3.36
C002318,2023-07-07,paid_social,east,1,34.5
C002319,2024-06-10,paid_search,north,1,47.13
C002320,2024-01-01,referral,south,1,14.46
C002321,2023-05-21,paid_search,west,1,33.41
C002322,2023-08-22,organic,south,1,7.86
C002323,2024-06-28,paid_search,south,0,45.87
C002324,2023-03-08,organic,east,1,6.47
C002325,2024-10-05,organic,west,0,13.16
C002326,2025-01-05,referral,south,0,12.91
C002327,2023-04-12,paid_search,east,1,40.41
C002328,2023-03-15,referral,north,1,6.58
C002329,2023-12-11,organic,north,1,12.71
C002330,2024-12-20,affiliate,west,1,22.58
C002331,2024-11-26,paid_search,west,1,51.75
C002332,2023-12-10,paid_social,east,1,31.39
C002333,2024-06-08,affiliate,west,1,35.75
C002334,2023-12-13,organic,west,1,18.08
C002335,2023-01-27,paid_search,east,0,35.83
C002336,2024-07-26,paid_social,south,0,34.09
C002337,2023-03-19,organic,east,1,5.09
C002338,2023-07-03,organic,east,0,12.41
C002339,2023-01-27,paid_search,west,1,36.16
C002340,2024-10-02,paid_search,west,1,39.34
C002341,2025-02-23,referral,north,0,16.04
C002342,2023-02-11,referral,east,1,17.65
C002343,2023-11-28,paid_social,east,0,41.28
C002344,2023-02-24,organic,south,1,21.31
C002345,2024-08-14,paid_social,west,1,34.25
C002346,2025-02-22,organic,east,0,8.31
C002347,2024-06-18,paid_social,north,1,38.05
C002348,2025-01-29,affiliate,east,1,15.08
C002349,2024-01-19,paid_search,west,1,49.83
C002350,2023-02-14,paid_social,south,1,39.61
C002351,2024-04-29,organic,south,1,9.3
C002352,2023-06-16,paid_search,west,1,41.4
C002353,2024-01-20,paid_search,west,1,39.52
C002354,2024-05-21,referral,east,1,19.05
C002355,2023-03-02,paid_search,east,1,40.12
C002356,2024-09-19,paid_social,east,1,36.2
C002357,2024-09-01,referral,north,1,10.18
C002358,2023-03-28,paid_search,west,1,38.39
C002359,2025-01-14,referral,south,1,12.04
C002360,2023-08-13,paid_social,west,0,35.79
C002361,2023-02-09,affiliate,east,0,30.51
C002362,2024-02-09,paid_search,north,1,36.5
C002363,2023-01-13,organic,north,1,15.57
C002364,2024-12-04,affiliate,south,0,27.87
C002365,2023-07-12,affiliate,south,1,25.34
C002366,2025-01-26,organic,west,0,11.4
C002367,2023-08-06,organic,south,1,2.65
C002368,2023-12-17,paid_social,east,0,47.58
C002369,2024-10-23,paid_search,south,1,44.56
C002370,2024-06-27,affiliate,south,1,34.72
C002371,2023-07-17,referral,south,1,12.44
C002372,2023-07-23,paid_social,south,1,46.28
C002373,2024-06-02,paid_social,west,1,28.27
C002374,2023-08-23,organic,west,1,9.98
C002375,2024-07-29,affiliate,north,1,30.99
C002376,2023-07-13,referral,north,0,11.21
C002377,2024-10-27,referral,east,1,13.96
C002378,2024-05-10,referral,east,1,16.04
C002379,2023-03-13,paid_social,west,1,22.19
C002380,2024-12-08,paid_search,west,1,37.73
C002381,2023-02-04,paid_search,south,1,38.47
C002382,2023-12-05,paid_social,south,1,33.74
C002383,2024-12-09,paid_search,north,0,37.22
C002384,2023-01-16,organic,west,1,6.86
C002385,2024-07-09,paid_search,east,0,37.82
C002386,2023-07-11,organic,west,1,8.3
C002387,2024-12-16,paid_social,east,1,36.43
C002388,2025-01-19,paid_search,east,1,32.56
C002389,2024-08-14,referral,west,1,19.06
C002390,2023-01-28,paid_social,east,1,35.99
C002391,2024-08-06,paid_search,west,1,41.9
C002392,2024-05-21,paid_social,east,1,34.75
C002393,2024-11-04,paid_social,west,0,39.05
C002394,2023-04-30,organic,north,1,12.08
C002395,2024-06-15,organic,south,0,2.0
C002396,2025-02-14,referral,north,1,15.7
C002397,2023-11-26,paid_search,east,1,38.09
C002398,2024-08-18,organic,west,1,6.2
C002399,2023-01-12,paid_search,south,1,43.77
C002400,2023-01-25,organic,south,0,24.85
C002401,2025-01-14,paid_social,south,1,33.74
C002402,2024-04-01,paid_social,south,1,34.06
C002403,2024-06-18,paid_search,west,1,39.64
C002404,2024-11-12,paid_search,north,1,40.45
C002405,2023-04-23,organic,north,1,5.37
C002406,2023-10-03,paid_search,west,0,43.64
C002407,2024-11-28,organic,north,1,9.26
C002408,2023-08-08,organic,north,1,13.09
C002409,2024-09-06,paid_social,west,1,34.57
C002410,2024-10-02,paid_search,south,1,40.19
C002411,2024-04-18,paid_search,north,0,42.77
C002412,2024-08-24,referral,west,1,13.2
C002413,2023-08-21,organic,north,1,9.71
C002414,2023-10-29,paid_search,north,1,35.81
C002415,2024-08-10,paid_social,north,1,30.38
C002416,2025-01-19,affiliate,south,1,24.12
C002417,2023-07-29,referral,south,0,11.84
C002418,2024-04-25,paid_social,east,1,25.35
C002419,2024-06-07,affiliate,east,1,23.41
C002420,2023-01-06,paid_search,south,1,48.83
C002421,2024-03-18,paid_search,south,0,52.55
C002422,2024-10-14,organic,east,1,7.16
C002423,2024-05-29,paid_social,east,0,37.7
C002424,2024-04-29,organic,west,1,3.43
C002425,2023-11-19,paid_search,west,0,38.54
C002426,2023-12-26,organic,east,1,12.26
C002427,2023-06-02,organic,west,1,2.0
C002428,2023-11-26,paid_search,north,1,39.04
C002429,2024-03-25,referral,north,0,13.09
C002430,2023-06-06,paid_social,south,1,41.95
C002431,2023-07-04,paid_search,south,1,39.79
C002432,2025-02-14,organic,west,1,7.5
C002433,2024-03-31,organic,east,1,6.77
C002434,2023-08-22,paid_social,west,1,27.0
C002435,2023-10-03,affiliate,north,1,18.84
C002436,2024-08-03,paid_search,west,1,41.84
C002437,2023-05-02,paid_search,south,1,40.45
C002438,2023-09-27,referral,north,1,17.97
C002439,2024-05-21,affiliate,north,1,23.46
C002440,2024-06-23,referral,south,1,12.8
C002441,2025-01-25,paid_social,north,1,41.15
C002442,2023-02-08,organic,east,1,4.81
C002443,2023-04-20,organic,north,1,6.26
C002444,2023-06-29,paid_search,east,1,33.19
C002445,2023-07-21,referral,east,1,10.85
C002446,2024-06-11,organic,west,1,3.81
C002447,2023-10-09,organic,north,1,2.0
C002448,2023-04-04,paid_search,east,1,43.13
C002449,2023-01-19,referral,north,0,18.07
C002450,2023-08-18,paid_search,east,1,41.55
C002451,2023-10-13,organic,east,1,8.0
C002452,2024-08-18,organic,west,1,3.98
C002453,2024-04-20,paid_search,west,1,36.96
C002454,2023-08-03,organic,east,1,2.0
C002455,2023-03-31,referral,north,1,14.61
C002456,2023-07-07,organic,south,0,19.56
C002457,2023-11-07,paid_social,north,0,35.23
C002458,2023-09-08,organic,north,0,16.06
C002459,2024-10-09,organic,west,1,5.24
C002460,2023-11-17,paid_social,west,1,28.14
C002461,2023-11-02,referral,east,1,15.47
C002462,2024-03-19,organic,west,0,5.69
C002463,2023-12-08,organic,west,1,6.87
C002464,2024-02-28,referral,west,0,18.97
C002465,2023-03-23,referral,west,1,2.31
C002466,2024-10-12,paid_search,west,1,45.25
C002467,2024-11-20,paid_search,south,1,31.7
C002468,2023-11-11,paid_search,south,1,36.75
C002469,2023-02-07,paid_search,west,0,33.95
C002470,2023-11-24,organic,west,1,10.07
C002471,2024-03-25,organic,south,1,2.28
C002472,2024-03-22,referral,west,1,12.07
C002473,2025-01-05,paid_social,west,1,25.26
C002474,2024-07-01,paid_social,east,1,33.65
C002475,2023-07-14,organic,west,1,6.16
C002476,2023-01-20,organic,south,0,2.21
C002477,2024-12-19,affiliate,south,1,27.13
C002478,2023-06-22,organic,south,1,2.0
C002479,2023-09-24,paid_search,east,1,44.89
C002480,2024-01-20,affiliate,south,0,30.31
C002481,2024-07-12,paid_social,east,1,43.24
C002482,2024-08-12,referral,east,1,21.33
C002483,2024-08-15,referral,west,1,13.53
C002484,2023-02-06,paid_social,west,1,31.65
C002485,2023-10-01,paid_social,west,1,42.06
C002486,2023-11-12,paid_search,east,1,46.85
C002487,2024-08-13,paid_social,east,1,35.32
C002488,2024-01-20,paid_search,west,1,35.22
C002489,2024-09-04,paid_search,north,1,41.95
C002490,2025-02-20,paid_search,west,1,36.21
C002491,2023-01-18,organic,east,0,9.83
C002492,2025-02-20,paid_search,south,0,41.22
C002493,2024-11-09,referral,west,1,19.03
C002494,2023-04-14,paid_search,north,0,42.65
C002495,2024-02-06,paid_social,north,1,31.47
C002496,2024-06-18,paid_search,south,0,45.25
C002497,2024-09-17,referral,south,0,11.08
C002498,2023-04-28,organic,south,0,7.8
C002499,2023-06-11,organic,north,1,9.21
C002500,2023-01-31,paid_social,north,1,35.39
C002501,2023-08-21,paid_search,north,1,36.38
C002502,2023-06-09,paid_social,south,1,45.52
C002503,2024-07-28,paid_social,north,0,33.88
C002504,2024-05-21,paid_search,east,1,34.82
C002505,2024-06-05,paid_social,north,1,25.79
C002506,2025-02-26,paid_search,north,1,49.11
C002507,2024-07-31,referral,west,1,11.32
C002508,2023-08-05,paid_search,north,1,39.3
C002509,2024-05-21,paid_social,south,1,31.76
C002510,2023-01-05,paid_social,south,1,33.94
C002511,2023-03-28,organic,north,0,9.27
C002512,2024-08-07,paid_social,south,1,28.33
C002513,2024-03-10,paid_search,north,1,40.01
C002514,2023-09-15,organic,east,1,5.97
C002515,2023-03-16,organic,south,1,14.51
C002516,2024-08-19,organic,south,1,8.25
C002517,2024-09-16,affiliate,east,1,33.24
C002518,2023-08-26,organic,south,1,11.64
C002519,2024-03-04,affiliate,north,0,31.05
C002520,2023-11-22,referral,west,1,15.73
C002521,2023-08-26,referral,north,0,17.46
C002522,2023-01-19,paid_social,west,1,30.62
C002523,2023-08-11,paid_search,south,1,46.09
C002524,2024-11-30,paid_search,west,0,42.25
C002525,2024-12-21,referral,north,0,13.7
C002526,2023-02-16,paid_search,south,1,41.76
C002527,2024-04-06,organic,east,1,13.82
C002528,2024-12-14,paid_social,south,0,35.47
C002529,2024-11-19,paid_search,south,1,42.02
C002530,2024-08-01,referral,west,1,11.45
C002531,2024-01-04,paid_search,west,1,47.23
C002532,2024-12-03,organic,south,1,5.47
C002533,2023-10-28,paid_social,east,1,29.55
C002534,2024-07-17,paid_search,east,0,45.18
C002535,2025-01-05,paid_search,west,1,44.72
C002536,2024-02-17,paid_search,west,1,45.8
C002537,2023-06-16,paid_social,west,1,41.16
C002538,2024-09-25,organic,north,1,6.17
C002539,2024-11-01,paid_search,west,1,37.31
C002540,2024-06-17,paid_search,north,1,37.49
C002541,2024-06-25,paid_search,north,1,43.28
C002542,2023-02-08,paid_search,east,1,38.91
C002543,2023-05-20,affiliate,east,1,29.73
C002544,2024-11-12,paid_search,south,1,45.67
C002545,2024-07-22,organic,west,1,2.86
C002546,2024-11-29,referral,west,0,11.53
C002547,2023-04-06,paid_search,west,1,44.17
C002548,2024-06-06,organic,north,1,18.85
C002549,2023-08-09,organic,south,1,8.99
C002550,2024-10-25,referral,west,1,16.52
C002551,2023-12-28,organic,east,0,15.66
C002552,2023-03-21,paid_search,west,0,41.21
C002553,2023-12-11,paid_search,south,1,45.0
C002554,2024-12-31,paid_search,south,1,42.86
C002555,2023-08-22,affiliate,west,1,26.53
C002556,2024-12-01,organic,east,0,5.15
C002557,2023-02-16,paid_search,south,1,41.68
C002558,2024-08-30,paid_social,north,1,33.38
C002559,2023-08-15,affiliate,east,0,28.02
C002560,2025-01-27,referral,south,1,13.31
C002561,2024-09-13,organic,north,1,11.4
C002562,2024-04-04,paid_search,south,1,38.87
C002563,2023-07-25,organic,south,1,8.39
C002564,2023-11-26,organic,north,1,2.0
C002565,2023-06-14,paid_search,north,0,32.27
C002566,2025-02-18,affiliate,south,0,25.98
C002567,2024-12-10,organic,south,1,10.53
C002568,2024-04-19,organic,east,1,16.6
C002569,2024-03-28,paid_search,north,1,43.07
C002570,2023-08-09,paid_search,south,1,35.17
C002571,2024-01-12,organic,east,1,4.85
C002572,2023-03-28,paid_search,north,0,43.38
C002573,2023-08-23,paid_social,south,1,40.7
C002574,2024-03-25,organic,west,1,12.87
C002575,2024-02-18,paid_social,south,0,33.75
C002576,2024-01-30,referral,east,1,9.86
C002577,2023-03-18,organic,south,1,13.45
C002578,2023-12-19,paid_search,east,0,53.9
C002579,2024-07-26,referral,west,0,14.41
C002580,2023-05-15,affiliate,west,1,31.54
C002581,2024-05-25,referral,west,0,2.45
C002582,2023-12-23,paid_search,south,0,41.52
C002583,2023-02-08,organic,north,1,2.74
C002584,2024-11-25,paid_search,south,1,49.53
C002585,2023-12-26,organic,east,1,8.61
C002586,2023-07-04,paid_search,north,0,50.54
C002587,2023-12-04,paid_search,south,1,39.66
C002588,2024-08-30,organic,south,1,2.0
C002589,2024-08-22,referral,west,1,15.54
C002590,2024-12-07,paid_social,west,1,29.03
C002591,2024-01-03,paid_social,west,1,34.34
C002592,2024-10-08,organic,west,1,12.99
C002593,2023-03-09,organic,south,1,11.23
C002594,2024-03-27,paid_search,south,1,38.51
C002595,2024-01-31,paid_social,north,0,39.22
C002596,2024-01-28,organic,north,0,2.0
C002597,2023-07-14,organic,west,1,10.54
C002598,2024-09-05,paid_social,east,0,30.79
C002599,2024-12-22,referral,east,1,15.91
C002600,2024-06-11,paid_search,east,1,39.34
C002601,2023-12-25,organic,east,1,2.0
C002602,2024-04-22,organic,east,1,4.95
C002603,2025-02-13,organic,west,1,10.07
C002604,2024-03-12,affiliate,north,1,33.95
C002605,2024-10-30,paid_social,east,1,31.69
C002606,2023-05-18,paid_search,east,1,36.99
C002607,2024-01-01,paid_search,north,1,37.31
C002608,2023-04-24,paid_social,south,0,36.77
C002609,2024-04-07,referral,west,1,17.97
C002610,2023-04-14,affiliate,north,1,20.14
C002611,2023-06-16,organic,south,1,8.13
C002612,2024-04-24,paid_social,north,1,25.41
C002613,2024-06-13,organic,west,1,3.95
C002614,2024-06-15,paid_social,north,0,29.2
C002615,2023-04-08,paid_social,east,1,30.81
C002616,2024-08-01,paid_social,north,1,33.38
C002617,2023-05-05,paid_search,west,0,31.6
C002618,2023-03-24,organic,east,1,7.52
C002619,2023-06-10,organic,west,1,9.41
C002620,2023-04-27,referral,south,0,21.05
C002621,2023-10-06,paid_social,south,1,39.27
C002622,2024-03-02,paid_social,north,0,39.81
C002623,2024-01-16,organic,north,1,4.62
C002624,2024-06-13,paid_social,north,1,40.74
C002625,2023-06-02,referral,east,1,13.38
C002626,2023-02-04,organic,west,1,3.31
C002627,2024-06-29,paid_search,south,0,44.05
C002628,2024-09-09,affiliate,south,1,21.39
C002629,2025-02-26,affiliate,east,1,25.94
C002630,2024-02-29,organic,north,0,16.65
C002631,2025-02-15,paid_social,south,0,39.47
C002632,2024-04-28,paid_social,south,1,30.56
C002633,2023-07-13,referral,south,1,14.01
C002634,2023-05-10,organic,east,1,9.07
C002635,2024-04-03,organic,west,1,2.0
C002636,2024-08-30,referral,south,1,20.8
C002637,2025-02-25,paid_social,south,1,38.64
C002638,2024-12-29,organic,south,1,4.13
C002639,2023-11-25,organic,east,1,12.43
C002640,2023-01-27,referral,north,1,22.95
C002641,2023-04-27,paid_social,north,1,33.78
C002642,2023-12-01,paid_search,west,1,42.25
C002643,2024-12-21,paid_search,east,1,47.38
C002644,2025-02-17,organic,east,1,14.63
C002645,2023-09-03,paid_search,south,1,40.79
C002646,2023-04-11,paid_search,east,1,46.73
C002647,2023-12-19,organic,south,1,11.04
C002648,2023-08-31,paid_search,north,1,39.96
C002649,2023-02-26,organic,south,1,3.96
C002650,2023-04-21,organic,north,1,6.81
C002651,2024-05-06,paid_social,west,1,54.96
C002652,2024-12-26,referral,west,1,27.77
C002653,2024-12-05,affiliate,north,1,30.02
C002654,2023-02-27,affiliate,west,1,27.14
C002655,2024-05-31,affiliate,east,0,30.47
C002656,2023-05-10,organic,north,1,4.83
C002657,2024-02-01,affiliate,north,0,31.09
C002658,2023-01-18,organic,north,1,10.85
C002659,2023-12-05,paid_search,east,1,42.39
C002660,2023-10-22,organic,south,1,2.25
C002661,2023-04-17,referral,west,1,16.18
C002662,2023-08-25,affiliate,east,1,25.51
C002663,2025-02-13,organic,west,1,8.8
C002664,2024-03-17,referral,east,1,12.36
C002665,2024-09-23,affiliate,south,0,26.22
C002666,2023-07-04,referral,east,0,15.2
C002667,2023-03-26,affiliate,east,1,26.93
C002668,2024-07-20,paid_social,north,1,33.67
C002669,2024-08-27,referral,east,0,23.25
C002670,2024-10-06,paid_search,east,0,46.79
C002671,2024-05-15,paid_search,north,1,43.94
C002672,2024-12-22,paid_search,west,1,36.43
C002673,2024-05-23,referral,west,1,9.89
C002674,2023-10-11,organic,north,1,7.85
C002675,2023-08-06,organic,east,0,2.0
C002676,2023-02-12,organic,east,1,11.59
C002677,2024-11-22,paid_search,north,1,46.61
C002678,2025-01-31,organic,east,1,2.0
C002679,2024-05-24,organic,west,1,5.04
C002680,2023-11-25,referral,south,1,13.39
C002681,2024-06-26,paid_social,east,1,37.91
C002682,2024-04-13,paid_search,west,0,41.43
C002683,2024-06-06,organic,north,1,2.42
C002684,2023-07-18,referral,east,1,15.35
C002685,2025-02-04,paid_search,east,1,44.46
C002686,2024-06-22,paid_social,south,0,38.1
C002687,2023-02-09,paid_search,south,1,37.33
C002688,2023-05-05,organic,north,1,7.92
C002689,2024-07-29,paid_search,north,0,39.42
C002690,2024-09-08,organic,east,1,11.15
C002691,2023-08-22,organic,east,1,12.07
C002692,2023-03-27,paid_search,south,1,41.88
C002693,2023-05-13,referral,west,0,11.1
C002694,2023-01-01,affiliate,east,1,21.45
C002695,2023-09-14,organic,south,1,9.17
C002696,2023-12-09,paid_search,north,1,41.71
C002697,2024-10-27,referral,east,1,10.28
C002698,2023-07-23,affiliate,west,1,33.71
C002699,2023-11-27,organic,east,1,12.81
C002700,2024-03-18,affiliate,west,0,24.48
C002701,2023-08-15,referral,west,1,14.58
C002702,2024-03-23,paid_social,west,0,45.02
C002703,2024-02-01,paid_search,south,1,31.74
C002704,2024-06-28,paid_search,north,1,36.35
C002705,2023-12-15,organic,north,1,2.0
C002706,2024-04-05,paid_social,west,1,38.25
C002707,2024-01-12,paid_search,south,0,43.1
C002708,2024-12-01,referral,east,0,15.72
C002709,2023-07-29,paid_search,east,0,43.39
C002710,2025-01-08,referral,north,1,17.73
C002711,2023-02-06,paid_social,north,1,32.24
C002712,2023-12-10,paid_search,east,1,47.08
C002713,2024-02-14,paid_social,north,1,36.72
C002714,2024-12-18,paid_search,west,0,31.92
C002715,2024-01-03,referral,east,1,4.66
C002716,2023-04-07,organic,east,1,4.33
C002717,2023-03-03,paid_social,south,1,39.79
C002718,2024-05-21,affiliate,north,1,30.37
C002719,2023-08-18,organic,north,1,7.16
C002720,2024-11-10,affiliate,east,1,31.32
C002721,2024-01-28,organic,north,1,2.0
C002722,2024-07-11,referral,north,1,14.38
C002723,2023-06-02,affiliate,west,1,22.49
C002724,2023-02-25,paid_social,west,1,33.03
C002725,2023-01-10,affiliate,north,1,20.61
C002726,2024-12-19,organic,west,1,2.0
C002727,2023-10-05,paid_social,south,1,33.4
C002728,2024-08-16,paid_search,east,1,37.43
C002729,2023-08-01,paid_search,north,1,36.53
C002730,2024-11-09,referral,west,1,12.25
C002731,2023-06-28,organic,west,1,5.43
C002732,2023-12-23,paid_social,east,0,36.3
C002733,2024-06-28,paid_social,east,1,26.89
C002734,2023-04-20,affiliate,west,1,26.67
C002735,2023-08-08,referral,south,1,18.38
C002736,2023-10-27,organic,east,1,11.0
C002737,2023-09-06,affiliate,south,0,26.84
C002738,2023-06-23,affiliate,north,0,31.36
C002739,2023-12-24,organic,north,0,7.53
C002740,2023-03-21,paid_social,west,1,35.24
C002741,2024-07-03,referral,east,1,10.59
C002742,2024-06-17,organic,east,1,7.04
C002743,2023-03-28,referral,west,1,6.06
C002744,2024-02-24,organic,south,0,10.73
C002745,2023-05-31,organic,west,0,10.05
C002746,2024-07-15,organic,north,1,9.02
C002747,2024-02-22,affiliate,east,1,25.74
C002748,2024-01-24,paid_search,west,1,33.56
C002749,2024-05-26,organic,east,1,2.0
C002750,2023-04-16,organic,north,1,15.34
C002751,2024-03-08,paid_social,west,1,37.3
C002752,2024-11-13,organic,north,1,10.06
C002753,2024-04-01,paid_search,south,1,42.71
C002754,2023-05-16,affiliate,south,1,32.96
C002755,2024-07-23,paid_search,north,1,36.43
C002756,2023-08-11,organic,east,0,5.03
C002757,2024-08-29,referral,north,0,23.59
C002758,2023-10-20,organic,east,1,9.86
C002759,2024-05-24,affiliate,south,1,17.21
C002760,2023-05-09,paid_search,west,1,37.75
C002761,2023-03-15,paid_social,east,0,42.7
C002762,2024-02-03,organic,west,1,3.24
C002763,2023-01-15,organic,south,1,21.81
C002764,2024-02-28,affiliate,east,0,30.65
C002765,2024-04-29,organic,south,1,11.43
C002766,2023-02-12,organic,north,1,6.52
C002767,2024-07-12,organic,west,1,5.49
C002768,2024-12-19,organic,east,1,2.0
C002769,2024-07-21,affiliate,east,1,21.18
C002770,2023-11-30,organic,north,0,2.86
C002771,2024-04-28,paid_search,east,1,33.42
C002772,2023-07-22,referral,north,1,20.88
C002773,2024-06-14,referral,east,1,19.7
C002774,2023-11-21,referral,north,0,16.19
C002775,2024-10-24,paid_social,south,1,42.19
C002776,2023-07-20,paid_social,west,1,35.36
C002777,2023-09-20,referral,north,1,15.98
C002778,2023-07-20,organic,west,1,8.65
C002779,2023-09-14,paid_search,west,1,40.44
C002780,2024-04-04,paid_social,east,1,34.7
C002781,2023-04-29,affiliate,north,1,20.28
C002782,2023-06-17,paid_search,north,1,45.94
C002783,2024-08-04,paid_social,north,1,32.78
C002784,2024-10-16,organic,north,1,2.0
C002785,2024-10-08,affiliate,south,0,29.13
C002786,2023-11-24,organic,south,0,10.11
C002787,2024-12-16,paid_social,north,1,36.9
C002788,2024-07-11,paid_social,west,1,24.15
C002789,2023-11-29,paid_search,north,1,39.7
C002790,2024-05-26,paid_search,west,1,44.83
C002791,2023-08-10,referral,east,1,21.43
C002792,2023-08-05,referral,south,1,12.44
C002793,2023-06-25,organic,west,1,2.01
C002794,2023-12-12,paid_search,east,1,32.88
C002795,2024-06-26,organic,west,0,6.86
C002796,2023-08-28,organic,east,1,4.66
C002797,2024-03-29,paid_social,south,0,25.79
C002798,2023-01-15,affiliate,south,1,23.2
C002799,2025-01-06,organic,west,1,6.65
C002800,2023-05-16,referral,west,0,11.42
C002801,2024-03-17,affiliate,west,1,25.97
C002802,2024-02-10,organic,east,1,5.1
C002803,2023-08-05,paid_search,south,0,33.5
C002804,2023-09-12,paid_social,south,0,32.94
C002805,2023-06-22,organic,west,1,8.27
C002806,2024-03-04,affiliate,south,0,29.23
C002807,2024-03-18,paid_social,west,1,37.17
C002808,2023-10-11,paid_search,north,0,33.62
C002809,2023-09-16,referral,east,1,8.04
C002810,2023-01-25,referral,north,0,5.03
C002811,2023-09-30,paid_search,west,1,39.85
C002812,2024-02-16,organic,east,1,7.47
C002813,2024-08-14,organic,east,1,10.93
C002814,2023-05-25,organic,south,1,20.2
C002815,2023-07-14,paid_social,west,1,29.6
C002816,2024-07-26,organic,east,0,12.62
C002817,2024-01-03,paid_search,south,1,46.22
C002818,2024-10-14,referral,south,1,23.26
C002819,2024-04-05,paid_social,north,1,36.1
C002820,2024-03-07,organic,west,1,4.34
C002821,2023-07-13,affiliate,north,1,39.07
C002822,2025-01-22,paid_search,east,1,42.51
C002823,2023-08-16,organic,north,1,8.56
C002824,2024-10-08,referral,north,1,15.87
C002825,2024-08-25,affiliate,south,1,21.64
C002826,2024-01-11,organic,north,1,10.62
C002827,2024-11-04,organic,east,1,12.3
C002828,2023-10-13,organic,south,1,5.05
C002829,2023-03-05,paid_social,south,1,37.62
C002830,2025-02-01,organic,north,1,4.68
C002831,2024-07-04,paid_search,south,0,47.56
C002832,2024-09-01,affiliate,south,1,16.5
C002833,2023-10-26,referral,west,0,12.01
C002834,2023-05-11,organic,west,1,2.0
C002835,2024-07-09,organic,east,0,11.71
C002836,2023-12-10,organic,west,1,2.0
C002837,2024-08-12,paid_search,west,1,39.67
C002838,2024-07-30,referral,east,0,18.73
C002839,2024-12-25,referral,north,0,13.56
C002840,2024-07-12,affiliate,west,0,20.62
C002841,2024-08-30,paid_social,south,0,39.46
C002842,2024-03-31,paid_social,south,1,33.05
C002843,2024-12-03,paid_social,south,1,33.99
C002844,2023-08-14,referral,west,0,26.78
C002845,2024-07-30,paid_search,north,1,45.51
C002846,2023-05-09,paid_social,east,1,33.04
C002847,2024-03-02,organic,south,0,2.0
C002848,2024-01-30,affiliate,south,0,24.26
C002849,2024-01-18,paid_search,north,1,43.98
C002850,2024-11-28,affiliate,south,0,30.64
C002851,2024-04-05,paid_search,west,1,42.58
C002852,2023-08-22,paid_social,east,1,30.92
C002853,2023-12-23,paid_search,west,1,50.98
C002854,2025-01-16,paid_search,west,1,47.03
C002855,2025-01-18,paid_search,west,1,37.96
C002856,2024-09-14,paid_search,north,1,40.53
C002857,2024-07-01,paid_social,east,1,39.57
C002858,2023-01-13,organic,north,1,10.29
C002859,2023-10-05,referral,north,1,10.17
C002860,2023-01-21,paid_social,south,1,32.1
C002861,2024-07-08,paid_search,east,1,40.46
C002862,2024-04-23,affiliate,south,1,31.18
C002863,2023-09-17,paid_search,south,0,48.96
C002864,2024-11-23,organic,east,1,6.11
C002865,2024-12-03,organic,west,1,10.81
C002866,2023-08-14,organic,west,1,11.21
C002867,2025-02-15,affiliate,west,1,18.87
C002868,2023-03-20,paid_social,north,1,34.49
C002869,2024-05-18,organic,south,0,3.74
C002870,2024-11-25,paid_search,south,1,46.78
C002871,2023-06-22,organic,south,0,5.76
C002872,2023-12-31,paid_social,south,1,24.63
C002873,2023-05-22,organic,west,0,3.79
C002874,2024-01-21,paid_search,east,1,46.5
C002875,2024-11-01,paid_search,north,1,39.09
C002876,2024-12-21,organic,south,1,10.77
C002877,2024-12-19,paid_search,south,1,47.27
C002878,2024-11-06,organic,south,1,5.31
C002879,2024-11-05,paid_search,south,1,44.41
C002880,2024-12-01,paid_social,north,1,35.08
C002881,2024-08-19,organic,east,1,4.85
C002882,2023-11-16,organic,north,1,13.55
C002883,2024-09-07,paid_search,south,0,41.7
C002884,2024-08-04,paid_search,east,1,46.47
C002885,2023-03-05,organic,north,1,2.0
C002886,2024-11-15,referral,north,1,3.22
C002887,2024-05-09,affiliate,west,1,32.86
C002888,2024-08-10,affiliate,south,1,22.99
C002889,2023-03-11,referral,north,1,13.79
C002890,2024-05-10,paid_social,north,1,37.33
C002891,2024-10-23,paid_social,south,1,39.3
C002892,2023-04-13,paid_search,north,1,41.94
C002893,2024-12-06,organic,west,1,7.5
C002894,2023-09-23,paid_social,east,1,33.94
C002895,2025-02-14,organic,east,1,6.74
C002896,2024-01-19,paid_search,west,1,33.75
C002897,2025-02-14,paid_search,north,0,41.84
C002898,2024-08-23,organic,west,0,11.4
C002899,2024-04-13,affiliate,south,0,21.77
C002900,2024-03-03,referral,south,1,10.48
C002901,2024-04-28,affiliate,north,1,20.96
C002902,2023-08-13,paid_search,south,0,47.5
C002903,2025-02-05,organic,south,1,15.64
C002904,2025-01-01,affiliate,west,1,31.27
C002905,2024-04-15,organic,south,0,13.13
C002906,2023-04-05,paid_search,east,1,45.91
C002907,2023-09-17,referral,east,0,6.07
C002908,2023-08-31,paid_search,south,1,40.7
C002909,2024-10-25,paid_social,north,1,28.44
C002910,2025-02-27,paid_search,north,1,36.2
C002911,2023-03-03,paid_search,south,1,54.6
C002912,2025-02-25,paid_social,north,0,39.2
C002913,2024-03-26,referral,west,0,3.11
C002914,2024-02-28,paid_social,east,0,32.76
C002915,2024-11-15,paid_search,east,1,39.88
C002916,2023-10-19,paid_search,north,1,48.48
C002917,2024-04-06,organic,south,0,8.02
C002918,2024-06-04,affiliate,west,0,19.72
C002919,2023-01-31,paid_search,south,1,45.46
C002920,2024-11-06,referral,west,1,20.57
C002921,2023-04-14,affiliate,north,1,27.35
C002922,2024-03-16,paid_social,east,0,38.38
C002923,2024-01-15,paid_social,east,1,24.63
C002924,2023-09-13,paid_social,east,0,26.34
C002925,2024-05-18,organic,south,0,11.89
C002926,2024-09-03,organic,south,1,2.0
C002927,2023-06-07,affiliate,south,1,26.77
C002928,2023-10-10,referral,south,1,5.47
C002929,2023-01-17,organic,west,0,3.67
C002930,2023-04-01,organic,north,1,14.59
C002931,2024-01-09,paid_social,west,1,30.96
C002932,2023-12-15,paid_search,north,1,38.32
C002933,2025-02-25,organic,north,1,9.28
C002934,2023-01-17,paid_search,east,1,42.69
C002935,2023-01-31,organic,east,0,5.97
C002936,2024-02-22,paid_social,east,1,35.39
C002937,2023-01-19,paid_search,north,1,42.15
C002938,2024-11-20,paid_social,east,1,34.14
C002939,2024-08-20,organic,east,1,4.27
C002940,2024-11-03,paid_search,south,0,43.44
C002941,2024-06-23,paid_search,south,1,45.84
C002942,2024-02-22,organic,south,1,8.83
C002943,2023-03-17,paid_social,west,1,35.76
C002944,2024-03-16,paid_search,north,1,46.36
C002945,2023-03-02,organic,east,1,3.1
C002946,2023-10-02,paid_search,west,1,38.08
C002947,2024-03-30,paid_social,east,1,38.08
C002948,2024-09-10,paid_social,west,1,29.47
C002949,2024-12-09,organic,south,0,6.43
C002950,2023-10-15,referral,south,0,15.35
C002951,2024-03-30,organic,north,1,2.64
C002952,2024-10-06,paid_social,west,1,31.36
C002953,2024-08-29,referral,west,1,10.37
C002954,2023-09-01,referral,north,0,9.68
C002955,2023-01-10,referral,east,1,5.32
C002956,2023-10-13,affiliate,east,1,25.76
C002957,2024-12-19,paid_search,south,0,36.01
C002958,2024-09-04,paid_social,north,1,27.82
C002959,2024-03-29,organic,west,0,16.32
C002960,2023-05-29,organic,south,1,8.03
C002961,2024-04-07,organic,east,0,4.38
C002962,2023-06-09,paid_search,north,0,43.55
C002963,2024-07-09,paid_search,north,1,48.53
C002964,2024-03-06,paid_social,north,1,30.05
C002965,2023-03-06,paid_search,north,1,41.87
C002966,2023-05-09,referral,east,1,15.69
C002967,2023-09-09,paid_search,north,0,42.76
C002968,2024-06-24,paid_social,west,1,28.08
C002969,2023-04-20,organic,north,1,13.2
C002970,2024-03-09,paid_social,north,1,33.85
C002971,2024-03-14,organic,west,0,3.8
C002972,2024-12-05,paid_social,south,1,41.25
C002973,2023-01-01,referral,west,1,20.82
C002974,2025-01-21,paid_social,south,1,32.72
C002975,2024-04-29,paid_social,west,0,37.74
C002976,2024-02-04,paid_search,east,1,47.07
C002977,2023-03-29,paid_social,west,1,29.59
C002978,2023-10-08,affiliate,north,1,26.23
C002979,2024-01-21,organic,north,0,2.0
C002980,2023-03-06,organic,north,0,13.95
C002981,2023-07-13,organic,west,0,8.12
C002982,2023-01-15,organic,west,0,8.14
C002983,2023-09-03,organic,north,0,11.68
C002984,2023-04-26,organic,north,0,3.68
C002985,2025-02-21,paid_social,south,1,36.87
C002986,2023-07-23,organic,north,1,9.0
C002987,2024-03-23,organic,west,1,3.57
C002988,2024-07-27,referral,east,0,15.56
C002989,2024-05-09,organic,east,1,4.88
C002990,2024-06-05,paid_search,east,1,49.73
C002991,2024-05-30,affiliate,east,1,26.92
C002992,2023-11-09,affiliate,south,1,32.4
C002993,2023-05-08,organic,east,1,2.0
C002994,2024-07-24,paid_social,west,1,30.95
C002995,2023-03-20,organic,west,0,6.79
C002996,2023-01-12,affiliate,south,1,25.12
C002997,2023-09-24,organic,west,0,8.86
C002998,2023-06-23,organic,east,1,7.68
C002999,2024-12-24,paid_search,west,1,47.26
C003000,2024-10-14,paid_search,east,1,41.81
C003001,2024-07-19,paid_search,south,1,40.67
C003002,2024-05-14,organic,north,0,9.34
C003003,2024-08-22,organic,east,1,11.68
C003004,2024-09-10,paid_social,north,1,40.05
C003005,2023-08-18,paid_search,east,1,38.16
C003006,2023-07-08,referral,east,1,9.37
C003007,2024-05-29,paid_social,east,1,35.25
C003008,2024-09-28,paid_social,east,1,37.32
C003009,2023-07-27,paid_search,west,1,43.69
C003010,2023-07-16,organic,south,1,5.86
C003011,2024-02-01,referral,north,0,9.64
C003012,2024-02-16,organic,east,0,6.23
C003013,2024-08-13,organic,north,1,13.83
C003014,2025-01-10,affiliate,east,1,29.24
C003015,2023-04-22,organic,east,1,5.63
C003016,2024-12-17,affiliate,east,1,22.09
C003017,2024-10-14,paid_search,south,0,44.29
C003018,2024-08-04,referral,north,0,7.23
C003019,2024-04-06,paid_search,east,1,43.77
C003020,2023-08-16,referral,east,0,14.66
C003021,2024-10-15,referral,west,1,13.42
C003022,2024-07-12,paid_social,west,1,36.18
C003023,2025-02-04,referral,south,0,13.67
C003024,2024-12-26,referral,south,1,19.09
C003025,2023-04-25,paid_social,north,0,33.78
C003026,2023-05-22,affiliate,west,1,29.73
C003027,2024-10-31,organic,south,0,10.93
C003028,2024-07-18,paid_search,east,1,45.99
C003029,2024-06-30,paid_social,west,1,36.27
C003030,2024-02-24,paid_social,west,0,34.96
C003031,2023-12-12,referral,west,0,9.97
C003032,2023-11-23,referral,south,1,21.98
C003033,2023-02-07,referral,west,0,9.61
C003034,2024-08-10,organic,east,0,7.73
C003035,2023-06-17,affiliate,north,1,29.53
C003036,2023-09-24,affiliate,east,1,36.1
C003037,2025-01-06,paid_social,east,1,39.08
C003038,2023-08-11,paid_search,north,1,42.3
C003039,2023-12-29,affiliate,south,1,30.8
C003040,2023-06-04,affiliate,west,1,23.21
C003041,2025-01-02,referral,south,0,22.4
C003042,2023-04-07,organic,west,1,7.25
C003043,2024-07-28,organic,south,1,3.16
C003044,2025-01-30,organic,west,0,13.36
C003045,2023-07-18,organic,east,1,2.0
C003046,2023-05-02,affiliate,east,1,29.05
C003047,2023-05-12,referral,south,1,18.49
C003048,2024-04-17,paid_social,north,0,28.23
C003049,2024-06-11,affiliate,east,1,34.0
C003050,2024-12-22,paid_social,north,1,40.15
C003051,2023-12-24,referral,west,1,7.72
C003052,2025-02-27,organic,south,1,2.0
C003053,2024-08-30,paid_social,north,1,40.16
C003054,2025-01-26,referral,south,1,18.24
C003055,2023-12-09,referral,south,1,5.65
C003056,2023-03-02,paid_social,south,1,42.01
C003057,2023-09-09,affiliate,east,1,34.35
C003058,2024-03-15,referral,south,0,17.27
C003059,2024-11-18,organic,west,1,2.0
C003060,2024-12-09,referral,west,0,18.37
C003061,2023-11-21,paid_search,west,0,36.11
C003062,2023-04-29,organic,west,0,2.21
C003063,2024-10-09,paid_search,south,1,37.63
C003064,2023-01-02,paid_search,south,1,52.12
C003065,2024-11-19,paid_search,south,1,40.98
C003066,2023-01-19,organic,north,1,8.58
C003067,2023-09-20,referral,south,1,11.98
C003068,2023-11-21,referral,north,1,14.09
C003069,2023-05-22,paid_social,north,1,32.48
C003070,2024-06-26,paid_social,north,1,28.85
C003071,2024-10-30,paid_search,north,1,40.49
C003072,2024-10-26,paid_search,east,1,42.06
C003073,2023-10-12,paid_search,south,0,38.44
C003074,2023-02-09,paid_search,east,1,45.86
C003075,2024-04-22,paid_search,south,0,38.04
C003076,2023-08-25,paid_search,west,1,43.18
C003077,2024-10-24,paid_search,south,1,49.35
C003078,2025-01-09,referral,north,0,10.31
C003079,2023-03-29,paid_search,east,1,45.88
C003080,2023-11-23,affiliate,south,1,26.21
C003081,2023-05-17,referral,north,1,12.7
C003082,2023-04-11,paid_social,south,1,32.47
C003083,2023-04-25,paid_social,west,1,42.15
C003084,2025-02-22,paid_social,south,0,29.07
C003085,2023-03-11,paid_search,south,1,45.68
C003086,2024-03-16,organic,east,1,9.26
C003087,2024-10-17,affiliate,north,0,24.31
C003088,2024-05-05,paid_search,east,1,41.05
C003089,2023-03-17,referral,north,1,17.6
C003090,2024-01-06,paid_social,east,1,22.39
C003091,2023-10-06,organic,north,1,11.97
C003092,2024-10-22,organic,north,1,4.55
C003093,2024-05-23,paid_social,south,0,38.47
C003094,2024-05-21,paid_social,east,1,39.06
C003095,2024-10-11,affiliate,west,1,29.93
C003096,2023-02-19,affiliate,east,1,31.71
C003097,2023-02-12,referral,west,1,14.81
C003098,2024-02-25,paid_search,south,0,37.19
C003099,2023-06-21,organic,east,1,18.36
C003100,2024-05-12,affiliate,north,1,21.27
C003101,2024-12-31,referral,north,0,13.18
C003102,2023-02-11,organic,south,1,3.78
C003103,2023-10-17,affiliate,north,1,35.14
C003104,2023-05-23,organic,south,1,5.52
C003105,2023-12-17,referral,south,1,18.01
C003106,2024-08-15,organic,north,1,3.69
C003107,2024-02-04,paid_search,east,1,33.38
C003108,2023-09-01,paid_search,east,1,43.82
C003109,2024-01-28,paid_social,west,1,30.43
C003110,2023-09-24,paid_search,north,1,42.3
C003111,2023-04-08,paid_search,north,1,36.72
C003112,2023-12-10,organic,west,1,2.0
C003113,2024-07-28,paid_search,west,0,40.11
C003114,2023-08-12,paid_search,west,1,29.58
C003115,2023-12-20,organic,south,1,6.88
C003116,2023-04-15,organic,south,0,7.91
C003117,2023-10-31,paid_search,north,1,39.06
C003118,2023-03-26,organic,south,1,9.09
C003119,2025-01-24,affiliate,west,0,29.31
C003120,2023-07-14,organic,west,1,5.47
C003121,2023-09-03,paid_search,east,1,32.12
C003122,2023-10-02,affiliate,north,1,29.29
C003123,2023-12-15,paid_social,north,1,37.86
C003124,2024-03-21,referral,south,1,18.37
C003125,2024-02-07,referral,east,1,17.51
C003126,2024-01-09,paid_social,north,1,37.66
C003127,2024-04-14,organic,south,1,2.0
C003128,2025-01-28,organic,east,1,2.75
C003129,2024-09-23,affiliate,east,1,27.06
C003130,2023-12-19,paid_search,north,1,49.13
C003131,2024-11-14,organic,north,1,5.44
C003132,2023-01-05,paid_social,west,0,31.2
C003133,2024-11-08,affiliate,east,0,23.33
C003134,2024-06-05,paid_search,south,1,37.31
C003135,2024-04-17,paid_search,south,1,44.48
C003136,2023-06-01,referral,north,0,14.3
C003137,2023-11-03,organic,north,1,11.41
C003138,2024-12-21,paid_social,north,1,29.81
C003139,2023-06-01,affiliate,west,1,31.75
C003140,2023-03-20,organic,south,1,7.95
C003141,2024-12-18,referral,east,0,19.64
C003142,2023-11-20,organic,west,1,9.24
C003143,2025-01-14,organic,east,1,4.89
C003144,2024-08-07,referral,east,1,11.22
C003145,2024-11-08,affiliate,north,1,35.68
C003146,2023-12-12,organic,west,1,13.88
C003147,2024-03-07,affiliate,east,1,30.49
C003148,2024-11-12,referral,south,1,7.12
C003149,2023-07-20,organic,north,1,4.84
C003150,2024-10-07,paid_search,west,0,38.23
C003151,2023-06-24,paid_social,south,1,26.37
C003152,2024-09-05,paid_search,south,0,31.03
C003153,2024-06-25,paid_search,west,0,47.28
C003154,2025-02-20,paid_search,east,1,44.87
C003155,2023-08-04,paid_social,east,1,31.1
C003156,2024-07-09,paid_social,north,0,42.71
C003157,2024-05-04,affiliate,west,0,31.46
C003158,2023-03-08,paid_search,south,1,34.55
C003159,2023-08-07,referral,north,1,16.54
C003160,2023-10-20,organic,east,1,2.0
C003161,2023-07-03,organic,south,0,11.11
C003162,2024-06-27,organic,south,0,5.4
C003163,2023-03-01,referral,east,1,13.03
C003164,2024-04-27,referral,east,1,22.57
C003165,2024-02-28,organic,north,1,2.35
C003166,2024-12-14,affiliate,west,1,21.68
C003167,2024-06-28,referral,north,1,18.23
C003168,2023-05-12,paid_search,south,1,48.27
C003169,2024-08-27,referral,west,1,7.07
C003170,2023-03-20,affiliate,east,1,24.48
C003171,2023-09-04,paid_search,north,0,34.6
C003172,2023-04-06,organic,east,1,7.4
C003173,2023-09-29,affiliate,north,1,30.55
C003174,2023-12-29,referral,south,1,18.01
C003175,2025-01-11,paid_social,west,1,39.42
C003176,2024-12-24,affiliate,east,1,28.97
C003177,2023-07-03,organic,west,0,12.64
C003178,2023-04-04,paid_social,west,0,40.63
C003179,2024-06-16,paid_social,north,1,38.93
C003180,2023-03-30,affiliate,north,1,32.36
C003181,2023-10-01,paid_search,north,1,48.48
C003182,2023-08-18,paid_search,north,1,37.12
C003183,2024-12-19,organic,south,0,15.14
C003184,2023-09-04,referral,west,0,9.45
C003185,2024-10-08,paid_social,north,1,33.63
C003186,2024-01-07,organic,south,1,7.06
C003187,2023-06-12,paid_search,east,1,39.58
C003188,2023-12-06,affiliate,west,1,34.34
C003189,2024-03-04,affiliate,north,0,24.53
C003190,2024-05-10,referral,north,1,13.98
C003191,2023-05-27,referral,east,1,7.82
C003192,2025-01-30,organic,north,1,12.41
C003193,2023-11-03,paid_search,west,0,39.16
C003194,2024-04-05,affiliate,north,1,21.56
C003195,2023-04-18,organic,north,1,10.43
C003196,2024-04-02,referral,north,1,18.54
C003197,2023-09-04,paid_search,south,0,28.41
C003198,2024-09-11,referral,east,1,7.49
C003199,2023-12-19,organic,east,1,2.08
C003200,2024-06-23,paid_search,east,0,45.82
C003201,2023-08-05,paid_search,east,1,36.71
C003202,2023-12-16,organic,north,0,8.74
C003203,2024-08-18,organic,south,1,8.1
C003204,2024-06-02,organic,west,1,17.85
C003205,2023-08-10,referral,north,1,15.08
C003206,2024-08-19,paid_search,west,1,39.61
C003207,2023-09-09,organic,north,1,4.24
C003208,2023-06-26,referral,west,0,12.87
C003209,2023-04-11,referral,west,1,14.66
C003210,2024-04-15,referral,east,1,17.18
C003211,2023-06-28,organic,east,1,2.68
C003212,2024-07-02,organic,east,1,11.91
C003213,2023-08-18,paid_social,west,1,31.68
C003214,2023-03-30,referral,west,1,10.44
C003215,2024-06-17,referral,north,1,16.07
C003216,2023-08-12,organic,east,1,9.57
C003217,2025-02-14,organic,west,1,5.57
C003218,2023-02-10,paid_search,north,0,45.0
C003219,2023-06-12,paid_social,south,1,41.92
C003220,2024-03-26,referral,west,1,18.95
C003221,2024-01-07,paid_search,east,1,44.25
C003222,2025-01-28,referral,west,1,15.64
C003223,2023-07-01,paid_search,north,1,41.9
C003224,2024-10-02,referral,east,1,19.74
C003225,2025-02-13,paid_social,east,0,27.65
C003226,2024-03-31,referral,west,1,16.58
C003227,2023-07-04,organic,south,0,4.72
C003228,2024-08-19,paid_social,east,1,39.15
C003229,2023-10-30,organic,west,1,6.83
C003230,2023-05-25,affiliate,north,1,24.51
C003231,2024-02-08,organic,north,1,12.63
C003232,2023-01-15,organic,east,1,2.0
C003233,2024-02-19,organic,east,0,15.03
C003234,2024-08-30,paid_search,south,1,42.38
C003235,2024-08-24,organic,south,1,19.92
C003236,2024-07-04,affiliate,east,1,13.44
C003237,2023-10-27,paid_social,east,1,28.77
C003238,2023-08-21,organic,north,1,8.83
C003239,2025-02-16,referral,east,1,11.48
C003240,2023-10-15,referral,south,0,14.57
C003241,2024-06-17,paid_search,west,1,36.34
C003242,2023-08-13,affiliate,west,0,31.16
C003243,2023-03-04,paid_search,north,1,38.06
C003244,2023-10-31,organic,north,1,4.83
C003245,2023-01-28,organic,west,1,2.0
C003246,2025-01-31,referral,south,1,12.27
C003247,2023-07-04,organic,east,1,2.0
C003248,2023-05-20,paid_search,north,1,38.46
C003249,2024-11-20,paid_search,south,1,44.31
C003250,2024-08-07,organic,south,0,9.73
C003251,2024-08-29,paid_social,south,0,37.71
C003252,2023-06-04,paid_social,east,0,27.47
C003253,2023-08-16,affiliate,west,0,23.7
C003254,2024-02-09,paid_social,east,0,36.74
C003255,2024-03-19,paid_search,east,1,39.7
C003256,2023-03-01,referral,south,0,10.65
C003257,2024-03-16,paid_social,north,1,25.52
C003258,2024-09-27,paid_social,west,1,39.79
C003259,2024-12-18,referral,west,0,23.11
C003260,2023-07-26,paid_social,north,0,27.73
C003261,2024-09-03,organic,south,1,7.28
C003262,2023-06-09,affiliate,south,1,32.51
C003263,2024-04-07,paid_social,west,1,34.58
C003264,2024-03-24,referral,north,1,4.5
C003265,2024-06-27,referral,north,0,6.85
C003266,2023-10-20,paid_search,south,1,51.9
C003267,2024-08-12,organic,north,1,2.8
C003268,2025-01-22,paid_social,north,1,34.26
C003269,2024-04-21,paid_social,south,1,38.11
C003270,2024-11-02,referral,west,1,12.85
C003271,2024-12-13,affiliate,south,1,33.34
C003272,2023-09-06,paid_search,north,1,32.99
C003273,2024-04-28,referral,east,1,11.19
C003274,2024-12-03,organic,west,1,11.3
C003275,2023-07-24,organic,east,1,10.29
C003276,2023-06-12,organic,south,1,3.05
C003277,2024-04-16,affiliate,west,1,32.9
C003278,2025-01-07,affiliate,west,0,40.42
C003279,2023-08-29,organic,south,1,2.0
C003280,2023-04-28,organic,north,1,9.47
C003281,2023-05-04,paid_search,south,1,40.04
C003282,2023-12-30,affiliate,south,1,20.46
C003283,2024-11-12,paid_search,west,0,32.57
C003284,2024-05-02,referral,north,1,16.08
C003285,2023-01-08,paid_social,south,1,33.51
C003286,2023-11-13,referral,south,1,3.84
C003287,2023-08-23,paid_search,north,0,37.46
C003288,2024-08-15,paid_search,east,1,41.45
C003289,2024-04-12,paid_search,east,0,41.76
C003290,2025-02-07,referral,east,0,14.78
C003291,2023-07-24,organic,east,1,17.77
C003292,2024-11-11,paid_social,west,1,42.73
C003293,2024-08-21,paid_social,west,1,37.07
C003294,2023-12-09,organic,west,1,8.6
C003295,2023-01-27,organic,north,0,17.05
C003296,2024-02-12,organic,north,1,2.0
C003297,2024-12-23,paid_social,east,1,45.38
C003298,2024-11-07,paid_search,east,1,34.22
C003299,2023-05-28,affiliate,south,1,23.74
C003300,2024-05-09,referral,north,0,15.76
C003301,2024-10-15,paid_search,west,1,47.53
C003302,2025-02-09,paid_social,west,0,47.27
C003303,2023-04-18,referral,north,1,22.82
C003304,2024-05-13,paid_social,south,1,37.41
C003305,2023-09-14,paid_search,west,0,45.16
C003306,2023-07-29,paid_social,east,1,29.98
C003307,2023-03-13,organic,north,1,9.67
C003308,2023-05-22,referral,east,0,18.7
C003309,2025-01-21,referral,west,1,19.3
C003310,2024-10-29,organic,east,1,11.97
C003311,2023-02-15,paid_social,west,1,33.6
C003312,2023-03-12,referral,west,1,13.84
C003313,2024-08-17,paid_search,west,0,47.85
C003314,2023-08-03,referral,north,1,22.93
C003315,2023-04-07,affiliate,north,1,22.44
C003316,2023-04-13,paid_social,west,0,37.76
C003317,2024-10-01,affiliate,north,1,28.5
C003318,2025-02-05,referral,west,1,14.49
C003319,2024-08-15,paid_social,west,0,42.44
C003320,2023-03-20,paid_social,east,1,24.36
C003321,2023-11-11,referral,south,1,19.65
C003322,2024-09-04,affiliate,north,1,36.22
C003323,2024-04-26,paid_search,north,1,29.24
C003324,2023-06-16,paid_search,south,1,40.45
C003325,2023-03-15,organic,west,1,5.82
C003326,2023-09-30,referral,south,1,15.54
C003327,2023-09-15,referral,west,0,10.91
C003328,2023-06-24,paid_search,north,0,37.21
C003329,2023-01-04,organic,north,1,2.0
C003330,2023-02-01,paid_search,south,0,45.07
C003331,2023-04-22,paid_social,south,1,35.91
C003332,2024-11-22,organic,east,1,19.46
C003333,2024-08-14,organic,south,1,2.0
C003334,2024-09-06,referral,north,1,9.95
C003335,2023-04-29,paid_search,east,1,44.39
C003336,2024-11-14,paid_social,east,0,36.05
C003337,2024-07-09,paid_search,south,1,42.17
C003338,2023-06-08,organic,north,1,9.35
C003339,2024-08-27,organic,west,1,4.86
C003340,2023-06-26,organic,north,1,14.32
C003341,2023-06-24,paid_social,east,1,36.31
C003342,2023-07-06,paid_search,east,0,44.31
C003343,2023-04-12,referral,south,0,12.23
C003344,2023-04-20,organic,east,1,12.35
C003345,2023-12-14,paid_search,west,1,35.53
C003346,2023-03-25,organic,west,1,10.85
C003347,2023-09-06,referral,west,0,9.56
C003348,2024-05-09,paid_search,south,0,26.97
C003349,2023-03-27,paid_social,north,1,27.07
C003350,2023-12-29,affiliate,north,1,38.25
C003351,2024-06-27,organic,north,1,11.53
C003352,2024-04-14,paid_social,north,1,42.12
C003353,2023-03-24,referral,east,0,8.95
C003354,2024-02-03,paid_search,south,1,43.7
C003355,2025-02-07,paid_search,east,1,36.96
C003356,2023-06-27,paid_social,south,1,28.6
C003357,2024-03-24,paid_social,west,1,25.89
C003358,2023-04-11,organic,north,1,12.81
C003359,2024-04-10,organic,east,1,3.17
C003360,2024-10-28,referral,north,1,17.74
C003361,2023-10-30,organic,north,1,6.14
C003362,2024-02-27,paid_search,north,1,38.49
C003363,2024-11-01,paid_search,east,1,45.86
C003364,2024-07-21,paid_search,west,1,41.77
C003365,2023-12-28,referral,south,1,7.25
C003366,2024-01-25,paid_search,west,1,40.7
C003367,2024-06-05,referral,south,1,7.07
C003368,2023-08-06,organic,west,1,6.19
C003369,2023-04-28,organic,north,1,8.11
C003370,2024-12-27,organic,north,1,15.31
C003371,2023-10-22,organic,north,0,12.75
C003372,2023-09-19,paid_search,south,0,43.1
C003373,2024-09-19,referral,south,1,9.11
C003374,2025-01-21,referral,south,0,13.5
C003375,2023-09-16,paid_search,south,1,53.79
C003376,2023-06-16,organic,west,0,13.03
C003377,2023-11-29,organic,south,1,7.2
C003378,2024-03-22,paid_social,south,0,37.72
C003379,2024-01-04,organic,north,1,2.0
C003380,2025-02-14,paid_social,north,1,39.64
C003381,2024-05-28,affiliate,west,1,33.84
C003382,2023-10-10,paid_social,east,1,36.87
C003383,2023-05-25,referral,east,0,20.32
C003384,2024-12-30,paid_search,north,1,42.01
C003385,2025-01-25,affiliate,south,1,27.58
C003386,2024-11-19,organic,east,1,7.12
C003387,2023-06-29,paid_social,south,1,31.93
C003388,2023-05-30,paid_search,south,0,42.32
C003389,2023-02-28,affiliate,north,1,23.58
C003390,2023-10-10,paid_search,south,1,37.37
C003391,2024-04-21,organic,east,1,9.07
C003392,2023-11-16,referral,west,1,6.22
C003393,2023-08-08,affiliate,west,1,33.17
C003394,2023-05-23,organic,south,1,6.58
C003395,2024-10-13,organic,south,1,13.99
C003396,2024-09-09,affiliate,east,1,30.3
C003397,2023-03-09,paid_search,east,1,43.96
C003398,2023-09-14,paid_social,south,1,38.83
C003399,2024-02-25,paid_social,north,1,30.0
C003400,2024-07-31,organic,south,1,10.17
C003401,2024-01-25,affiliate,west,0,26.39
C003402,2023-08-11,referral,east,1,12.34
C003403,2023-12-19,referral,east,1,19.38
C003404,2024-05-11,referral,east,1,15.61
C003405,2023-04-01,organic,west,1,18.44
C003406,2024-08-14,paid_social,west,1,31.18
C003407,2023-09-26,referral,west,1,12.24
C003408,2023-11-04,paid_search,west,1,32.86
C003409,2025-02-23,paid_search,east,0,42.08
C003410,2024-03-14,paid_social,south,0,37.53
C003411,2023-05-31,paid_social,north,0,28.08
C003412,2024-06-15,affiliate,south,1,26.88
C003413,2023-06-23,paid_search,west,1,51.61
C003414,2023-12-28,paid_social,west,1,26.55
C003415,2023-12-15,paid_social,west,1,40.67
C003416,2024-03-20,paid_social,north,1,26.23
C003417,2023-01-01,organic,north,0,6.93
C003418,2023-03-18,affiliate,west,0,21.61
C003419,2024-01-12,referral,south,0,10.54
C003420,2023-02-28,paid_search,west,1,41.6
C003421,2023-01-23,organic,south,1,9.2
C003422,2025-02-16,paid_social,north,1,38.52
C003423,2024-12-20,referral,east,1,21.84
C003424,2024-02-03,paid_social,south,1,34.29
C003425,2023-03-20,paid_search,west,1,47.82
C003426,2023-01-22,paid_social,north,1,26.69
C003427,2024-03-19,affiliate,south,0,34.49
C003428,2023-08-28,referral,west,1,13.09
C003429,2024-12-06,paid_social,west,1,33.07
C003430,2024-03-15,paid_search,south,1,47.82
C003431,2025-01-18,paid_search,west,0,43.33
C003432,2023-04-29,paid_social,west,1,43.73
C003433,2025-01-19,organic,west,1,11.62
C003434,2024-02-26,organic,north,1,10.76
C003435,2024-08-22,referral,south,0,13.03
C003436,2023-06-05,paid_search,west,1,41.48
C003437,2023-01-20,referral,east,0,18.08
C003438,2023-04-07,organic,west,0,2.0
C003439,2024-08-14,organic,east,1,3.22
C003440,2023-11-16,affiliate,east,1,38.69
C003441,2024-09-24,referral,south,1,13.85
C003442,2024-04-08,referral,west,0,11.75
C003443,2023-01-19,organic,east,1,2.0
C003444,2024-11-16,organic,south,1,15.05
C003445,2024-05-21,organic,west,0,14.39
C003446,2025-02-16,organic,north,0,12.45
C003447,2023-11-01,affiliate,north,1,22.64
C003448,2023-10-25,referral,east,0,9.7
C003449,2023-04-07,paid_social,north,1,31.06
C003450,2024-02-18,referral,east,1,16.03
C003451,2024-10-26,organic,north,0,11.0
C003452,2023-01-04,paid_search,east,1,44.16
C003453,2023-03-24,organic,south,1,8.25
C003454,2023-12-05,referral,south,1,16.32
C003455,2024-05-11,referral,west,1,16.24
C003456,2024-03-20,organic,east,1,15.63
C003457,2024-09-20,organic,east,0,2.0
C003458,2023-10-11,paid_social,south,0,37.4
C003459,2024-10-28,affiliate,south,1,32.19
C003460,2023-08-06,paid_search,east,1,43.77
C003461,2023-04-06,paid_search,east,1,42.75
C003462,2023-03-08,organic,west,1,11.5
C003463,2024-10-20,organic,east,1,4.72
C003464,2023-08-17,paid_search,west,1,42.13
C003465,2024-12-21,organic,east,1,9.01
C003466,2023-01-05,affiliate,east,1,18.13
C003467,2024-05-23,organic,east,1,7.42
C003468,2023-09-05,paid_social,west,1,28.75
C003469,2024-07-26,organic,south,1,8.43
C003470,2024-09-04,paid_social,west,1,31.87
C003471,2024-09-14,paid_search,south,1,37.1
C003472,2024-07-21,paid_social,south,1,43.33
C003473,2023-06-29,paid_search,south,0,41.87
C003474,2023-01-17,paid_social,north,1,25.33
C003475,2023-12-03,paid_search,north,1,38.32
C003476,2024-08-14,organic,south,0,11.38
C003477,2023-09-12,organic,east,1,11.32
C003478,2023-07-08,paid_search,south,1,51.28
C003479,2023-11-19,affiliate,west,1,33.5
C003480,2024-09-13,referral,south,0,13.03
C003481,2024-03-08,paid_search,west,1,48.45
C003482,2024-09-17,referral,north,1,16.78
C003483,2023-11-22,paid_social,east,0,24.13
C003484,2023-10-23,organic,east,0,2.0
C003485,2023-01-23,organic,west,1,12.74
C003486,2024-06-02,paid_search,north,1,46.87
C003487,2025-02-08,paid_social,north,1,28.42
C003488,2024-12-13,paid_search,east,1,44.24
C003489,2023-08-25,paid_social,north,1,31.63
C003490,2023-02-28,paid_social,east,1,26.2
C003491,2024-07-01,organic,west,0,12.98
C003492,2023-02-18,referral,north,0,14.25
C003493,2023-08-01,affiliate,east,1,30.6
C003494,2024-03-05,paid_social,north,1,34.32
C003495,2024-01-26,paid_social,south,1,31.95
C003496,2024-01-21,affiliate,north,1,27.22
C003497,2023-05-19,organic,south,1,9.6
C003498,2024-10-07,paid_search,west,1,42.67
C003499,2024-06-03,paid_search,north,1,35.44
C003500,2023-01-11,referral,south,1,8.79
C003501,2023-05-04,affiliate,east,1,25.7
C003502,2023-06-13,referral,west,1,14.26
C003503,2023-08-22,paid_social,north,1,30.01
C003504,2023-10-18,affiliate,south,1,25.71
C003505,2023-12-13,organic,south,1,15.07
C003506,2023-06-17,organic,north,1,10.37
C003507,2023-08-24,paid_search,west,1,43.66
C003508,2024-12-31,organic,south,1,7.77
C003509,2023-03-23,organic,north,1,10.14
C003510,2023-08-27,paid_social,south,0,35.75
C003511,2024-05-02,organic,south,1,15.89
C003512,2023-12-08,referral,south,0,13.9
C003513,2023-05-04,paid_search,north,0,35.23
C003514,2024-08-07,paid_search,east,1,39.38
C003515,2023-10-09,paid_social,west,1,27.28
C003516,2023-03-24,paid_social,east,0,41.59
C003517,2023-09-21,referral,west,1,15.07
C003518,2023-07-09,paid_social,west,1,33.03
C003519,2023-09-23,organic,north,1,13.38
C003520,2024-01-04,referral,east,1,7.96
C003521,2023-02-20,paid_social,north,1,24.38
C003522,2024-04-11,paid_search,south,1,45.77
C003523,2024-02-09,organic,east,1,8.46
C003524,2024-11-11,paid_social,south,1,37.13
C003525,2023-02-17,organic,south,0,5.32
C003526,2023-12-28,organic,east,1,9.87
C003527,2023-09-26,affiliate,north,1,27.58
C003528,2025-02-16,paid_search,north,1,38.97
C003529,2023-03-23,organic,south,1,5.51
C003530,2023-01-13,paid_social,north,1,42.9
C003531,2024-03-27,organic,east,1,14.43
C003532,2023-11-11,organic,east,1,3.81
C003533,2023-05-30,paid_search,south,1,40.2
C003534,2025-02-17,paid_social,north,1,37.68
C003535,2024-05-06,referral,south,1,16.3
C003536,2024-06-13,paid_search,north,0,38.77
C003537,2024-05-29,paid_search,west,0,45.1
C003538,2024-02-16,paid_search,west,1,37.48
C003539,2023-08-20,paid_search,west,1,35.9
C003540,2025-02-18,organic,south,1,10.17
C003541,2024-06-02,referral,north,0,11.56
C003542,2023-05-16,paid_search,east,1,37.32
C003543,2023-08-17,organic,west,1,10.48
C003544,2023-07-16,referral,south,1,5.26
C003545,2024-07-29,referral,south,1,9.23
C003546,2023-12-01,affiliate,west,0,30.11
C003547,2024-08-09,organic,north,0,7.9
C003548,2024-10-18,paid_search,east,1,44.58
C003549,2023-02-22,referral,east,1,20.45
C003550,2024-09-03,affiliate,south,0,24.33
C003551,2023-04-28,organic,north,0,2.0
C003552,2024-09-09,paid_search,north,1,30.27
C003553,2024-04-26,paid_social,west,1,30.0
C003554,2023-01-07,referral,south,1,10.64
C003555,2024-12-02,referral,west,1,18.89
C003556,2023-01-23,affiliate,south,0,27.65
C003557,2023-10-15,affiliate,south,1,37.03
C003558,2024-12-13,paid_search,west,1,45.08
C003559,2024-01-04,paid_search,west,1,48.06
C003560,2024-02-11,paid_search,north,0,36.86
C003561,2023-08-19,paid_social,south,0,31.9
C003562,2023-11-29,paid_search,west,1,41.42
C003563,2025-02-27,paid_search,south,1,42.31
C003564,2023-10-02,organic,north,1,21.76
C003565,2023-10-30,paid_search,west,1,32.07
C003566,2024-03-29,paid_search,south,1,40.4
C003567,2024-12-16,organic,north,1,9.86
C003568,2024-07-18,paid_search,west,1,41.16
C003569,2024-05-09,paid_social,south,1,33.82
C003570,2023-10-10,organic,south,0,15.48
C003571,2025-01-16,organic,west,1,5.58
C003572,2024-02-23,referral,south,1,16.18
C003573,2023-07-07,affiliate,north,1,23.58
C003574,2023-08-27,referral,north,1,16.71
C003575,2024-12-23,organic,north,1,9.08
C003576,2023-08-27,paid_search,west,1,41.7
C003577,2023-05-23,paid_social,west,1,33.8
C003578,2023-10-18,referral,east,1,9.66
C003579,2024-12-24,organic,south,1,13.2
C003580,2023-12-06,organic,north,0,8.9
C003581,2023-03-21,affiliate,north,1,26.32
C003582,2024-11-26,paid_search,east,1,43.83
C003583,2024-05-14,organic,west,1,4.95
C003584,2024-08-03,paid_social,north,1,36.26
C003585,2023-04-04,organic,east,0,6.68
C003586,2024-04-04,paid_social,south,1,30.07
C003587,2023-06-19,paid_search,west,1,45.66
C003588,2024-12-14,paid_search,north,1,42.02
C003589,2023-08-13,organic,west,1,7.56
C003590,2023-07-06,paid_search,south,1,40.35
C003591,2024-12-01,paid_social,south,1,32.02
C003592,2023-02-20,referral,north,1,18.1
C003593,2023-07-07,organic,south,0,7.09
C003594,2024-04-18,referral,east,1,13.84
C003595,2023-10-03,affiliate,south,1,31.64
C003596,2023-04-25,organic,south,1,9.57
C003597,2024-11-25,paid_search,north,1,43.62
C003598,2024-09-02,affiliate,south,1,33.02
C003599,2023-04-08,affiliate,south,0,25.07
C003600,2025-01-24,paid_search,south,1,46.81
C003601,2024-11-10,paid_search,south,1,41.8
C003602,2023-01-17,organic,north,1,20.12
C003603,2024-08-04,organic,east,1,9.05
C003604,2024-07-31,affiliate,west,1,34.41
C003605,2023-02-25,organic,east,0,14.01
C003606,2023-08-29,paid_search,north,1,33.84
C003607,2025-01-15,paid_social,south,1,36.94
C003608,2024-12-03,paid_social,east,1,35.39
C003609,2023-06-20,paid_social,north,1,30.14
C003610,2023-01-03,affiliate,north,0,26.87
C003611,2023-03-12,organic,north,0,5.42
C003612,2023-03-18,referral,south,0,15.59
C003613,2023-09-26,organic,west,1,5.43
C003614,2023-06-04,paid_social,south,1,32.72
C003615,2024-07-23,organic,north,1,2.0
C003616,2024-01-27,paid_search,west,0,44.93
C003617,2023-05-06,organic,south,1,8.03
C003618,2024-04-15,affiliate,west,1,19.27
C003619,2024-03-31,organic,north,0,7.47
C003620,2024-04-16,paid_search,south,1,45.23
C003621,2024-11-05,paid_search,north,1,44.24
C003622,2024-11-12,paid_search,west,1,51.13
C003623,2023-11-23,referral,north,1,9.48
C003624,2023-11-14,paid_search,east,0,51.22
C003625,2024-11-07,paid_social,south,0,37.69
C003626,2025-02-27,organic,north,1,13.78
C003627,2023-04-19,organic,east,1,13.4
C003628,2023-04-28,organic,east,1,7.21
C003629,2025-02-07,paid_search,south,1,39.52
C003630,2023-08-14,affiliate,west,0,21.97
C003631,2024-06-17,referral,north,1,19.17
C003632,2024-05-10,paid_search,south,0,50.72
C003633,2023-08-30,paid_social,south,1,27.08
C003634,2025-01-25,paid_search,south,1,41.8
C003635,2024-06-05,paid_social,west,1,39.05
C003636,2024-08-04,paid_search,east,0,45.07
C003637,2024-12-14,paid_search,south,1,37.85
C003638,2023-12-01,organic,east,1,17.32
C003639,2023-07-06,paid_search,south,1,46.37
C003640,2023-09-02,organic,north,1,14.87
C003641,2024-09-08,organic,south,1,4.85
C003642,2024-09-18,organic,south,1,6.99
C003643,2024-09-30,paid_social,south,1,32.21
C003644,2023-04-24,affiliate,north,1,28.97
C003645,2023-08-24,organic,north,0,12.45
C003646,2023-06-24,paid_social,north,0,37.5
C003647,2023-11-29,referral,east,1,16.9
C003648,2024-11-06,organic,east,1,17.01
C003649,2024-09-18,organic,west,1,18.88
C003650,2023-10-19,referral,west,1,12.92
C003651,2023-08-01,referral,east,1,16.86
C003652,2024-11-07,organic,west,1,12.55
C003653,2024-04-27,affiliate,south,1,30.41
C003654,2024-10-14,referral,north,0,14.5
C003655,2023-08-26,organic,east,1,8.17
C003656,2023-09-12,paid_social,south,0,36.97
C003657,2024-07-10,paid_search,east,1,46.78
C003658,2024-08-08,referral,east,0,14.52
C003659,2024-11-18,affiliate,west,1,29.43
C003660,2023-04-14,paid_search,west,0,43.5
C003661,2023-09-23,referral,north,0,13.85
C003662,2024-03-15,organic,east,1,6.83
C003663,2024-05-02,paid_social,east,1,37.8
C003664,2024-07-11,organic,east,1,3.32
C003665,2023-11-21,referral,north,0,16.08
C003666,2023-06-24,organic,north,0,11.91
C003667,2023-02-17,organic,west,1,12.38
C003668,2023-07-08,organic,north,1,2.0
C003669,2024-10-02,referral,west,0,22.42
C003670,2024-10-12,paid_social,west,1,36.47
C003671,2024-11-16,referral,west,1,18.39
C003672,2023-02-28,paid_search,south,1,40.38
C003673,2024-08-29,organic,west,1,2.9
C003674,2023-09-21,organic,south,0,16.99
C003675,2024-10-10,organic,south,1,10.8
C003676,2023-05-22,paid_social,south,0,36.17
C003677,2023-03-29,paid_search,east,0,38.63
C003678,2024-10-15,organic,north,1,3.3
C003679,2023-09-29,paid_search,east,0,38.31
C003680,2023-05-24,referral,west,0,22.93
C003681,2023-10-23,referral,south,1,12.18
C003682,2023-12-28,referral,south,1,15.34
C003683,2024-07-20,affiliate,east,1,18.61
C003684,2024-01-05,paid_social,north,1,32.04
C003685,2023-08-03,organic,west,0,8.0
C003686,2023-02-02,referral,west,1,22.34
C003687,2023-02-05,paid_search,west,0,41.66
C003688,2023-08-17,paid_search,south,1,34.44
C003689,2023-06-07,paid_social,south,1,41.12
C003690,2024-12-14,paid_search,south,1,39.87
C003691,2023-02-03,organic,north,1,13.47
C003692,2023-11-26,referral,north,1,10.04
C003693,2024-09-30,referral,east,1,20.13
C003694,2025-02-21,organic,west,1,2.0
C003695,2023-03-13,affiliate,south,0,31.09
C003696,2023-03-28,paid_search,north,1,40.85
C003697,2024-01-10,referral,south,1,15.52
C003698,2024-11-16,referral,north,0,8.51
C003699,2024-04-13,affiliate,east,1,28.16
C003700,2023-04-09,organic,north,1,14.54
C003701,2023-07-16,paid_social,south,1,38.61
C003702,2024-05-19,organic,east,1,11.58
C003703,2023-04-24,paid_search,south,1,42.7
C003704,2024-02-03,affiliate,north,0,22.81
C003705,2025-01-24,affiliate,west,1,26.14
C003706,2023-12-26,paid_social,south,0,35.75
C003707,2024-09-11,referral,north,1,14.22
C003708,2024-09-12,paid_search,south,1,44.78
C003709,2023-10-22,organic,north,0,2.51
C003710,2023-09-07,paid_social,south,1,36.56
C003711,2023-03-25,referral,west,0,6.78
C003712,2024-08-05,organic,south,1,9.39
C003713,2024-06-16,affiliate,east,1,25.78
C003714,2023-12-23,affiliate,south,1,25.89
C003715,2023-04-18,organic,west,1,8.2
C003716,2023-01-26,organic,south,1,11.07
C003717,2024-12-09,paid_social,east,1,38.96
C003718,2024-06-07,organic,west,1,5.76
C003719,2025-01-14,organic,north,1,10.84
C003720,2023-10-02,organic,east,1,11.97
C003721,2025-01-29,paid_search,west,1,46.42
C003722,2024-08-08,paid_search,north,1,38.28
C003723,2023-09-11,paid_search,south,0,41.31
C003724,2024-12-05,organic,west,1,4.33
C003725,2023-04-01,organic,south,1,9.99
C003726,2024-10-13,referral,west,1,14.52
C003727,2023-09-13,paid_search,north,1,45.56
C003728,2023-06-08,paid_social,south,1,27.92
C003729,2023-12-20,affiliate,north,1,31.32
C003730,2024-01-21,referral,west,1,18.94
C003731,2024-02-15,referral,west,1,10.97
C003732,2024-09-24,paid_search,south,0,38.3
C003733,2024-08-01,organic,west,1,10.5
C003734,2023-04-27,affiliate,west,1,27.5
C003735,2024-06-01,affiliate,south,1,29.52
C003736,2024-08-02,referral,west,1,13.23
C003737,2023-04-04,paid_search,east,0,45.41
C003738,2023-03-27,organic,west,1,4.37
C003739,2023-11-13,affiliate,north,1,26.08
C003740,2023-07-18,organic,north,1,2.0
C003741,2023-03-06,paid_social,south,1,38.87
C003742,2023-01-06,paid_social,south,0,29.94
C003743,2024-02-16,organic,south,1,13.42
C003744,2025-02-24,affiliate,south,0,28.68
C003745,2024-07-22,paid_social,north,0,29.78
C003746,2023-08-28,affiliate,east,1,36.04
C003747,2023-01-16,paid_search,north,1,41.87
C003748,2024-02-06,paid_social,north,0,38.24
C003749,2024-10-10,referral,south,0,2.0
C003750,2023-03-17,affiliate,east,1,18.88
C003751,2024-12-18,referral,north,0,6.28
C003752,2023-04-24,paid_search,east,1,40.33
C003753,2023-03-29,organic,east,0,14.09
C003754,2023-09-30,organic,south,1,7.06
C003755,2024-09-29,paid_social,north,1,37.02
C003756,2024-03-19,paid_search,east,0,41.17
C003757,2023-07-08,organic,east,1,15.53
C003758,2023-02-21,referral,east,1,13.19
C003759,2024-01-08,organic,south,0,13.54
C003760,2024-09-22,paid_search,north,0,40.96
C003761,2023-01-10,organic,east,1,4.87
C003762,2023-08-12,paid_social,west,1,34.91
C003763,2025-02-09,paid_social,west,0,30.5
C003764,2024-09-06,organic,east,1,17.42
C003765,2023-12-28,paid_social,north,1,30.38
C003766,2025-01-05,affiliate,east,1,26.98
C003767,2024-06-26,organic,west,1,11.34
C003768,2024-07-06,affiliate,south,1,20.36
C003769,2023-06-27,referral,west,0,17.39
C003770,2023-02-22,paid_social,east,1,38.41
C003771,2024-05-29,paid_social,south,0,26.75
C003772,2024-08-27,affiliate,south,1,31.59
C003773,2024-10-16,affiliate,south,0,28.05
C003774,2024-04-16,affiliate,north,1,34.41
C003775,2023-07-11,paid_social,south,0,30.31
C003776,2023-11-27,affiliate,north,0,26.66
C003777,2023-11-12,paid_social,north,1,41.88
C003778,2023-08-01,paid_social,east,1,30.69
C003779,2023-07-26,paid_search,east,1,37.82
C003780,2023-02-01,referral,west,1,11.99
C003781,2023-11-28,organic,south,0,15.64
C003782,2023-04-24,organic,north,0,12.69
C003783,2023-10-08,paid_search,north,1,43.41
C003784,2024-04-30,affiliate,north,1,28.95
C003785,2023-07-18,referral,south,1,14.74
C003786,2024-04-25,affiliate,south,1,21.04
C003787,2023-11-24,organic,south,1,7.95
C003788,2024-01-16,referral,north,0,14.5
C003789,2024-07-16,paid_social,south,1,29.45
C003790,2024-01-19,affiliate,south,1,28.57
C003791,2023-02-26,paid_search,west,0,48.98
C003792,2024-01-09,paid_social,north,0,38.61
C003793,2023-10-08,paid_search,south,1,44.78
C003794,2024-04-16,affiliate,west,1,27.04
C003795,2023-03-02,paid_search,east,0,42.15
C003796,2023-07-24,paid_social,east,0,29.26
C003797,2024-11-16,organic,east,1,8.76
C003798,2024-09-25,paid_social,west,1,31.1
C003799,2023-01-27,paid_search,south,1,46.43
C003800,2025-01-15,paid_search,east,1,37.47
C003801,2023-06-25,organic,south,1,8.1
C003802,2023-03-02,paid_search,south,1,39.0
C003803,2023-01-14,paid_search,north,0,35.81
C003804,2023-10-11,paid_search,south,1,36.83
C003805,2024-10-13,paid_search,west,1,41.86
C003806,2023-02-05,paid_social,east,1,29.83
C003807,2023-02-08,paid_search,north,0,39.61
C003808,2025-02-01,organic,east,1,2.0
C003809,2024-09-05,referral,south,1,11.97
C003810,2024-02-23,paid_search,north,1,45.79
C003811,2023-07-17,paid_search,south,0,45.69
C003812,2023-03-02,organic,south,1,2.0
C003813,2023-10-16,referral,east,1,10.53
C003814,2025-01-10,referral,east,1,16.49
C003815,2024-02-02,organic,north,1,13.2
C003816,2023-12-05,paid_social,east,1,32.4
C003817,2023-05-12,affiliate,east,1,28.55
C003818,2024-10-30,affiliate,south,0,28.48
C003819,2023-05-26,referral,north,1,13.09
C003820,2023-01-28,paid_search,north,1,42.85
C003821,2023-11-10,paid_search,south,1,42.57
C003822,2024-01-06,paid_search,east,0,38.98
C003823,2023-05-06,organic,north,1,8.31
C003824,2023-03-16,affiliate,north,1,34.13
C003825,2024-05-08,organic,south,1,15.96
C003826,2023-08-26,paid_social,south,1,33.36
C003827,2024-07-30,organic,north,1,4.2
C003828,2024-04-03,organic,south,0,16.33
C003829,2024-08-02,referral,east,0,21.71
C003830,2024-08-03,paid_search,south,1,36.0
C003831,2024-09-08,paid_search,south,1,48.46
C003832,2023-01-20,paid_search,east,1,47.62
C003833,2025-02-05,referral,west,0,8.89
C003834,2023-07-11,referral,south,1,7.51
C003835,2024-06-21,paid_search,north,1,46.17
C003836,2023-01-11,paid_search,south,1,39.63
C003837,2025-02-25,paid_search,south,1,38.34
C003838,2024-02-16,paid_search,south,1,45.41
C003839,2024-01-21,organic,east,1,14.2
C003840,2023-06-26,referral,south,1,13.52
C003841,2023-02-27,organic,south,1,2.23
C003842,2024-07-10,organic,west,1,5.83
C003843,2023-02-17,paid_search,south,0,44.38
C003844,2023-07-14,paid_social,north,0,40.7
C003845,2024-04-21,paid_search,north,1,37.75
C003846,2023-09-24,organic,north,0,7.31
C003847,2023-12-31,organic,west,1,7.79
C003848,2023-04-26,affiliate,south,0,24.04
C003849,2023-09-11,organic,west,0,7.95
C003850,2023-04-18,paid_social,north,1,32.76
C003851,2024-12-22,organic,west,1,3.55
C003852,2024-01-15,organic,east,0,16.93
C003853,2024-10-20,paid_search,south,0,49.8
C003854,2024-01-15,paid_search,south,1,44.58
C003855,2023-05-31,organic,west,1,14.22
C003856,2024-12-21,referral,north,1,13.48
C003857,2024-11-15,referral,south,1,16.86
C003858,2023-06-15,referral,north,1,10.84
C003859,2023-05-18,paid_search,north,1,41.99
C003860,2023-08-18,paid_search,south,1,38.34
C003861,2024-06-30,paid_social,west,1,31.57
C003862,2024-11-24,paid_search,south,1,45.25
C003863,2024-04-03,affiliate,north,0,28.37
C003864,2024-05-04,referral,east,1,18.19
C003865,2023-07-02,referral,west,0,2.0
C003866,2024-01-28,organic,east,1,4.72
C003867,2025-01-21,paid_search,south,1,38.13
C003868,2023-12-12,paid_search,west,0,42.44
C003869,2024-05-04,organic,south,1,5.9
C003870,2023-01-04,paid_social,east,1,32.84
C003871,2024-05-13,organic,south,0,9.14
C003872,2023-06-14,paid_search,south,1,44.07
C003873,2023-08-03,referral,north,1,18.52
C003874,2023-05-01,referral,east,1,17.2
C003875,2023-12-31,affiliate,north,1,20.52
C003876,2023-06-29,organic,west,1,9.52
C003877,2023-04-25,referral,north,1,13.12
C003878,2023-03-15,paid_search,south,0,42.18
C003879,2023-08-23,referral,south,0,22.91
C003880,2023-01-21,paid_search,east,1,40.19
C003881,2024-10-07,organic,north,1,4.97
C003882,2024-12-02,organic,west,0,6.32
C003883,2024-09-23,paid_search,north,1,37.58
C003884,2024-08-05,referral,south,1,13.64
C003885,2024-09-01,paid_social,east,1,35.71
C003886,2024-02-14,referral,east,1,9.08
C003887,2024-01-17,paid_social,north,1,31.5
C003888,2023-11-02,organic,south,0,7.99
C003889,2024-01-21,referral,north,1,15.93
C003890,2024-12-10,organic,north,1,6.67
C003891,2024-09-01,paid_social,west,1,29.72
C003892,2023-02-20,affiliate,south,1,36.85
C003893,2024-02-25,organic,west,1,21.5
C003894,2023-02-12,affiliate,south,1,29.53
C003895,2023-05-11,paid_search,east,1,37.68
C003896,2025-01-11,paid_search,west,1,50.07
C003897,2024-09-25,paid_search,east,1,52.48
C003898,2024-01-02,referral,north,1,21.06
C003899,2024-10-15,affiliate,east,1,34.55
C003900,2023-12-16,paid_search,east,1,39.71
C003901,2023-01-11,organic,east,1,9.13
C003902,2024-11-10,affiliate,west,1,24.27
C003903,2024-06-12,affiliate,north,1,31.75
C003904,2024-06-18,paid_search,south,1,46.59
C003905,2024-11-20,referral,north,1,6.71
C003906,2023-01-02,paid_social,north,1,34.95
C003907,2024-05-16,organic,south,1,10.55
C003908,2024-12-22,paid_search,east,0,38.68
C003909,2023-11-27,organic,east,1,2.0
C003910,2024-11-07,paid_social,west,0,33.87
C003911,2023-10-05,affiliate,west,0,36.02
C003912,2024-07-20,paid_search,north,1,38.66
C003913,2024-11-07,paid_search,north,1,39.37
C003914,2024-04-14,paid_search,west,1,40.85
C003915,2023-08-30,paid_social,east,1,34.58
C003916,2023-11-05,paid_search,north,1,41.65
C003917,2023-01-15,referral,south,1,9.06
C003918,2024-03-18,paid_social,south,1,30.88
C003919,2023-09-28,organic,north,0,6.03
C003920,2023-03-25,organic,south,0,9.91
C003921,2024-07-22,organic,east,0,4.25
C003922,2023-12-10,organic,south,1,10.43
C003923,2024-06-17,organic,west,0,7.64
C003924,2023-08-12,affiliate,south,1,24.07
C003925,2025-02-21,referral,east,1,9.27
C003926,2023-02-16,organic,north,1,3.87
C003927,2023-09-12,paid_search,east,1,39.1
C003928,2023-06-03,paid_search,east,1,50.92
C003929,2024-10-27,organic,west,0,9.69
C003930,2024-06-10,organic,south,1,7.82
C003931,2024-03-12,affiliate,south,1,22.21
C003932,2024-01-04,organic,west,1,2.0
C003933,2023-01-11,organic,east,1,10.56
C003934,2023-02-22,referral,south,1,10.89
C003935,2023-11-07,paid_search,south,0,47.07
C003936,2024-07-25,paid_search,north,1,45.27
C003937,2023-01-20,paid_social,east,1,38.0
C003938,2025-02-01,organic,east,1,7.62
C003939,2024-03-07,organic,west,1,14.93
C003940,2024-07-17,organic,east,1,7.28
C003941,2023-05-17,paid_search,west,1,44.47
C003942,2024-09-13,referral,north,1,12.63
C003943,2024-06-04,organic,west,1,9.41
C003944,2024-03-20,organic,east,1,6.99
C003945,2024-10-18,organic,east,0,15.33
C003946,2025-01-01,paid_social,north,0,43.12
C003947,2024-12-04,paid_search,south,1,44.48
C003948,2023-12-10,paid_search,west,1,44.67
C003949,2024-06-08,paid_search,east,1,45.45
C003950,2023-09-23,organic,east,0,13.33
C003951,2024-08-31,organic,east,0,4.42
C003952,2023-03-24,paid_search,west,1,37.71
C003953,2024-04-28,referral,west,1,6.21
C003954,2024-12-09,referral,east,1,17.14
C003955,2023-02-15,paid_search,east,0,42.73
C003956,2024-09-27,organic,west,1,8.28
C003957,2023-12-04,paid_search,north,1,46.33
C003958,2023-07-31,organic,east,1,9.39
C003959,2024-02-04,paid_social,west,1,28.7
C003960,2024-10-03,organic,west,0,4.56
C003961,2024-10-24,paid_social,east,1,34.74
C003962,2024-06-18,organic,south,1,4.4
C003963,2024-06-10,paid_social,west,1,35.03
C003964,2023-08-30,affiliate,north,1,25.78
C003965,2024-12-30,referral,west,1,13.36
C003966,2023-05-11,paid_search,north,0,38.81
C003967,2024-01-10,referral,south,0,9.78
C003968,2024-08-25,organic,west,1,7.15
C003969,2024-07-14,affiliate,west,1,26.11
C003970,2024-07-02,paid_search,east,0,49.61
C003971,2024-10-01,organic,west,1,3.28
C003972,2023-08-10,affiliate,south,1,23.58
C003973,2024-12-24,organic,north,0,17.77
C003974,2023-06-27,referral,east,0,18.37
C003975,2024-05-15,paid_social,south,1,33.86
C003976,2024-03-07,referral,north,1,17.1
C003977,2023-06-12,paid_search,east,0,44.59
C003978,2024-03-10,paid_social,north,0,40.45
C003979,2025-01-29,paid_search,north,1,48.68
C003980,2024-01-09,organic,north,1,14.85
C003981,2023-03-24,affiliate,west,1,33.39
C003982,2023-06-16,affiliate,north,1,26.74
C003983,2023-07-27,referral,east,1,13.75
C003984,2023-12-07,paid_search,south,1,45.78
C003985,2023-09-25,organic,west,1,7.33
C003986,2024-03-10,paid_search,south,1,45.24
C003987,2024-01-12,paid_search,north,1,40.18
C003988,2023-12-26,affiliate,east,1,17.03
C003989,2023-08-23,affiliate,east,1,18.71
C003990,2023-12-17,paid_search,south,1,49.23
C003991,2024-07-29,paid_social,north,0,36.46
C003992,2023-09-01,paid_social,east,0,37.16
C003993,2023-10-15,paid_social,north,0,41.52
C003994,2023-04-28,paid_search,west,0,45.4
C003995,2023-06-06,organic,east,0,12.01
C003996,2024-11-30,paid_search,north,1,39.12
C003997,2024-05-24,organic,north,1,12.29
C003998,2024-05-30,paid_search,north,1,36.13
C003999,2023-08-30,referral,south,1,7.0
C004000,2024-09-17,referral,north,1,2.0
C004001,2023-05-25,affiliate,west,1,24.09
C004002,2023-04-05,organic,north,1,4.62
C004003,2023-10-08,affiliate,south,0,23.33
C004004,2024-05-04,affiliate,west,1,29.0
C004005,2024-06-05,paid_search,south,1,32.19
C004006,2023-03-19,organic,west,0,6.06
C004007,2023-10-08,affiliate,south,0,27.72
C004008,2023-04-02,paid_search,west,1,45.6
C004009,2023-04-06,affiliate,south,0,32.47
C004010,2024-09-30,paid_social,west,0,32.25
C004011,2024-02-18,organic,south,0,4.82
C004012,2024-08-17,organic,north,1,5.14
C004013,2024-03-04,paid_search,north,1,41.11
C004014,2023-02-03,referral,west,1,19.23
C004015,2023-09-28,paid_search,west,1,40.94
C004016,2023-10-17,paid_social,west,1,38.04
C004017,2023-02-15,referral,north,1,16.65
C004018,2023-09-08,referral,west,1,9.42
C004019,2024-11-04,affiliate,north,1,38.34
C004020,2023-03-06,paid_social,west,1,33.17
C004021,2024-07-18,referral,north,1,9.74
C004022,2024-11-09,paid_social,south,0,34.14
C004023,2023-09-12,paid_social,west,1,36.84
C004024,2024-01-30,affiliate,north,1,27.06
C004025,2024-05-14,referral,north,0,12.56
C004026,2024-04-20,organic,east,1,2.0
C004027,2024-01-15,affiliate,north,1,34.3
C004028,2023-05-31,organic,north,0,10.35
C004029,2024-05-28,affiliate,west,1,31.92
C004030,2024-03-27,paid_search,east,1,45.39
C004031,2023-12-21,referral,south,0,17.24
C004032,2024-11-27,paid_search,east,1,35.58
C004033,2024-05-01,organic,east,1,12.18
C004034,2023-08-10,referral,south,1,13.74
C004035,2024-02-18,referral,west,1,14.15
C004036,2023-03-29,paid_search,south,1,43.06
C004037,2023-10-30,paid_search,south,0,45.23
C004038,2024-05-31,paid_search,south,1,46.29
C004039,2023-05-22,organic,north,1,4.83
C004040,2024-12-07,organic,east,1,8.02
C004041,2023-01-23,paid_search,west,0,43.04
C004042,2024-05-15,organic,south,0,2.0
C004043,2024-09-26,paid_search,east,1,41.84
C004044,2023-04-18,organic,south,1,6.09
C004045,2024-02-19,affiliate,east,0,34.56
C004046,2023-12-10,paid_social,east,1,41.88
C004047,2024-03-24,paid_search,east,1,33.12
C004048,2023-01-03,organic,south,0,4.75
C004049,2024-11-21,referral,south,1,5.19
C004050,2024-05-07,referral,west,0,11.76
C004051,2023-01-25,paid_social,east,1,36.24
C004052,2025-02-11,affiliate,east,1,32.05
C004053,2023-10-30,organic,west,1,4.41
C004054,2024-02-05,organic,north,1,9.26
C004055,2024-09-28,referral,east,1,5.14
C004056,2023-12-01,paid_social,east,1,32.92
C004057,2024-01-17,referral,west,1,19.59
C004058,2024-03-14,paid_search,west,1,41.17
C004059,2024-01-03,organic,east,0,5.43
C004060,2024-10-08,organic,east,0,10.99
C004061,2023-12-18,organic,north,0,13.76
C004062,2023-07-29,organic,east,0,8.9
C004063,2025-01-24,organic,north,1,19.06
C004064,2024-08-20,referral,south,1,8.8
C004065,2024-10-20,paid_search,east,1,45.11
C004066,2024-09-27,affiliate,north,0,34.59
C004067,2023-04-01,organic,east,1,13.29
C004068,2023-06-11,paid_search,west,1,37.96
C004069,2024-12-16,referral,north,1,8.9
C004070,2025-01-07,organic,north,1,2.0
C004071,2024-04-25,organic,east,1,10.2
C004072,2024-08-31,paid_social,west,1,31.55
C004073,2023-02-12,organic,north,1,10.21
C004074,2023-04-27,paid_search,south,0,34.75
C004075,2024-12-31,referral,south,0,18.34
C004076,2025-02-13,affiliate,south,1,19.75
C004077,2024-02-10,paid_search,north,1,38.85
C004078,2023-04-17,paid_social,north,1,35.22
C004079,2024-10-18,paid_search,east,1,39.83
C004080,2025-02-20,organic,north,1,2.0
C004081,2023-04-10,paid_search,north,1,41.7
C004082,2023-05-11,referral,north,1,13.27
C004083,2024-08-11,paid_search,north,1,45.41
C004084,2024-05-17,affiliate,south,1,28.94
C004085,2023-01-06,affiliate,north,1,26.97
C004086,2024-08-27,paid_social,west,0,36.63
C004087,2024-07-08,affiliate,east,0,24.43
C004088,2024-02-18,referral,east,1,9.41
C004089,2023-07-29,paid_social,east,1,37.23
C004090,2024-03-05,paid_social,north,1,32.54
C004091,2024-02-18,paid_social,north,1,42.46
C004092,2023-05-04,paid_social,east,0,34.35
C004093,2025-01-06,affiliate,east,1,34.01
C004094,2024-02-12,paid_social,south,1,33.19
C004095,2023-02-10,organic,west,1,7.9
C004096,2023-12-29,affiliate,north,0,34.65
C004097,2024-01-29,organic,south,1,8.44
C004098,2023-11-30,paid_search,north,1,41.89
C004099,2023-12-14,paid_search,south,1,44.67
C004100,2024-05-09,paid_search,north,0,39.76
C004101,2023-01-08,paid_social,south,0,37.62
C004102,2024-05-04,paid_social,north,0,35.14
C004103,2023-10-20,paid_search,west,0,43.03
C004104,2023-05-28,paid_search,east,1,38.4
C004105,2025-02-05,paid_social,east,0,36.54
C004106,2023-02-22,organic,east,1,2.0
C004107,2023-03-17,affiliate,north,1,22.79
C004108,2023-05-12,organic,north,0,19.84
C004109,2025-02-19,organic,north,1,10.05
C004110,2024-01-28,organic,west,1,7.62
C004111,2024-08-06,paid_search,north,1,38.02
C004112,2024-03-01,organic,south,0,13.87
C004113,2023-11-16,paid_search,east,1,48.28
C004114,2023-04-02,referral,south,1,7.29
C004115,2025-02-09,paid_search,east,1,44.85
C004116,2024-06-17,affiliate,south,1,25.93
C004117,2024-07-15,paid_search,west,1,39.25
C004118,2023-04-27,organic,north,1,7.66
C004119,2024-03-07,referral,north,1,23.03
C004120,2024-12-01,paid_social,east,1,38.77
C004121,2023-08-20,organic,north,1,2.0
C004122,2025-02-22,paid_search,south,1,46.43
C004123,2024-10-11,organic,west,0,4.08
C004124,2023-03-29,paid_search,north,0,39.17
C004125,2023-06-15,affiliate,west,1,16.71
C004126,2023-01-06,paid_social,west,1,37.3
C004127,2024-02-14,referral,west,1,13.93
C004128,2024-01-27,paid_search,east,1,38.47
C004129,2024-07-31,affiliate,east,1,26.28
C004130,2024-12-25,paid_social,west,1,37.26
C004131,2024-08-18,paid_search,east,1,39.04
C004132,2023-09-30,organic,west,0,3.58
C004133,2023-03-30,organic,west,1,2.0
C004134,2024-01-26,affiliate,east,0,37.08
C004135,2024-05-29,paid_search,east,0,36.48
C004136,2023-08-13,referral,east,1,20.22
C004137,2024-10-28,paid_search,west,1,33.42
C004138,2023-11-10,organic,east,1,12.27
C004139,2023-02-23,paid_social,east,0,39.93
C004140,2024-02-09,affiliate,west,1,27.96
C004141,2024-06-26,referral,north,1,13.47
C004142,2024-03-25,paid_search,north,0,40.08
C004143,2023-03-03,referral,east,1,17.59
C004144,2024-12-03,paid_social,south,0,33.18
C004145,2024-11-13,paid_search,north,1,39.01
C004146,2024-12-28,paid_search,north,0,35.34
C004147,2024-12-07,organic,north,1,5.98
C004148,2023-04-26,paid_search,east,1,39.73
C004149,2023-11-21,paid_search,west,1,53.42
C004150,2023-09-30,paid_social,east,0,38.58
C004151,2024-03-02,paid_search,east,1,50.34
C004152,2024-04-23,affiliate,west,1,32.12
C004153,2023-04-22,affiliate,north,0,28.27
C004154,2024-06-08,paid_social,west,1,29.91
C004155,2024-10-23,paid_search,east,1,43.49
C004156,2023-02-01,organic,south,1,3.7
C004157,2023-07-23,paid_social,north,0,27.03
C004158,2023-11-17,paid_search,north,0,46.5
C004159,2024-07-21,paid_social,north,1,38.84
C004160,2023-09-19,organic,east,1,4.72
C004161,2024-01-16,referral,north,1,7.65
C004162,2024-09-13,paid_search,west,0,35.58
C004163,2024-06-21,referral,west,1,14.01
C004164,2023-11-02,organic,east,1,7.94
C004165,2023-08-01,paid_search,west,1,42.99
C004166,2024-04-13,paid_search,east,1,35.88
C004167,2023-06-07,referral,west,1,16.1
C004168,2023-09-19,referral,east,0,10.37
C004169,2024-11-26,paid_search,south,1,38.87
C004170,2025-02-22,organic,north,1,3.64
C004171,2024-06-17,organic,north,1,6.55
C004172,2024-10-31,organic,south,1,16.53
C004173,2023-07-21,organic,north,1,12.6
C004174,2024-07-11,referral,west,1,18.52
C004175,2024-07-17,organic,south,1,8.65
C004176,2023-03-05,affiliate,south,1,23.41
C004177,2025-02-25,paid_search,west,1,40.39
C004178,2023-08-08,referral,east,1,19.87
C004179,2023-06-30,referral,north,1,19.4
C004180,2025-01-06,organic,north,1,2.0
C004181,2024-09-08,referral,west,0,20.79
C004182,2024-06-30,paid_social,south,1,42.58
C004183,2023-05-13,organic,west,1,6.08
C004184,2024-03-27,affiliate,east,1,39.08
C004185,2023-12-20,organic,east,0,21.01
C004186,2024-07-27,affiliate,north,1,32.05
C004187,2023-07-02,organic,west,1,11.41
C004188,2025-01-02,paid_social,south,1,31.39
C004189,2023-08-09,paid_social,south,1,28.9
C004190,2023-04-26,paid_social,south,1,40.97
C004191,2023-09-14,paid_search,south,1,44.75
C004192,2023-11-02,paid_social,west,1,38.14
C004193,2023-09-01,affiliate,north,1,28.61
C004194,2024-03-13,paid_social,west,1,34.44
C004195,2024-03-04,referral,north,1,16.81
C004196,2024-07-04,affiliate,south,1,21.77
C004197,2024-06-21,affiliate,south,1,33.74
C004198,2024-02-17,affiliate,south,1,27.12
C004199,2024-04-12,paid_social,south,1,32.42
C004200,2024-08-31,affiliate,north,1,21.44
C004201,2023-12-18,referral,west,0,11.74
C004202,2024-08-21,affiliate,east,0,27.44
C004203,2023-01-04,referral,east,0,15.54
C004204,2024-05-05,paid_social,north,1,26.93
C004205,2023-11-11,paid_social,south,1,31.13
C004206,2023-04-22,referral,west,0,20.38
C004207,2024-05-23,paid_search,west,0,49.26
C004208,2024-07-11,paid_social,north,1,35.2
C004209,2023-12-04,referral,south,1,15.9
C004210,2023-01-20,paid_social,north,0,39.6
C004211,2024-06-27,referral,south,1,17.62
C004212,2024-02-06,organic,north,1,8.51
C004213,2023-01-03,referral,east,1,6.79
C004214,2024-01-06,paid_search,north,1,37.79
C004215,2023-12-21,organic,south,1,11.69
C004216,2023-02-21,paid_social,south,1,33.87
C004217,2023-06-09,affiliate,east,1,28.47
C004218,2024-10-15,affiliate,west,1,31.48
C004219,2023-05-04,organic,north,1,2.0
C004220,2023-08-31,organic,east,1,6.93
C004221,2023-12-30,paid_social,north,0,30.05
C004222,2023-07-31,organic,south,1,4.42
C004223,2024-06-29,organic,south,1,14.65
C004224,2023-05-21,paid_search,east,0,33.66
C004225,2024-06-15,paid_search,east,1,43.16
C004226,2024-02-16,paid_search,east,1,41.95
C004227,2023-11-30,paid_social,east,1,40.01
C004228,2025-02-17,paid_search,south,1,30.73
C004229,2025-01-11,paid_social,north,1,39.96
C004230,2024-03-20,paid_social,north,0,37.45
C004231,2024-10-14,paid_social,south,1,27.21
C004232,2023-08-07,paid_search,east,0,37.52
C004233,2023-02-14,paid_search,south,1,42.56
C004234,2024-11-05,paid_search,north,1,41.98
C004235,2023-10-13,paid_social,east,0,34.43
C004236,2024-03-27,referral,west,1,9.01
C004237,2024-09-02,affiliate,west,1,36.72
C004238,2024-09-20,organic,south,0,12.31
C004239,2024-08-21,paid_search,east,1,53.98
C004240,2025-01-18,organic,east,1,6.96
C004241,2024-09-23,affiliate,east,0,37.06
C004242,2024-11-04,affiliate,north,1,37.21
C004243,2024-05-15,affiliate,south,1,33.11
C004244,2025-01-31,organic,east,0,5.53
C004245,2023-08-29,affiliate,south,1,26.96
C004246,2025-02-12,organic,south,1,3.19
C004247,2024-06-16,referral,south,1,14.05
C004248,2023-01-13,paid_search,north,1,41.7
C004249,2025-02-20,organic,west,1,15.49
C004250,2024-08-18,referral,north,1,19.39
C004251,2024-07-29,referral,east,1,13.97
C004252,2025-02-10,paid_search,south,0,47.47
C004253,2023-10-13,organic,west,1,2.95
C004254,2023-01-15,organic,west,1,11.72
C004255,2024-05-22,paid_search,west,1,38.1
C004256,2023-05-06,paid_search,east,1,39.13
C004257,2023-08-08,paid_social,west,1,29.68
C004258,2025-01-07,referral,west,1,18.58
C004259,2023-10-03,organic,north,1,15.86
C004260,2024-08-28,affiliate,east,1,21.72
C004261,2023-03-02,paid_search,east,0,33.15
C004262,2023-12-23,paid_social,west,1,33.08
C004263,2023-07-19,paid_search,east,0,32.88
C004264,2023-12-28,paid_search,north,1,48.81
C004265,2024-07-23,paid_search,north,1,41.49
C004266,2023-12-24,referral,north,0,9.89
C004267,2025-01-06,paid_social,south,1,37.21
C004268,2024-01-22,organic,east,0,13.3
C004269,2024-02-09,referral,north,1,18.01
C004270,2024-04-10,organic,north,1,12.98
C004271,2023-12-30,organic,south,1,10.55
C004272,2023-11-03,paid_search,south,1,37.87
C004273,2024-06-16,affiliate,north,1,20.52
C004274,2023-05-30,organic,north,0,10.01
C004275,2023-04-27,affiliate,north,1,27.72
C004276,2024-10-15,organic,west,0,6.51
C004277,2023-07-07,organic,east,0,7.64
C004278,2023-08-06,paid_social,north,1,38.68
C004279,2024-05-08,paid_social,west,1,33.4
C004280,2023-07-03,referral,west,1,8.68
C004281,2024-06-25,referral,east,1,10.8
C004282,2024-08-23,organic,west,1,5.18
C004283,2024-12-19,organic,east,0,7.27
C004284,2023-08-08,paid_search,east,1,49.07
C004285,2023-12-02,referral,east,1,11.27
C004286,2024-05-11,referral,west,0,24.79
C004287,2023-06-01,paid_social,south,0,27.67
C004288,2023-01-07,paid_social,east,1,33.98
C004289,2023-03-29,paid_search,south,1,41.17
C004290,2024-11-08,organic,south,1,12.57
C004291,2024-11-12,paid_social,east,1,37.91
C004292,2023-10-05,organic,west,1,11.26
C004293,2023-03-16,affiliate,west,1,32.0
C004294,2024-07-22,affiliate,east,1,32.52
C004295,2024-02-27,affiliate,north,1,36.5
C004296,2023-02-02,affiliate,west,1,27.02
C004297,2024-11-21,organic,south,1,8.05
C004298,2023-04-10,organic,south,1,16.39
C004299,2023-01-21,paid_social,west,0,21.75
C004300,2024-03-28,paid_search,east,0,41.19
C004301,2024-02-13,referral,east,1,13.02
C004302,2023-07-02,organic,west,1,10.49
C004303,2023-07-29,organic,east,1,2.0
C004304,2024-03-03,paid_social,south,1,33.62
C004305,2024-01-10,organic,east,1,7.41
C004306,2024-02-09,paid_search,west,1,40.12
C004307,2023-05-29,referral,east,1,13.3
C004308,2024-09-09,paid_search,east,1,41.97
C004309,2024-12-13,affiliate,west,0,29.92
C004310,2023-09-28,paid_search,south,0,40.84
C004311,2024-02-25,affiliate,south,0,26.28
C004312,2023-12-30,affiliate,south,1,24.29
C004313,2023-01-27,organic,east,0,10.16
C004314,2023-08-10,paid_social,north,1,31.57
C004315,2023-09-16,organic,east,1,17.3
C004316,2024-12-06,paid_search,east,0,40.55
C004317,2024-01-07,referral,north,0,19.02
C004318,2025-02-13,organic,north,0,10.02
C004319,2024-09-05,affiliate,east,1,23.44
C004320,2023-05-28,paid_search,south,1,39.56
C004321,2023-11-11,paid_search,east,1,47.16
C004322,2023-08-20,paid_social,south,1,36.06
C004323,2023-01-02,organic,north,1,14.97
C004324,2024-09-06,affiliate,west,1,24.8
C004325,2023-11-26,paid_social,east,1,38.3
C004326,2024-05-19,affiliate,west,1,25.67
C004327,2023-07-07,paid_social,east,1,40.76
C004328,2025-02-24,referral,east,0,16.66
C004329,2023-11-19,affiliate,west,1,27.79
C004330,2024-10-17,paid_search,east,1,32.65
C004331,2025-01-13,referral,south,0,14.74
C004332,2024-03-24,paid_social,east,0,39.35
C004333,2023-04-25,referral,east,1,14.35
C004334,2023-06-03,organic,south,1,6.21
C004335,2024-10-13,paid_search,north,0,41.75
C004336,2023-12-27,referral,west,1,12.07
C004337,2024-06-27,referral,west,1,17.43
C004338,2024-03-06,affiliate,north,1,32.09
C004339,2024-10-21,paid_search,south,0,39.79
C004340,2024-04-07,organic,north,0,13.26
C004341,2024-10-21,paid_search,west,1,42.76
C004342,2025-01-24,referral,west,1,14.14
C004343,2025-01-16,organic,north,0,13.02
C004344,2023-03-14,paid_social,west,0,38.93
C004345,2024-06-01,paid_search,north,1,48.01
C004346,2024-03-23,organic,east,1,4.23
C004347,2023-09-15,organic,east,1,7.7
C004348,2024-08-01,affiliate,east,0,32.18
C004349,2024-09-22,referral,west,1,14.37
C004350,2024-05-18,organic,south,1,11.21
C004351,2024-11-08,paid_social,north,1,42.67
C004352,2024-06-15,paid_social,north,1,32.64
C004353,2024-10-23,paid_search,east,0,40.88
C004354,2023-02-10,affiliate,south,1,24.03
C004355,2023-01-18,paid_search,east,1,35.46
C004356,2024-01-23,affiliate,south,1,29.91
C004357,2025-01-16,organic,west,0,8.24
C004358,2024-07-20,organic,south,1,22.49
C004359,2025-01-12,referral,west,1,12.25
C004360,2023-07-09,organic,north,1,11.43
C004361,2024-08-27,paid_search,west,1,41.52
C004362,2023-02-19,affiliate,south,1,15.89
C004363,2024-11-17,paid_search,north,1,44.88
C004364,2023-06-23,paid_social,east,1,31.73
C004365,2023-08-01,paid_search,east,1,38.53
C004366,2023-02-28,paid_search,north,0,39.85
C004367,2023-08-27,paid_social,west,1,39.84
C004368,2024-05-25,paid_social,north,0,30.57
C004369,2023-11-04,paid_search,east,0,38.8
C004370,2023-11-09,affiliate,south,0,26.9
C004371,2023-09-28,paid_search,south,1,56.74
C004372,2023-01-23,paid_social,east,0,32.56
C004373,2023-05-15,paid_search,west,1,43.73
C004374,2024-11-30,affiliate,north,0,30.48
C004375,2025-01-08,organic,east,1,2.0
C004376,2023-08-28,organic,north,1,6.48
C004377,2024-11-03,referral,west,1,15.63
C004378,2023-03-01,organic,west,1,4.74
C004379,2023-06-20,referral,south,1,12.57
C004380,2023-10-12,organic,east,1,6.7
C004381,2024-10-27,affiliate,north,1,31.9
C004382,2023-08-02,organic,north,1,6.56
C004383,2023-03-30,organic,south,1,10.8
C004384,2023-06-14,organic,south,0,4.83
C004385,2024-07-22,affiliate,south,1,35.26
C004386,2024-08-26,paid_social,east,1,29.62
C004387,2023-02-03,paid_search,east,1,46.32
C004388,2024-03-22,organic,east,1,9.18
C004389,2023-06-27,referral,west,1,14.22
C004390,2023-06-13,organic,north,0,2.0
C004391,2024-03-11,affiliate,north,1,20.62
C004392,2025-02-16,organic,east,1,6.87
C004393,2024-09-08,paid_search,north,1,51.44
C004394,2024-02-09,organic,east,1,29.22
C004395,2023-12-28,organic,north,1,10.66
C004396,2024-04-21,organic,west,1,12.69
C004397,2023-07-29,referral,north,0,12.33
C004398,2023-11-21,affiliate,south,1,25.14
C004399,2023-11-08,paid_search,west,0,48.36
C004400,2023-10-05,paid_search,south,1,36.75
C004401,2023-08-14,paid_search,north,0,43.03
C004402,2024-07-13,referral,west,0,11.76
C004403,2023-03-07,paid_search,north,1,31.32
C004404,2024-12-25,paid_search,east,1,40.78
C004405,2024-08-06,paid_search,west,0,41.29
C004406,2023-03-10,referral,north,1,18.32
C004407,2024-10-07,organic,north,0,5.49
C004408,2023-04-09,organic,north,0,14.48
C004409,2025-01-16,organic,north,0,7.21
C004410,2023-03-21,organic,north,1,13.02
C004411,2023-07-23,paid_search,east,1,44.57
C004412,2024-02-05,organic,south,1,2.0
C004413,2024-09-01,affiliate,south,1,35.93
C004414,2023-11-01,referral,west,1,17.41
C004415,2024-05-24,paid_search,north,1,40.95
C004416,2025-02-09,paid_search,south,1,39.01
C004417,2024-03-15,affiliate,east,1,27.95
C004418,2023-02-14,paid_search,north,0,46.57
C004419,2024-11-12,paid_social,south,0,42.7
C004420,2024-12-20,paid_search,west,0,35.9
C004421,2023-12-28,organic,east,1,13.63
C004422,2024-12-18,affiliate,west,1,27.08
C004423,2025-01-12,affiliate,east,1,28.7
C004424,2023-06-11,organic,west,1,11.99
C004425,2024-12-14,organic,north,1,10.43
C004426,2024-09-20,organic,north,0,6.74
C004427,2024-04-02,paid_search,east,0,39.08
C004428,2023-10-18,referral,north,1,24.97
C004429,2024-01-13,affiliate,south,1,26.2
C004430,2024-05-05,organic,south,1,4.91
C004431,2024-02-28,paid_social,west,1,33.8
C004432,2024-09-04,paid_social,east,0,32.41
C004433,2024-01-31,paid_search,east,1,51.23
C004434,2024-02-04,affiliate,south,1,28.18
C004435,2024-11-27,organic,west,1,14.93
C004436,2023-09-27,referral,east,1,8.12
C004437,2023-01-31,paid_search,north,0,41.74
C004438,2024-05-24,affiliate,west,1,27.87
C004439,2024-02-23,affiliate,south,0,32.57
C004440,2024-07-18,paid_search,north,1,39.91
C004441,2025-01-23,organic,west,0,10.46
C004442,2023-09-01,referral,west,1,16.03
C004443,2024-11-19,referral,west,1,6.5
C004444,2024-12-11,organic,east,1,5.79
C004445,2024-06-15,organic,west,1,11.15
C004446,2024-04-14,paid_social,east,1,26.0
C004447,2024-10-23,organic,north,0,4.31
C004448,2024-01-18,referral,south,1,11.68
C004449,2025-02-16,referral,north,1,9.57
C004450,2024-08-30,paid_social,west,1,36.37
C004451,2024-07-24,paid_social,north,1,35.05
C004452,2024-09-27,referral,north,1,19.53
C004453,2024-06-19,affiliate,south,1,27.19
C004454,2024-11-03,referral,south,0,16.46
C004455,2023-03-08,affiliate,east,1,20.53
C004456,2024-01-20,organic,east,0,10.19
C004457,2024-06-10,paid_search,north,0,41.75
C004458,2023-07-29,paid_search,north,1,31.31
C004459,2024-12-29,organic,west,0,15.86
C004460,2023-02-06,affiliate,west,1,17.1
C004461,2024-08-06,referral,south,0,11.92
C004462,2024-11-18,organic,south,0,9.43
C004463,2024-06-30,paid_social,north,0,41.88
C004464,2023-02-05,referral,west,1,18.22
C004465,2024-01-08,paid_social,north,0,27.5
C004466,2023-07-23,paid_search,south,1,40.78
C004467,2024-07-15,paid_search,east,0,47.12
C004468,2024-11-11,paid_social,north,1,34.91
C004469,2024-09-17,paid_search,south,1,42.51
C004470,2024-01-27,organic,south,1,2.5
C004471,2024-11-07,referral,north,0,12.36
C004472,2023-10-06,paid_search,south,0,48.9
C004473,2023-02-01,organic,east,0,13.16
C004474,2023-09-12,paid_search,north,1,42.42
C004475,2024-10-13,paid_social,west,1,31.77
C004476,2023-05-22,paid_search,east,1,38.38
C004477,2023-07-27,affiliate,south,1,20.67
C004478,2023-05-31,referral,south,1,25.2
C004479,2024-07-18,paid_search,north,0,34.05
C004480,2023-08-19,organic,south,1,2.0
C004481,2023-02-02,affiliate,south,1,25.77
C004482,2023-10-03,referral,east,1,16.81
C004483,2024-02-15,organic,west,1,3.57
C004484,2023-06-09,paid_search,south,0,37.61
C004485,2023-10-29,organic,west,1,2.0
C004486,2024-06-23,paid_search,west,1,40.44
C004487,2023-04-13,organic,south,0,4.55
C004488,2024-05-16,paid_search,west,0,45.35
C004489,2024-05-12,paid_social,north,0,35.87
C004490,2023-01-18,paid_social,east,1,33.55
C004491,2023-09-11,organic,east,1,8.52
C004492,2024-10-17,affiliate,south,1,31.28
C004493,2024-03-27,paid_social,north,1,38.92
C004494,2024-05-08,organic,north,0,5.4
C004495,2023-03-29,organic,west,1,2.0
C004496,2023-12-01,organic,south,0,2.0
C004497,2024-03-29,affiliate,south,0,21.3
C004498,2024-12-27,referral,west,1,16.5
C004499,2024-12-16,organic,east,1,8.84
C004500,2024-07-12,organic,west,1,13.9
C004501,2024-08-25,paid_search,east,1,43.09
C004502,2023-04-14,organic,east,1,7.32
C004503,2024-04-26,paid_search,south,1,40.99
C004504,2024-05-23,affiliate,east,1,26.17
C004505,2024-12-04,paid_search,east,1,32.9
C004506,2023-04-17,paid_social,south,1,39.89
C004507,2023-06-29,organic,east,1,7.66
C004508,2023-03-26,organic,north,1,5.72
C004509,2023-02-10,organic,north,0,12.98
C004510,2024-01-05,paid_social,south,1,36.51
C004511,2025-01-04,organic,north,1,18.68
C004512,2024-12-14,organic,west,1,6.05
C004513,2023-11-14,referral,north,1,9.06
C004514,2024-05-14,paid_search,south,1,43.59
C004515,2024-07-02,paid_search,south,1,39.35
C004516,2024-12-14,paid_social,east,1,38.7
C004517,2024-02-01,paid_search,south,1,47.19
C004518,2023-12-29,organic,south,1,8.89
C004519,2024-11-14,paid_social,east,0,35.25
C004520,2024-05-03,organic,south,1,15.49
C004521,2024-07-07,paid_search,west,1,40.32
C004522,2024-04-03,paid_search,south,1,38.05
C004523,2025-01-14,affiliate,north,0,24.97
C004524,2023-07-03,paid_search,north,1,47.07
C004525,2024-09-15,referral,east,1,16.75
C004526,2024-02-14,paid_search,east,1,41.38
C004527,2023-07-01,referral,west,1,20.57
C004528,2023-09-20,affiliate,north,1,29.0
C004529,2024-03-30,affiliate,south,1,26.63
C004530,2023-04-06,paid_social,west,1,35.95
C004531,2023-01-22,referral,east,1,14.25
C004532,2024-03-26,paid_social,east,1,27.02
C004533,2023-11-13,paid_search,west,1,41.74
C004534,2024-09-23,organic,north,1,11.66
C004535,2023-10-15,organic,south,0,2.71
C004536,2025-01-17,organic,north,0,6.01
C004537,2024-07-10,paid_social,south,1,30.1
C004538,2024-06-19,organic,south,1,9.62
C004539,2024-04-19,referral,east,0,14.08
C004540,2023-05-07,referral,west,0,17.72
C004541,2024-04-11,paid_search,east,1,50.66
C004542,2023-09-28,paid_search,south,1,36.73
C004543,2024-09-10,referral,north,0,19.9
C004544,2023-12-24,affiliate,south,1,26.49
C004545,2024-05-05,paid_search,east,1,45.5
C004546,2023-06-11,organic,west,0,10.2
C004547,2023-03-25,paid_search,south,1,42.34
C004548,2024-03-14,referral,south,0,13.57
C004549,2025-01-26,affiliate,east,1,22.68
C004550,2024-07-07,organic,west,1,6.73
C004551,2023-03-01,affiliate,east,1,38.27
C004552,2024-04-17,paid_social,west,1,36.0
C004553,2024-05-02,paid_social,east,1,37.58
C004554,2024-12-06,organic,west,1,6.15
C004555,2024-01-04,paid_social,south,0,36.36
C004556,2024-12-04,organic,north,1,15.78
C004557,2023-06-13,referral,east,1,19.3
C004558,2023-12-17,affiliate,west,0,21.81
C004559,2023-07-30,affiliate,north,1,29.45
C004560,2024-07-17,organic,west,1,7.86
C004561,2023-11-27,affiliate,south,1,28.19
C004562,2024-08-24,paid_search,south,1,40.48
C004563,2024-02-20,paid_search,east,1,40.5
C004564,2023-07-21,organic,south,0,14.03
C004565,2024-09-20,paid_search,south,1,46.8
C004566,2023-05-30,organic,north,1,7.35
C004567,2023-05-21,referral,south,1,11.55
C004568,2023-11-11,paid_search,south,1,44.19
C004569,2023-02-13,organic,north,0,11.28
C004570,2023-07-14,referral,south,1,11.17
C004571,2023-06-21,paid_social,north,0,30.46
C004572,2023-12-26,referral,east,1,19.38
C004573,2024-06-23,paid_social,west,0,39.71
C004574,2023-01-04,paid_search,west,1,49.58
C004575,2024-06-27,organic,east,1,3.0
C004576,2024-02-17,paid_social,east,1,36.85
C004577,2024-08-07,paid_search,south,1,47.1
C004578,2023-10-02,organic,east,1,4.54
C004579,2024-05-20,paid_social,west,0,37.77
C004580,2025-01-09,referral,south,1,8.07
C004581,2024-04-21,organic,east,1,2.0
C004582,2024-05-23,organic,north,1,13.67
C004583,2025-02-21,affiliate,south,1,21.7
C004584,2024-01-28,organic,west,0,16.37
C004585,2023-08-01,referral,south,0,12.61
C004586,2025-01-07,organic,west,1,5.43
C004587,2023-09-16,referral,west,1,8.93
C004588,2023-03-13,paid_social,west,1,34.39
C004589,2025-01-11,affiliate,west,1,27.36
C004590,2024-03-15,organic,west,1,19.94
C004591,2023-01-26,affiliate,west,1,27.83
C004592,2023-03-28,organic,west,1,3.53
C004593,2025-02-24,organic,north,1,22.53
C004594,2024-12-21,organic,north,1,3.57
C004595,2023-05-24,affiliate,east,1,29.06
C004596,2023-10-31,organic,east,1,2.0
C004597,2024-09-23,referral,north,0,11.67
C004598,2023-02-06,paid_search,south,1,41.7
C004599,2024-12-18,organic,west,1,9.22
C004600,2023-08-11,affiliate,east,0,25.9
C004601,2023-01-30,organic,east,1,11.6
C004602,2023-09-09,paid_social,east,0,31.04
C004603,2024-12-30,organic,south,0,2.0
C004604,2024-12-08,paid_search,south,0,47.31
C004605,2023-01-14,paid_search,west,1,39.58
C004606,2023-04-25,paid_social,east,0,32.9
C004607,2023-07-18,paid_social,west,0,37.67
C004608,2024-01-28,paid_social,north,0,35.28
C004609,2024-06-14,organic,west,1,5.94
C004610,2023-11-25,paid_search,west,0,49.8
C004611,2024-07-07,organic,north,1,9.95
C004612,2024-11-08,organic,west,1,11.56
C004613,2023-11-19,referral,east,1,16.86
C004614,2025-01-21,paid_search,south,0,44.27
C004615,2023-10-28,organic,west,1,16.1
C004616,2023-09-18,organic,east,0,9.68
C004617,2023-02-24,organic,east,0,14.65
C004618,2023-11-19,paid_social,east,1,32.91
C004619,2025-01-12,referral,south,1,16.89
C004620,2023-06-08,paid_search,north,0,42.1
C004621,2023-08-29,organic,east,0,6.67
C004622,2023-06-17,paid_social,north,1,37.33
C004623,2024-01-02,affiliate,north,1,28.62
C004624,2023-06-14,paid_search,east,1,42.99
C004625,2023-05-24,referral,east,1,13.63
C004626,2023-07-19,referral,south,1,7.07
C004627,2024-09-03,organic,south,0,2.71
C004628,2025-01-22,organic,south,1,5.41
C004629,2023-03-24,paid_search,east,1,43.1
C004630,2024-09-20,paid_search,west,0,34.68
C004631,2023-09-12,organic,north,1,2.15
C004632,2024-09-07,paid_social,north,1,27.92
C004633,2025-01-16,organic,east,1,10.05
C004634,2024-10-29,paid_search,south,0,37.6
C004635,2023-12-01,paid_search,north,1,46.54
C004636,2024-06-22,organic,south,1,11.49
C004637,2023-06-01,paid_search,east,0,46.55
C004638,2025-02-17,paid_search,east,1,50.16
C004639,2025-02-26,paid_search,north,1,40.94
C004640,2024-05-06,paid_search,north,0,49.64
C004641,2024-01-08,affiliate,east,1,28.71
C004642,2024-07-19,organic,south,0,2.0
C004643,2024-05-18,organic,north,0,2.0
C004644,2025-02-15,paid_social,east,1,39.99
C004645,2024-05-05,referral,north,0,12.83
C004646,2023-04-21,paid_search,north,0,41.95
C004647,2024-12-31,paid_social,north,1,29.85
C004648,2025-02-09,affiliate,north,0,27.32
C004649,2024-06-09,organic,east,0,2.9
C004650,2025-02-17,referral,west,1,19.91
C004651,2023-11-27,paid_search,east,0,42.01
C004652,2023-12-10,organic,east,1,7.64
C004653,2023-12-28,paid_social,east,1,30.57
C004654,2025-02-25,referral,east,0,16.62
C004655,2023-11-08,referral,north,1,6.1
C004656,2023-01-09,paid_search,north,1,45.7
C004657,2024-11-18,paid_social,east,1,38.18
C004658,2024-08-29,paid_social,north,1,32.72
C004659,2023-10-18,paid_social,south,1,33.35
C004660,2023-08-26,referral,south,1,12.13
C004661,2024-10-04,paid_search,east,1,49.79
C004662,2023-09-07,paid_search,north,1,38.59
C004663,2023-07-20,paid_search,east,1,42.44
C004664,2024-04-01,organic,east,1,11.59
C004665,2024-06-04,referral,south,1,17.83
C004666,2023-01-19,paid_social,north,0,36.09
C004667,2024-01-02,affiliate,east,1,32.33
C004668,2024-07-02,paid_social,east,1,39.4
C004669,2024-12-19,paid_search,north,1,43.67
C004670,2025-02-03,paid_social,east,1,28.0
C004671,2023-04-20,organic,north,0,3.84
C004672,2024-10-28,paid_search,north,1,40.59
C004673,2023-08-19,organic,south,1,2.0
C004674,2024-10-25,paid_search,south,0,31.49
C004675,2024-10-08,paid_social,west,0,34.08
C004676,2024-06-14,referral,south,1,18.38
C004677,2023-12-02,paid_search,east,1,34.31
C004678,2023-08-29,paid_search,north,0,44.02
C004679,2024-11-06,affiliate,east,1,36.97
C004680,2023-05-26,referral,south,0,23.79
C004681,2024-06-27,referral,east,1,21.4
C004682,2023-06-08,referral,east,1,9.84
C004683,2024-12-20,organic,south,1,11.43
C004684,2024-06-24,referral,north,1,11.14
C004685,2023-08-08,referral,west,1,9.4
C004686,2023-10-30,referral,north,1,15.0
C004687,2023-01-03,affiliate,south,0,28.35
C004688,2023-09-20,paid_search,south,0,42.76
C004689,2024-06-07,referral,east,1,19.13
C004690,2025-02-20,affiliate,south,1,28.87
C004691,2023-03-02,paid_social,north,0,42.24
C004692,2024-09-01,paid_social,south,1,36.11
C004693,2024-06-25,paid_social,north,0,37.28
C004694,2023-06-24,organic,north,1,14.38
C004695,2024-10-13,organic,west,0,8.42
C004696,2024-02-22,paid_social,east,1,40.31
C004697,2023-11-04,referral,west,1,16.57
C004698,2023-04-23,paid_social,north,1,29.25
C004699,2024-06-23,organic,north,0,9.01
C004700,2024-11-30,affiliate,north,1,18.91
C004701,2023-11-09,organic,south,1,12.73
C004702,2024-02-20,paid_social,north,0,39.94
C004703,2025-01-28,paid_search,west,0,35.72
C004704,2023-03-02,organic,south,1,2.0
C004705,2024-09-29,paid_search,east,1,47.39
C004706,2023-06-09,paid_social,west,0,32.12
C004707,2023-02-02,paid_search,east,1,42.96
C004708,2023-04-17,paid_social,east,1,37.57
C004709,2024-09-30,referral,east,1,15.62
C004710,2024-03-05,paid_search,west,1,41.66
C004711,2024-11-24,paid_search,east,1,46.23
C004712,2023-06-12,paid_search,south,1,47.74
C004713,2024-06-30,paid_social,south,0,32.71
C004714,2024-06-28,organic,east,1,11.03
C004715,2024-04-09,referral,south,1,13.83
C004716,2023-04-29,organic,north,1,12.48
C004717,2023-03-18,paid_search,east,1,37.17
C004718,2023-09-13,paid_search,south,1,55.42
C004719,2024-11-05,affiliate,west,0,25.41
C004720,2024-01-14,paid_search,west,1,39.05
C004721,2023-12-06,organic,south,1,11.68
C004722,2023-01-30,organic,west,1,5.78
C004723,2023-05-15,organic,east,1,14.25
C004724,2024-01-24,affiliate,south,1,36.99
C004725,2023-10-08,paid_search,east,1,40.71
C004726,2025-02-06,organic,east,1,10.29
C004727,2025-01-01,organic,west,1,6.43
C004728,2024-07-09,paid_search,west,0,44.88
C004729,2024-03-29,organic,south,1,7.59
C004730,2023-02-05,organic,west,1,2.0
C004731,2023-09-24,referral,east,1,22.39
C004732,2024-05-30,referral,west,0,10.13
C004733,2025-02-17,organic,east,1,2.0
C004734,2025-01-23,paid_search,west,1,51.4
C004735,2024-01-03,organic,north,0,6.91
C004736,2025-01-27,referral,west,1,12.66
C004737,2023-06-26,organic,south,0,10.73
C004738,2024-11-04,paid_search,south,1,40.47
C004739,2023-01-01,referral,east,0,21.74
C004740,2024-04-12,organic,north,0,5.99
C004741,2024-11-19,organic,south,1,10.64
C004742,2025-02-04,referral,west,0,7.69
C004743,2023-09-30,organic,west,1,5.34
C004744,2025-02-12,paid_search,east,1,46.87
C004745,2024-02-02,paid_search,south,0,41.07
C004746,2025-01-14,affiliate,west,1,29.76
C004747,2023-01-20,referral,north,1,11.1
C004748,2024-10-16,paid_social,south,1,27.14
C004749,2024-05-26,affiliate,east,1,32.88
C004750,2023-12-13,referral,north,0,5.83
C004751,2024-02-29,organic,north,1,2.0
C004752,2024-04-12,paid_social,east,1,37.94
C004753,2024-12-09,paid_search,south,1,41.61
C004754,2024-07-17,organic,north,1,12.09
C004755,2023-10-15,referral,east,1,16.16
C004756,2024-09-02,paid_social,north,0,33.84
C004757,2024-07-24,paid_social,north,1,37.24
C004758,2024-08-21,paid_social,south,1,38.2
C004759,2023-01-29,organic,east,1,3.99
C004760,2024-07-04,organic,west,1,2.31
C004761,2023-05-12,referral,west,0,10.2
C004762,2023-03-30,referral,west,0,7.11
C004763,2023-01-27,referral,south,1,14.67
C004764,2023-04-14,affiliate,south,1,20.81
C004765,2023-04-20,affiliate,south,1,27.97
C004766,2023-02-18,paid_social,north,1,36.07
C004767,2024-04-05,affiliate,north,1,24.25
C004768,2023-11-24,paid_search,west,1,41.75
C004769,2024-10-28,organic,north,1,2.0
C004770,2024-02-22,referral,north,1,10.43
C004771,2023-02-15,paid_search,south,1,42.91
C004772,2024-11-14,paid_social,east,1,39.19
C004773,2024-11-02,paid_search,north,1,45.91
C004774,2023-09-19,paid_social,west,1,34.9
C004775,2023-10-19,paid_search,north,0,43.95
C004776,2024-03-01,organic,east,0,16.33
C004777,2024-08-14,affiliate,east,0,31.13
C004778,2024-10-16,referral,east,1,10.26
C004779,2023-07-21,paid_search,east,1,40.16
C004780,2024-04-06,paid_social,south,1,33.89
C004781,2023-08-12,paid_social,east,1,36.53
C004782,2023-03-10,organic,east,0,6.27
C004783,2024-12-09,organic,east,0,9.36
C004784,2023-01-30,paid_social,north,1,28.24
C004785,2024-01-29,paid_search,north,1,44.85
C004786,2023-02-21,paid_social,west,1,34.72
C004787,2023-10-08,organic,east,0,2.66
C004788,2024-09-07,paid_social,east,1,37.66
C004789,2023-03-03,referral,west,1,16.73
C004790,2024-01-27,organic,east,0,2.57
C004791,2023-08-09,paid_social,south,0,31.99
C004792,2023-11-23,referral,south,1,16.19
C004793,2023-07-11,organic,south,1,2.0
C004794,2025-02-14,paid_social,north,1,39.3
C004795,2024-05-03,paid_social,south,0,33.75
C004796,2023-11-28,paid_search,west,1,41.62
C004797,2023-04-10,referral,east,1,10.22
C004798,2024-08-09,organic,east,0,2.0
C004799,2025-01-02,referral,south,1,19.74
C004800,2024-03-28,affiliate,west,1,23.11
C004801,2024-03-13,referral,north,1,9.68
C004802,2023-05-19,organic,south,1,7.69
C004803,2023-11-10,paid_search,west,0,37.56
C004804,2024-01-27,paid_social,south,1,35.01
C004805,2023-03-26,organic,north,0,4.81
C004806,2024-06-17,referral,west,1,13.6
C004807,2023-07-06,affiliate,south,0,26.06
C004808,2023-05-11,paid_search,north,0,34.86
C004809,2024-01-19,paid_social,north,0,37.78
C004810,2024-07-06,organic,south,1,2.0
C004811,2023-04-14,organic,north,1,16.33
C004812,2024-11-24,affiliate,north,0,31.97
C004813,2024-11-22,paid_social,west,1,29.43
C004814,2024-07-26,paid_search,north,1,47.33
C004815,2023-08-31,organic,west,1,6.88
C004816,2023-09-21,affiliate,north,0,26.11
C004817,2023-01-13,paid_social,west,1,38.52
C004818,2023-12-22,paid_social,east,1,34.3
C004819,2023-12-01,organic,north,1,11.47
C004820,2025-01-25,paid_search,south,1,40.82
C004821,2023-11-20,paid_search,north,1,39.42
C004822,2024-11-11,organic,south,0,3.88
C004823,2024-03-03,affiliate,south,0,23.69
C004824,2024-06-21,affiliate,north,1,34.02
C004825,2023-12-29,referral,west,1,6.87
C004826,2024-06-14,paid_search,east,1,32.55
C004827,2023-10-09,organic,east,1,7.16
C004828,2023-12-13,paid_social,north,1,30.86
C004829,2023-06-26,paid_search,north,0,40.2
C004830,2024-09-18,referral,east,1,16.36
C004831,2023-06-26,referral,east,0,16.68
C004832,2024-05-30,organic,east,1,6.59
C004833,2023-01-13,referral,east,1,12.28
C004834,2023-11-16,organic,south,1,4.66
C004835,2024-08-06,paid_social,south,1,27.56
C004836,2024-03-27,paid_search,east,1,39.99
C004837,2024-12-03,affiliate,south,1,36.66
C004838,2023-09-21,paid_search,south,0,38.21
C004839,2023-10-08,paid_search,north,1,46.21
C004840,2024-10-17,organic,north,0,6.41
C004841,2023-12-22,paid_search,west,1,38.98
C004842,2023-05-30,affiliate,south,0,32.57
C004843,2023-08-13,paid_search,east,1,32.56
C004844,2024-05-22,organic,south,1,9.34
C004845,2024-06-03,paid_search,north,0,35.59
C004846,2024-08-11,organic,east,1,3.8
C004847,2023-01-25,referral,west,1,16.02
C004848,2023-08-30,organic,north,1,9.49
C004849,2023-12-17,organic,north,1,10.48
C004850,2024-06-04,organic,south,0,19.85
C004851,2023-12-25,organic,west,0,2.0
C004852,2024-03-01,paid_search,north,0,45.18
C004853,2023-06-13,organic,west,1,9.4
C004854,2024-03-15,organic,west,1,5.11
C004855,2024-08-17,referral,south,1,9.57
C004856,2024-06-14,affiliate,east,1,26.99
C004857,2024-09-14,paid_search,south,1,45.04
C004858,2024-06-14,referral,east,1,13.76
C004859,2023-08-16,paid_social,west,1,43.76
C004860,2023-11-12,paid_search,south,1,38.56
C004861,2023-12-28,organic,north,1,9.59
C004862,2023-01-23,organic,east,0,2.0
C004863,2023-02-01,organic,south,0,14.21
C004864,2023-05-16,paid_social,north,1,40.14
C004865,2024-01-12,organic,north,1,9.87
C004866,2023-03-28,affiliate,west,1,27.75
C004867,2023-04-14,affiliate,north,0,30.9
C004868,2024-04-22,paid_social,west,1,41.61
C004869,2023-08-30,referral,north,1,21.66
C004870,2024-07-18,paid_social,west,1,27.16
C004871,2023-03-05,organic,west,1,10.46
C004872,2023-09-13,affiliate,west,1,22.35
C004873,2024-11-20,referral,north,1,16.88
C004874,2023-12-03,affiliate,west,1,23.19
C004875,2023-01-01,organic,east,1,3.52
C004876,2025-01-11,referral,east,1,22.27
C004877,2023-04-02,paid_search,north,1,45.4
C004878,2024-03-05,organic,north,1,8.77
C004879,2023-12-13,paid_search,north,1,46.6
C004880,2023-11-21,paid_social,south,0,32.76
C004881,2023-07-27,affiliate,east,1,26.34
C004882,2023-08-17,paid_search,south,1,40.22
C004883,2023-01-22,affiliate,east,0,24.12
C004884,2023-10-26,organic,north,1,2.71
C004885,2023-04-03,referral,south,1,16.68
C004886,2023-08-31,paid_social,north,1,39.82
C004887,2024-04-02,referral,north,1,18.86
C004888,2023-01-15,paid_social,north,1,40.83
C004889,2024-01-20,paid_search,east,1,36.77
C004890,2024-02-23,affiliate,north,1,19.97
C004891,2024-04-23,referral,south,1,19.48
C004892,2023-09-25,paid_search,south,0,31.83
C004893,2024-08-01,affiliate,north,0,35.08
C004894,2023-01-21,paid_social,south,1,25.38
C004895,2024-10-27,organic,north,1,8.79
C004896,2023-07-12,paid_social,north,1,26.94
C004897,2024-04-15,referral,north,1,10.12
C004898,2024-02-28,paid_search,south,1,42.46
C004899,2024-08-25,affiliate,west,0,24.96
C004900,2023-03-31,organic,west,0,9.45
C004901,2023-01-19,paid_social,west,1,36.81
C004902,2024-11-02,paid_search,south,1,42.29
C004903,2024-10-05,paid_search,east,1,44.52
C004904,2023-07-28,organic,west,0,15.46
C004905,2024-08-09,organic,north,0,2.0
C004906,2023-10-09,organic,south,1,6.89
C004907,2023-12-07,organic,west,1,6.46
C004908,2024-09-24,referral,east,1,12.03
C004909,2024-07-03,paid_search,west,1,33.65
C004910,2024-06-19,paid_search,west,1,34.57
C004911,2023-01-06,paid_social,east,1,28.98
C004912,2023-04-20,organic,west,1,7.19
C004913,2023-12-05,paid_search,east,1,37.42
C004914,2025-02-27,paid_social,north,1,30.63
C004915,2024-09-02,affiliate,north,1,23.81
C004916,2023-10-18,referral,south,0,12.01
C004917,2023-11-16,referral,east,1,15.16
C004918,2023-09-12,organic,south,1,6.25
C004919,2023-11-11,organic,south,0,11.76
C004920,2023-10-07,referral,south,0,10.23
C004921,2024-08-04,organic,north,1,2.7
C004922,2024-08-08,paid_search,north,0,44.15
C004923,2024-01-15,organic,north,1,8.66
C004924,2024-12-26,organic,west,1,11.81
C004925,2024-01-15,paid_search,south,1,47.06
C004926,2024-07-11,paid_social,west,1,32.28
C004927,2023-12-26,organic,east,1,2.0
C004928,2024-10-01,paid_search,east,0,40.71
C004929,2024-01-20,paid_search,east,1,42.16
C004930,2025-02-20,organic,east,0,4.62
C004931,2024-11-05,organic,east,1,2.73
C004932,2024-10-27,paid_search,west,0,34.08
C004933,2024-01-19,affiliate,north,1,30.2
C004934,2024-02-10,paid_search,east,1,48.7
C004935,2024-10-21,paid_search,south,1,42.36
C004936,2024-08-25,affiliate,south,1,27.67
C004937,2024-11-11,organic,south,1,5.6
C004938,2024-02-25,paid_search,south,1,47.36
C004939,2025-02-12,referral,north,0,16.78
C004940,2024-10-09,paid_search,west,1,42.31
C004941,2024-11-30,paid_social,south,1,32.32
C004942,2023-05-20,organic,west,1,5.29
C004943,2024-02-18,paid_social,west,1,28.06
C004944,2023-05-24,organic,north,1,9.86
C004945,2023-12-26,organic,east,1,3.14
C004946,2024-06-12,affiliate,north,1,21.9
C004947,2024-09-14,referral,north,0,10.15
C004948,2023-11-26,referral,west,1,17.28
C004949,2024-04-11,referral,north,1,15.94
C004950,2024-01-14,paid_social,east,1,42.83
C004951,2024-04-20,paid_search,south,0,37.05
C004952,2023-12-07,affiliate,south,1,20.71
C004953,2024-06-05,referral,west,1,17.3
C004954,2023-09-02,paid_search,south,1,38.71
C004955,2024-02-28,paid_social,south,1,31.03
C004956,2023-04-20,affiliate,south,1,20.87
C004957,2023-02-23,paid_social,west,0,36.97
C004958,2024-11-02,paid_search,south,1,41.76
C004959,2023-07-13,paid_social,south,0,37.63
C004960,2024-11-21,paid_search,west,1,43.46
C004961,2024-10-12,organic,south,1,9.13
C004962,2024-12-04,paid_social,north,1,34.96
C004963,2024-03-04,referral,north,1,21.96
C004964,2025-01-22,organic,west,1,2.0
C004965,2023-07-20,paid_search,west,1,38.42
C004966,2024-10-12,paid_search,north,1,36.55
C004967,2023-02-10,paid_search,west,1,39.4
C004968,2023-10-29,organic,east,1,9.59
C004969,2023-07-21,referral,north,1,12.69
C004970,2025-02-09,paid_search,north,0,42.28
C004971,2024-03-06,paid_search,south,1,35.29
C004972,2024-12-20,paid_search,east,1,36.57
C004973,2024-11-25,paid_social,south,0,29.99
C004974,2025-02-07,organic,north,1,6.59
C004975,2024-12-05,affiliate,east,1,21.8
C004976,2024-08-13,referral,west,1,13.24
C004977,2024-09-21,paid_social,west,1,32.82
C004978,2024-05-07,paid_search,east,1,41.24
C004979,2023-04-06,organic,south,1,7.19
C004980,2023-02-12,affiliate,south,1,24.14
C004981,2023-09-24,referral,east,1,19.53
C004982,2023-07-03,organic,north,1,15.29
C004983,2024-04-27,referral,north,1,10.24
C004984,2024-10-01,referral,north,0,13.43
C004985,2024-07-20,paid_social,west,1,33.68
C004986,2023-08-11,affiliate,east,1,22.57
C004987,2024-11-29,referral,south,1,18.72
C004988,2023-05-24,paid_social,south,0,38.32
C004989,2024-10-19,paid_search,south,0,43.7
C004990,2024-06-08,paid_social,north,0,34.39
C004991,2023-02-17,paid_social,south,1,39.3
C004992,2024-06-03,affiliate,east,1,29.47
C004993,2025-02-27,organic,north,1,8.13
C004994,2024-11-04,organic,east,1,2.0
C004995,2025-01-01,paid_social,west,1,25.42
C004996,2024-08-20,affiliate,south,1,20.53
C004997,2023-11-06,paid_search,east,0,40.45
C004998,2024-05-02,referral,north,1,20.34
C004999,2023-04-14,organic,west,1,6.32
C005000,2024-09-01,paid_social,north,1,31.12
C005001,2024-09-03,organic,west,1,12.38
C005002,2023-09-24,referral,west,1,15.48
C005003,2023-10-09,organic,north,1,5.75
C005004,2024-04-11,paid_social,north,1,32.56
C005005,2024-03-10,organic,east,1,2.0
C005006,2024-01-15,referral,south,1,9.65
C005007,2025-01-01,paid_social,south,0,31.46
C005008,2025-02-10,paid_social,south,1,39.39
C005009,2023-09-14,paid_search,north,1,44.18
C005010,2023-04-27,paid_search,south,1,47.06
C005011,2025-01-30,paid_search,north,0,46.12
C005012,2023-07-10,paid_social,west,0,30.5
C005013,2023-04-04,organic,west,0,12.45
C005014,2024-03-06,organic,east,1,11.27
C005015,2024-09-11,referral,south,1,16.87
C005016,2023-07-26,referral,east,1,17.45
C005017,2023-05-07,organic,south,0,4.81
C005018,2024-01-26,referral,east,0,5.47
C005019,2024-11-15,paid_search,south,1,46.69
C005020,2023-04-26,paid_social,north,1,38.12
C005021,2024-02-15,paid_search,south,1,35.03
C005022,2024-09-06,organic,south,1,6.33
C005023,2023-07-06,paid_social,west,0,38.43
C005024,2023-12-17,organic,west,0,8.51
C005025,2024-03-11,affiliate,east,0,28.13
C005026,2024-07-12,organic,east,0,4.55
C005027,2024-04-30,organic,south,1,3.85
C005028,2023-11-19,organic,west,0,2.0
C005029,2024-12-05,organic,north,1,7.56
C005030,2025-01-22,affiliate,west,1,23.81
C005031,2023-12-23,paid_social,north,1,36.28
C005032,2023-02-27,affiliate,west,1,27.09
C005033,2023-04-18,paid_search,north,1,39.65
C005034,2024-11-09,paid_search,north,0,42.2
C005035,2024-04-14,paid_search,south,1,46.03
C005036,2023-07-12,referral,west,1,17.98
C005037,2025-02-05,paid_social,east,1,42.19
C005038,2023-07-18,referral,south,0,14.06
C005039,2024-06-12,paid_search,east,1,44.76
C005040,2023-10-31,paid_search,west,1,39.46
C005041,2024-10-20,paid_social,east,1,32.8
C005042,2023-05-28,affiliate,north,1,26.88
C005043,2023-01-22,paid_social,west,1,37.75
C005044,2024-06-29,paid_search,south,1,43.7
C005045,2024-07-02,referral,north,1,20.13
C005046,2024-08-07,paid_search,south,1,41.27
C005047,2023-03-24,organic,east,1,4.95
C005048,2023-07-08,organic,north,1,4.33
C005049,2024-08-02,referral,east,1,12.41
C005050,2024-09-18,paid_search,east,1,47.48
C005051,2024-03-15,paid_search,west,1,36.76
C005052,2023-05-13,paid_social,west,1,41.96
C005053,2023-09-08,paid_search,west,0,51.38
C005054,2023-08-26,paid_social,north,1,43.54
C005055,2023-03-02,paid_social,west,0,34.73
C005056,2024-03-24,organic,south,0,15.44
C005057,2024-10-05,referral,west,1,16.38
C005058,2023-07-27,paid_social,east,1,30.36
C005059,2025-02-12,paid_social,west,1,50.08
C005060,2023-03-26,affiliate,east,1,26.92
C005061,2024-04-13,organic,south,0,5.38
C005062,2023-04-06,paid_social,south,1,32.37
C005063,2023-08-14,paid_search,north,1,50.21
C005064,2025-02-18,paid_social,south,0,32.1
C005065,2023-09-26,paid_search,east,1,49.97
C005066,2023-06-25,organic,south,1,2.0
C005067,2023-04-21,organic,south,1,5.01
C005068,2023-08-02,affiliate,east,1,31.81
C005069,2023-10-17,paid_social,west,1,28.6
C005070,2024-02-28,referral,south,1,12.11
C005071,2025-01-18,referral,south,1,20.43
C005072,2023-06-14,paid_social,east,1,34.34
C005073,2023-07-08,paid_social,south,1,34.7
C005074,2024-07-29,referral,west,1,6.61
C005075,2024-03-27,referral,north,1,17.57
C005076,2024-05-06,paid_search,west,1,35.85
C005077,2024-09-22,paid_search,south,1,51.64
C005078,2024-03-10,referral,west,0,12.89
C005079,2024-08-22,organic,south,1,2.0
C005080,2023-01-30,referral,east,1,15.58
C005081,2024-08-18,referral,west,0,5.07
C005082,2024-07-07,paid_social,south,1,36.74
C005083,2023-03-08,paid_social,east,1,29.67
C005084,2024-04-25,affiliate,north,1,28.55
C005085,2023-06-10,organic,north,1,16.93
C005086,2023-06-15,paid_social,north,1,34.48
C005087,2023-03-19,affiliate,south,1,30.18
C005088,2024-04-24,organic,north,1,9.65
C005089,2023-06-26,paid_search,west,1,47.2
C005090,2024-07-02,paid_search,east,1,35.9
C005091,2024-07-25,paid_search,north,1,41.65
C005092,2023-05-13,paid_search,north,1,42.09
C005093,2023-01-31,organic,west,1,10.27
C005094,2023-09-26,paid_search,north,1,38.57
C005095,2023-06-07,organic,north,1,6.36
C005096,2023-02-27,paid_search,south,0,34.63
C005097,2024-05-14,organic,east,1,14.67
C005098,2023-12-12,paid_social,east,1,48.28
C005099,2025-02-15,paid_search,east,1,38.4
C005100,2023-01-06,paid_search,west,1,36.9
C005101,2023-04-20,organic,east,0,2.0
C005102,2024-12-03,referral,east,1,14.36
C005103,2024-01-01,organic,south,1,12.99
C005104,2024-01-07,affiliate,west,1,26.75
C005105,2023-02-02,affiliate,south,1,27.99
C005106,2024-04-04,referral,east,0,11.23
C005107,2023-12-04,paid_search,north,1,44.01
C005108,2024-03-07,organic,east,0,2.0
C005109,2023-05-28,organic,south,1,8.99
C005110,2025-01-01,paid_search,south,1,45.66
C005111,2023-04-15,paid_social,south,1,24.89
C005112,2023-05-26,organic,south,1,5.67
C005113,2023-03-10,paid_social,south,1,47.08
C005114,2025-02-02,organic,south,1,5.9
C005115,2023-10-08,paid_search,north,1,42.47
C005116,2024-12-18,paid_social,north,1,30.63
C005117,2024-08-11,paid_social,west,1,32.1
C005118,2023-03-24,paid_social,west,0,44.26
C005119,2023-08-01,referral,east,0,27.67
C005120,2023-01-19,paid_search,north,1,38.33
C005121,2024-06-22,paid_search,west,1,44.99
C005122,2023-03-29,referral,east,1,6.8
C005123,2024-07-27,paid_search,east,0,31.69
C005124,2024-07-06,affiliate,west,1,19.1
C005125,2024-10-28,affiliate,east,1,25.45
C005126,2023-04-06,organic,south,1,2.0
C005127,2024-09-08,affiliate,east,1,28.4
C005128,2023-02-07,paid_social,east,0,33.16
C005129,2023-07-25,paid_search,west,1,35.77
C005130,2023-08-10,organic,south,1,12.93
C005131,2024-11-23,paid_search,north,1,41.93
C005132,2023-04-26,organic,south,0,7.32
C005133,2023-11-21,affiliate,west,0,28.51
C005134,2023-11-07,referral,south,0,10.12
C005135,2023-07-07,referral,west,1,6.68
C005136,2023-03-22,paid_search,north,1,40.67
C005137,2025-02-02,affiliate,east,1,24.17
C005138,2024-09-25,organic,south,1,9.18
C005139,2024-05-24,referral,north,1,13.51
C005140,2024-04-15,paid_social,north,0,31.53
C005141,2023-07-24,paid_social,west,1,32.15
C005142,2023-03-07,referral,west,1,13.98
C005143,2023-07-30,referral,south,1,16.75
C005144,2023-04-10,organic,north,1,5.89
C005145,2025-01-05,referral,south,1,9.88
C005146,2024-10-02,organic,north,1,11.96
C005147,2023-08-08,paid_social,north,0,37.52
C005148,2023-05-06,organic,north,0,5.52
C005149,2023-05-24,paid_social,south,1,30.29
C005150,2024-06-04,paid_search,north,0,32.79
C005151,2024-07-09,paid_social,north,1,25.46
C005152,2023-11-25,paid_search,east,1,44.04
C005153,2024-12-12,paid_search,east,1,28.37
C005154,2024-09-17,organic,north,1,2.5
C005155,2024-06-24,organic,east,0,11.61
C005156,2023-07-18,organic,south,1,8.44
C005157,2023-11-12,paid_social,east,1,27.55
C005158,2024-05-25,paid_social,north,1,30.06
C005159,2024-05-18,organic,east,0,5.53
C005160,2023-11-04,organic,west,0,13.73
C005161,2023-06-04,paid_search,north,1,44.26
C005162,2023-12-28,paid_social,south,1,35.58
C005163,2023-04-20,organic,east,1,11.11
C005164,2023-12-22,organic,east,1,14.72
C005165,2024-06-12,paid_search,north,1,40.35
C005166,2023-09-02,referral,east,0,12.75
C005167,2023-09-28,paid_social,north,1,37.07
C005168,2023-10-18,paid_search,south,0,37.4
C005169,2024-07-26,paid_social,west,0,32.48
C005170,2023-05-24,organic,west,1,5.98
C005171,2024-03-15,paid_search,east,1,40.43
C005172,2024-04-11,affiliate,north,0,24.35
C005173,2024-06-30,paid_search,north,1,41.11
C005174,2024-09-03,paid_search,south,1,42.47
C005175,2023-03-29,referral,east,1,12.17
C005176,2024-12-13,organic,north,0,17.33
C005177,2024-09-21,organic,east,0,6.04
C005178,2024-07-11,paid_search,east,0,37.99
C005179,2023-11-03,organic,east,1,5.98
C005180,2023-12-25,paid_search,west,1,40.5
C005181,2023-05-05,organic,east,1,10.38
C005182,2025-02-26,paid_search,east,1,36.13
C005183,2024-03-15,referral,north,0,10.99
C005184,2024-12-16,paid_search,east,1,40.49
C005185,2023-10-30,paid_search,east,1,58.02
C005186,2023-07-21,organic,west,0,9.16
C005187,2023-01-22,paid_search,south,1,42.16
C005188,2023-04-10,paid_search,south,0,38.66
C005189,2024-04-05,organic,west,0,13.18
C005190,2023-04-29,paid_social,east,1,39.29
C005191,2024-04-16,paid_search,east,0,36.68
C005192,2023-01-05,referral,west,0,11.32
C005193,2023-09-05,organic,east,0,12.26
C005194,2024-11-15,organic,south,1,11.06
C005195,2023-10-15,paid_search,south,0,43.23
C005196,2025-02-10,paid_search,north,0,45.04
C005197,2024-02-19,organic,north,1,2.0
C005198,2023-08-03,paid_social,north,1,32.51
C005199,2023-03-31,paid_search,north,1,42.99
C005200,2023-05-15,referral,south,1,11.98
C005201,2025-01-17,organic,north,1,8.67
C005202,2024-11-29,affiliate,south,1,31.05
C005203,2024-08-31,paid_search,east,1,45.59
C005204,2023-04-24,organic,east,1,5.1
C005205,2023-02-26,paid_search,south,1,49.44
C005206,2023-09-28,paid_social,west,1,34.22
C005207,2023-12-24,paid_social,north,0,31.83
C005208,2023-04-21,referral,west,1,2.0
C005209,2024-09-28,referral,north,1,14.46
C005210,2023-08-03,affiliate,south,0,26.15
C005211,2023-10-28,affiliate,west,1,27.1
C005212,2023-05-15,affiliate,east,1,28.49
C005213,2023-10-14,paid_search,south,0,38.78
C005214,2024-02-17,paid_social,south,1,37.97
C005215,2025-02-07,paid_search,west,0,40.43
C005216,2024-05-14,paid_search,east,1,39.92
C005217,2023-09-26,paid_social,east,1,26.92
C005218,2024-12-13,organic,east,1,10.71
C005219,2023-08-07,referral,north,1,12.22
C005220,2023-02-01,organic,east,1,7.65
C005221,2024-06-09,affiliate,west,1,30.31
C005222,2025-01-23,affiliate,south,1,29.83
C005223,2024-03-12,referral,north,1,18.8
C005224,2023-10-09,organic,north,1,12.13
C005225,2023-04-29,affiliate,east,1,26.57
C005226,2023-11-13,paid_social,west,1,30.06
C005227,2024-03-02,organic,west,0,7.01
C005228,2023-07-24,paid_search,east,1,44.78
C005229,2024-05-31,referral,east,1,15.28
C005230,2024-05-01,organic,north,1,5.23
C005231,2024-05-03,paid_social,west,1,33.67
C005232,2023-12-21,organic,south,1,5.37
C005233,2023-11-20,paid_social,south,1,37.39
C005234,2024-08-18,referral,west,1,24.42
C005235,2024-10-14,referral,east,1,17.58
C005236,2023-05-09,referral,south,1,15.64
C005237,2024-06-29,paid_search,east,0,43.48
C005238,2025-01-21,paid_search,west,1,41.03
C005239,2023-04-16,paid_search,south,1,40.63
C005240,2024-07-18,paid_social,north,1,39.94
C005241,2025-01-05,paid_search,east,0,37.66
C005242,2024-11-17,paid_search,west,1,42.95
C005243,2023-05-31,organic,south,0,2.0
C005244,2023-03-15,referral,north,1,15.19
C005245,2024-07-15,affiliate,west,1,25.21
C005246,2024-07-21,referral,west,1,11.99
C005247,2025-01-25,organic,west,1,9.13
C005248,2023-05-23,affiliate,north,0,17.3
C005249,2023-06-21,paid_search,east,0,42.9
C005250,2024-07-25,paid_social,south,1,36.71
C005251,2023-09-04,paid_search,north,1,38.75
C005252,2024-06-23,organic,east,1,10.58
C005253,2024-07-19,referral,north,1,18.79
C005254,2023-02-05,referral,north,1,12.34
C005255,2024-12-22,organic,south,0,10.22
C005256,2023-04-29,affiliate,north,1,31.53
C005257,2024-07-13,paid_search,west,1,39.51
C005258,2024-12-24,paid_social,north,1,33.58
C005259,2023-12-31,paid_social,east,0,31.5
C005260,2025-02-03,paid_social,west,1,35.21
C005261,2023-02-17,paid_social,south,0,38.03
C005262,2023-10-10,referral,west,0,17.24
C005263,2023-01-16,paid_search,west,0,47.31
C005264,2024-11-08,paid_search,west,0,49.42
C005265,2023-03-17,organic,east,1,8.49
C005266,2023-07-09,organic,south,1,11.57
C005267,2024-01-19,paid_social,north,0,43.37
C005268,2024-03-12,paid_search,east,1,48.56
C005269,2024-08-23,paid_social,north,1,30.65
C005270,2025-02-19,referral,west,0,17.11
C005271,2024-06-21,affiliate,north,1,29.46
C005272,2023-05-29,paid_search,north,1,52.12
C005273,2023-01-14,organic,east,1,5.75
C005274,2023-01-01,affiliate,north,1,27.94
C005275,2024-07-29,paid_search,west,1,43.14
C005276,2024-09-09,organic,north,0,2.0
C005277,2023-11-28,affiliate,north,0,31.34
C005278,2024-10-20,organic,east,0,14.62
C005279,2023-07-22,paid_social,north,1,48.61
C005280,2024-12-15,organic,west,0,6.73
C005281,2023-01-12,affiliate,west,1,28.29
C005282,2025-02-15,organic,west,1,11.89
C005283,2023-01-20,paid_search,north,1,33.84
C005284,2023-04-04,organic,west,0,4.59
C005285,2025-02-11,affiliate,north,1,20.04
C005286,2024-04-19,affiliate,east,1,26.55
C005287,2024-03-01,organic,west,1,3.95
C005288,2025-02-04,referral,south,1,13.23
C005289,2024-02-17,organic,south,1,10.64
C005290,2023-02-23,referral,south,1,3.34
C005291,2023-08-13,organic,east,1,13.84
C005292,2023-06-10,paid_search,west,1,38.93
C005293,2024-03-22,paid_social,west,1,37.38
C005294,2024-02-03,referral,east,1,11.9
C005295,2024-02-17,organic,east,1,10.17
C005296,2023-12-25,referral,east,1,24.18
C005297,2023-12-19,paid_search,west,1,34.43
C005298,2024-09-30,referral,south,1,15.8
C005299,2023-10-03,paid_search,south,1,49.16
C005300,2024-05-04,organic,west,1,4.33
C005301,2024-12-04,organic,east,0,8.24
C005302,2023-12-25,paid_social,south,1,32.23
C005303,2023-11-21,paid_search,east,0,40.99
C005304,2024-12-02,organic,north,0,6.45
C005305,2025-02-25,paid_search,east,1,36.7
C005306,2023-07-16,paid_search,west,1,46.04
C005307,2024-03-16,organic,north,1,10.69
C005308,2025-02-06,organic,north,1,7.54
C005309,2024-02-08,referral,east,0,16.96
C005310,2024-03-10,referral,east,0,9.07
C005311,2025-01-10,organic,north,1,2.0
C005312,2024-03-17,organic,south,1,2.0
C005313,2023-02-10,referral,east,0,11.86
C005314,2023-11-14,paid_search,north,1,36.76
C005315,2024-05-02,referral,west,1,14.72
C005316,2024-06-16,organic,east,0,16.95
C005317,2024-07-17,organic,west,1,10.75
C005318,2024-05-18,organic,east,0,12.29
C005319,2024-06-02,affiliate,north,1,31.0
C005320,2023-01-30,affiliate,west,1,29.63
C005321,2023-10-23,paid_social,south,1,39.07
C005322,2024-03-30,paid_social,west,1,33.16
C005323,2024-11-02,referral,north,1,11.04
C005324,2024-04-20,paid_search,east,1,48.87
C005325,2023-10-27,paid_search,west,0,38.22
C005326,2023-09-20,organic,east,0,2.0
C005327,2024-08-16,paid_search,east,1,39.49
C005328,2025-02-27,paid_social,west,1,25.58
C005329,2024-09-05,paid_search,east,0,40.3
C005330,2023-01-25,organic,south,1,9.67
C005331,2024-10-29,paid_search,west,1,35.78
C005332,2024-04-02,organic,east,1,2.0
C005333,2023-04-15,paid_social,south,1,32.73
C005334,2023-04-05,organic,west,1,17.72
C005335,2024-02-09,affiliate,south,1,27.35
C005336,2024-08-30,organic,west,1,14.83
C005337,2023-09-13,affiliate,north,1,24.62
C005338,2024-01-24,affiliate,north,1,33.43
C005339,2025-01-05,paid_social,east,1,39.83
C005340,2024-03-18,organic,north,1,7.51
C005341,2024-01-16,paid_social,north,1,39.23
C005342,2023-08-09,referral,west,1,10.38
C005343,2024-06-06,organic,north,1,2.0
C005344,2023-06-26,paid_search,west,1,45.39
C005345,2023-03-25,referral,north,1,12.38
C005346,2023-10-27,affiliate,east,1,21.16
C005347,2023-10-03,paid_social,south,1,33.31
C005348,2023-11-09,organic,south,0,7.05
C005349,2023-04-19,referral,west,1,11.25
C005350,2024-05-09,paid_search,north,1,48.25
C005351,2024-12-13,organic,east,0,2.09
C005352,2025-01-11,referral,east,1,9.52
C005353,2023-08-14,referral,east,1,7.33
C005354,2024-09-03,organic,north,1,15.38
C005355,2023-09-18,paid_search,west,1,39.71
C005356,2023-08-22,paid_search,north,0,38.12
C005357,2023-08-04,paid_search,north,1,41.17
C005358,2024-05-04,referral,south,1,8.96
C005359,2024-06-17,referral,north,1,16.39
C005360,2024-11-07,paid_search,east,1,49.4
C005361,2024-03-15,organic,east,0,12.97
C005362,2024-12-07,referral,east,1,20.79
C005363,2024-11-07,paid_social,east,1,28.89
C005364,2024-09-19,organic,west,0,10.65
C005365,2024-02-29,paid_social,east,1,28.68
C005366,2023-04-04,organic,south,0,15.35
C005367,2024-07-29,affiliate,north,1,33.35
C005368,2025-01-17,organic,south,1,10.83
C005369,2024-04-12,organic,west,1,2.0
C005370,2023-04-11,paid_social,north,1,30.62
C005371,2025-02-08,paid_social,north,1,24.32
C005372,2024-09-29,organic,west,0,2.95
C005373,2024-08-24,organic,east,1,2.0
C005374,2023-09-24,organic,north,0,5.45
C005375,2024-05-16,referral,east,0,12.42
C005376,2024-03-01,paid_search,south,1,46.82
C005377,2024-04-10,affiliate,east,0,31.22
C005378,2024-02-10,paid_search,north,1,43.89
C005379,2023-09-27,organic,west,1,2.0
C005380,2025-02-07,paid_search,east,1,37.11
C005381,2023-12-30,referral,west,1,13.63
C005382,2024-06-19,paid_search,west,1,39.66
C005383,2024-12-15,referral,east,1,13.0
C005384,2024-03-26,paid_search,north,1,41.46
C005385,2024-02-15,organic,north,0,6.99
C005386,2024-02-20,paid_search,east,0,45.76
C005387,2024-03-28,organic,south,0,13.01
C005388,2024-07-19,affiliate,north,1,24.08
C005389,2023-05-02,organic,north,1,2.84
C005390,2023-12-14,affiliate,south,1,22.64
C005391,2024-03-14,referral,south,1,10.99
C005392,2023-02-15,paid_social,east,1,28.35
C005393,2023-12-06,paid_social,east,1,31.65
C005394,2023-03-18,organic,west,0,12.38
C005395,2023-07-16,paid_social,east,1,33.88
C005396,2024-07-28,paid_social,west,1,38.21
C005397,2024-01-26,paid_search,north,1,46.51
C005398,2023-02-01,organic,north,1,14.17
C005399,2024-12-28,referral,south,0,10.0
C005400,2024-04-07,paid_search,north,0,59.44
C005401,2024-01-19,organic,south,1,11.9
C005402,2025-01-10,affiliate,west,1,30.09
C005403,2023-06-11,organic,west,1,18.73
C005404,2024-07-01,paid_search,east,1,42.85
C005405,2023-06-24,referral,east,1,15.66
C005406,2025-01-26,affiliate,north,1,22.65
C005407,2024-11-18,paid_social,east,0,37.41
C005408,2023-05-30,paid_search,east,1,36.19
C005409,2023-08-24,referral,north,1,19.74
C005410,2023-11-10,paid_social,west,1,30.6
C005411,2024-05-31,paid_social,south,1,41.44
C005412,2024-06-14,referral,south,1,9.58
C005413,2023-12-02,paid_search,north,1,42.76
C005414,2023-02-25,referral,west,0,7.01
C005415,2023-05-11,paid_social,south,1,36.85
C005416,2024-01-30,paid_search,east,0,49.26
C005417,2024-02-02,organic,east,1,11.47
C005418,2024-06-28,organic,north,0,14.04
C005419,2024-10-29,paid_social,north,1,29.97
C005420,2023-06-03,organic,west,1,12.3
C005421,2024-07-22,paid_search,east,1,41.31
C005422,2024-02-10,referral,east,0,23.56
C005423,2023-05-17,referral,south,1,21.46
C005424,2024-01-02,referral,south,1,14.85
C005425,2025-02-23,affiliate,west,1,22.48
C005426,2023-03-22,referral,east,1,15.96
C005427,2023-01-29,organic,north,1,7.48
C005428,2023-10-30,affiliate,east,1,39.47
C005429,2025-01-23,affiliate,north,0,35.04
C005430,2023-02-05,paid_search,east,0,37.96
C005431,2025-02-26,organic,south,1,2.0
C005432,2024-03-16,referral,north,1,14.24
C005433,2023-09-24,paid_social,east,1,32.56
C005434,2024-06-13,organic,north,1,4.85
C005435,2025-02-14,paid_search,south,1,36.08
C005436,2024-04-14,paid_social,south,1,41.37
C005437,2024-10-10,paid_search,east,1,34.88
C005438,2024-05-01,paid_social,east,1,34.44
C005439,2024-10-02,paid_search,east,1,47.12
C005440,2023-06-05,affiliate,west,1,30.73
C005441,2024-02-08,paid_social,west,1,33.54
C005442,2024-07-14,affiliate,north,1,31.97
C005443,2024-07-13,organic,west,1,2.0
C005444,2023-01-22,paid_search,south,1,41.5
C005445,2024-11-22,paid_search,north,1,37.6
C005446,2023-04-07,referral,north,0,10.71
C005447,2023-11-11,paid_search,west,1,37.43
C005448,2023-01-16,paid_search,west,0,40.85
C005449,2023-11-14,affiliate,north,1,32.84
C005450,2023-11-29,paid_social,west,1,35.58
C005451,2025-02-21,organic,south,0,13.24
C005452,2024-01-13,paid_search,north,1,38.8
C005453,2024-01-14,paid_search,north,0,39.71
C005454,2023-11-28,paid_search,south,1,46.47
C005455,2023-11-01,paid_search,east,0,44.7
C005456,2024-11-19,paid_social,west,1,40.57
C005457,2024-12-03,referral,south,0,20.18
C005458,2024-05-02,affiliate,north,0,22.25
C005459,2024-07-28,referral,south,1,14.82
C005460,2023-02-19,organic,south,1,16.43
C005461,2023-03-08,organic,west,1,2.0
C005462,2023-08-09,organic,south,0,10.82
C005463,2024-08-18,paid_search,south,0,45.86
C005464,2024-07-05,organic,south,1,4.43
C005465,2023-01-03,organic,south,1,4.12
C005466,2024-01-13,paid_social,north,0,43.87
C005467,2023-11-11,paid_search,east,1,39.59
C005468,2023-10-01,paid_social,south,0,29.82
C005469,2023-09-12,paid_social,east,0,37.38
C005470,2024-01-09,paid_social,south,0,30.9
C005471,2023-09-03,paid_social,north,0,43.08
C005472,2024-11-13,organic,west,1,8.1
C005473,2025-02-03,paid_social,east,1,38.59
C005474,2024-07-01,affiliate,north,1,26.44
C005475,2024-09-14,organic,south,1,2.0
C005476,2024-11-22,affiliate,east,1,26.36
C005477,2023-08-26,paid_search,south,0,43.12
C005478,2024-12-08,referral,north,1,17.69
C005479,2024-05-29,organic,north,0,8.93
C005480,2023-11-17,organic,west,1,3.73
C005481,2023-03-11,organic,west,1,6.83
C005482,2024-12-18,paid_search,west,1,45.76
C005483,2024-11-24,organic,east,1,6.72
C005484,2023-07-09,organic,east,1,8.61
C005485,2024-05-08,organic,south,1,2.0
C005486,2023-01-12,affiliate,south,1,26.0
C005487,2024-08-01,organic,south,0,2.0
C005488,2024-11-12,referral,east,1,7.68
C005489,2024-09-16,organic,north,0,4.82
C005490,2024-02-02,organic,west,1,8.32
C005491,2024-01-04,paid_search,west,1,55.16
C005492,2023-12-25,paid_search,north,0,42.25
C005493,2025-01-16,paid_search,west,1,34.25
C005494,2024-05-26,paid_search,south,0,46.91
C005495,2024-11-04,organic,west,1,10.96
C005496,2023-08-14,affiliate,east,0,28.15
C005497,2024-09-30,paid_search,east,1,43.91
C005498,2023-08-24,referral,south,1,18.47
C005499,2023-06-23,organic,north,0,12.25
C005500,2023-10-15,referral,west,1,7.19
C005501,2024-10-30,paid_social,east,0,32.61
C005502,2023-01-09,paid_social,east,0,32.03
C005503,2023-01-28,paid_search,west,1,42.9
C005504,2024-05-01,paid_social,south,0,30.66
C005505,2023-08-22,paid_social,north,1,40.5
C005506,2023-10-18,referral,south,1,28.41
C005507,2023-01-28,organic,west,1,18.11
C005508,2024-10-30,paid_social,west,1,39.11
C005509,2023-08-09,organic,north,1,2.0
C005510,2024-10-08,referral,west,1,24.19
C005511,2024-02-21,paid_search,south,0,43.82
C005512,2023-12-14,referral,west,1,5.95
C005513,2023-06-25,organic,north,0,6.64
C005514,2023-06-24,organic,north,1,7.45
C005515,2024-02-07,paid_social,north,0,30.47
C005516,2023-04-30,paid_social,south,0,25.56
C005517,2024-04-22,paid_search,west,1,52.5
C005518,2023-06-14,paid_social,south,0,34.99
C005519,2023-10-20,organic,south,1,13.65
C005520,2023-12-15,paid_social,north,1,34.55
C005521,2023-03-19,paid_search,south,1,34.37
C005522,2025-02-08,organic,west,1,3.91
C005523,2024-02-07,affiliate,south,1,27.81
C005524,2024-05-05,organic,east,1,9.69
C005525,2025-01-08,paid_search,north,0,47.55
C005526,2023-02-06,affiliate,south,1,34.24
C005527,2024-11-03,referral,north,1,16.59
C005528,2023-05-22,organic,west,1,7.03
C005529,2023-04-21,organic,east,1,11.93
C005530,2024-12-13,affiliate,north,1,19.9
C005531,2024-02-27,paid_search,north,1,42.62
C005532,2025-02-23,paid_social,south,1,34.79
C005533,2024-01-19,paid_social,west,0,43.2
C005534,2023-01-09,paid_search,south,0,42.98
C005535,2023-01-15,organic,east,1,10.7
C005536,2023-07-21,affiliate,north,0,28.66
C005537,2025-01-10,organic,south,1,5.35
C005538,2023-05-01,referral,south,0,10.62
C005539,2024-12-17,paid_search,north,1,39.17
C005540,2024-03-28,paid_social,west,0,35.26
C005541,2024-04-21,paid_search,north,0,43.08
C005542,2023-05-31,organic,north,0,4.79
C005543,2024-03-02,organic,west,1,10.11
C005544,2024-04-29,paid_search,south,0,46.58
C005545,2024-06-17,paid_search,east,0,46.67
C005546,2023-08-13,organic,west,1,14.19
C005547,2024-04-05,paid_search,south,1,37.91
C005548,2024-01-31,affiliate,south,1,24.87
C005549,2025-02-27,organic,north,0,2.0
C005550,2023-07-31,referral,east,0,17.48
C005551,2024-04-04,paid_social,south,1,27.48
C005552,2023-08-23,referral,east,1,8.37
C005553,2024-04-07,referral,south,1,13.53
C005554,2024-09-21,referral,east,1,11.62
C005555,2024-08-20,referral,north,0,21.72
C005556,2023-05-25,organic,north,0,21.92
C005557,2023-11-27,paid_search,north,0,48.1
C005558,2023-06-04,affiliate,north,0,37.34
C005559,2025-01-15,paid_search,south,1,47.55
C005560,2024-11-16,paid_search,north,0,32.09
C005561,2024-04-04,paid_search,west,0,41.48
C005562,2023-09-16,paid_search,south,0,44.14
C005563,2024-02-19,organic,west,0,17.21
C005564,2024-12-03,paid_search,south,1,59.15
C005565,2024-02-14,organic,north,1,7.56
C005566,2024-04-20,paid_social,east,1,36.94
C005567,2025-02-06,organic,north,1,6.88
C005568,2023-01-11,paid_search,east,1,41.17
C005569,2025-01-06,organic,west,1,8.84
C005570,2024-06-23,paid_search,south,0,37.08
C005571,2024-08-13,organic,north,1,5.74
C005572,2023-02-24,referral,west,1,17.62
C005573,2024-05-12,paid_social,west,1,35.62
C005574,2024-06-18,paid_social,north,0,22.55
C005575,2023-10-31,referral,north,0,7.26
C005576,2023-08-25,organic,south,1,2.0
C005577,2024-08-23,affiliate,east,1,31.24
C005578,2025-02-18,paid_search,north,1,44.02
C005579,2024-05-25,affiliate,west,0,29.6
C005580,2025-01-31,referral,south,0,13.63
C005581,2024-12-22,paid_search,west,1,40.71
C005582,2023-11-05,referral,south,1,17.87
C005583,2024-11-07,organic,east,1,2.0
C005584,2023-02-26,organic,west,1,8.51
C005585,2024-01-06,organic,north,1,11.32
C005586,2024-11-24,paid_search,north,1,42.7
C005587,2023-06-16,paid_search,south,1,43.6
C005588,2023-10-07,paid_social,west,0,37.51
C005589,2023-06-27,paid_social,west,1,25.47
C005590,2023-12-22,organic,south,0,2.0
C005591,2025-01-10,organic,south,1,7.56
C005592,2024-10-14,paid_search,west,1,33.59
C005593,2024-07-05,referral,south,1,12.46
C005594,2024-04-17,paid_social,east,1,26.83
C005595,2024-10-22,paid_search,north,1,43.65
C005596,2024-01-08,referral,west,1,23.38
C005597,2023-06-20,organic,west,0,25.19
C005598,2023-05-12,paid_search,west,0,43.73
C005599,2023-01-26,organic,south,1,4.5
C005600,2023-06-05,referral,west,1,9.05
C005601,2023-07-13,paid_search,north,0,45.44
C005602,2023-09-17,organic,north,1,2.35
C005603,2024-02-07,affiliate,east,1,17.27
C005604,2024-11-21,organic,north,1,2.0
C005605,2024-10-26,affiliate,west,1,36.13
C005606,2023-05-10,paid_search,south,1,40.86
C005607,2023-11-28,paid_search,north,1,46.83
C005608,2023-01-03,paid_search,west,0,45.36
C005609,2024-03-08,affiliate,north,1,24.64
C005610,2024-08-25,paid_search,south,1,33.47
C005611,2024-03-24,paid_social,north,0,38.66
C005612,2023-05-27,referral,north,1,14.28
C005613,2023-04-20,organic,west,1,5.98
C005614,2024-10-10,organic,east,1,3.97
C005615,2023-06-27,organic,west,1,12.29
C005616,2024-05-11,paid_social,east,1,32.25
C005617,2023-10-30,paid_social,south,1,39.86
C005618,2024-06-30,referral,west,1,6.71
C005619,2023-06-13,referral,north,1,15.99
C005620,2024-08-21,paid_social,west,1,32.99
C005621,2024-01-10,organic,south,1,5.61
C005622,2023-02-25,referral,north,1,14.28
C005623,2024-11-18,paid_social,east,1,37.59
C005624,2023-09-07,paid_search,south,1,46.22
C005625,2024-10-09,paid_social,east,1,33.81
C005626,2024-10-22,affiliate,west,1,28.92
C005627,2023-11-26,referral,north,0,23.09
C005628,2024-04-05,referral,north,1,13.98
C005629,2023-02-28,referral,west,1,13.24
C005630,2024-02-26,paid_social,north,1,41.06
C005631,2024-04-26,paid_social,east,1,25.91
C005632,2023-08-20,paid_search,north,1,43.72
C005633,2024-09-18,paid_social,north,1,36.55
C005634,2023-01-09,paid_social,south,1,40.3
C005635,2024-09-17,affiliate,east,0,28.36
C005636,2024-09-08,paid_search,west,1,40.46
C005637,2025-01-06,paid_social,north,1,30.48
C005638,2024-10-17,paid_search,north,1,44.04
C005639,2023-11-17,paid_search,south,1,35.91
C005640,2024-07-02,organic,east,0,2.27
C005641,2023-06-11,paid_search,south,1,47.84
C005642,2023-02-15,paid_social,north,1,38.35
C005643,2023-12-14,organic,south,1,6.45
C005644,2024-03-01,affiliate,south,0,35.4
C005645,2023-01-25,paid_search,north,1,42.51
C005646,2023-08-13,affiliate,west,1,23.19
C005647,2023-06-05,paid_social,east,0,47.43
C005648,2023-06-20,paid_search,south,1,45.24
C005649,2023-05-16,paid_search,east,1,43.9
C005650,2024-06-24,paid_search,south,1,34.74
C005651,2024-06-28,organic,north,1,4.59
C005652,2023-04-03,referral,south,1,16.77
C005653,2023-11-19,paid_search,east,0,41.43
C005654,2024-02-04,referral,north,1,20.41
C005655,2024-04-21,paid_social,west,0,38.59
C005656,2024-02-20,affiliate,south,1,24.53
C005657,2023-05-29,paid_search,west,1,46.74
C005658,2023-09-07,paid_social,east,1,31.48
C005659,2024-11-07,paid_social,east,1,46.45
C005660,2024-05-26,paid_social,west,1,33.14
C005661,2024-06-24,paid_search,north,1,38.14
C005662,2023-06-22,paid_search,east,1,40.91
C005663,2023-03-18,paid_search,north,1,38.6
C005664,2024-11-04,organic,west,1,5.47
C005665,2023-08-19,organic,south,1,2.01
C005666,2024-09-11,paid_social,west,1,35.5
C005667,2023-02-13,referral,east,0,13.69
C005668,2024-10-26,affiliate,south,1,33.07
C005669,2024-02-27,referral,south,1,8.54
C005670,2024-10-23,organic,north,1,5.89
C005671,2024-08-22,paid_social,south,0,42.98
C005672,2025-01-31,paid_social,east,1,35.97
C005673,2025-01-31,paid_search,west,0,39.42
C005674,2024-09-18,paid_search,west,1,33.01
C005675,2024-05-22,paid_search,south,0,36.37
C005676,2023-10-12,referral,north,1,10.63
C005677,2024-06-06,affiliate,south,1,26.02
C005678,2023-08-30,paid_search,west,1,39.08
C005679,2023-12-22,affiliate,south,0,20.46
C005680,2023-10-25,paid_social,south,1,29.22
C005681,2023-10-10,organic,south,1,5.03
C005682,2024-03-29,paid_search,north,1,45.96
C005683,2023-02-27,paid_search,north,1,41.01
C005684,2023-08-08,affiliate,north,0,23.34
C005685,2023-02-24,paid_search,south,1,51.25
C005686,2023-05-25,affiliate,north,1,31.47
C005687,2024-01-29,organic,north,1,14.77
C005688,2023-05-20,organic,east,1,5.52
C005689,2024-02-18,organic,north,0,7.86
C005690,2023-06-20,organic,north,1,6.49
C005691,2023-04-29,paid_social,north,0,26.75
C005692,2023-12-28,paid_search,west,0,41.27
C005693,2024-05-20,referral,east,0,13.16
C005694,2023-01-26,referral,west,1,5.42
C005695,2024-11-17,paid_social,south,1,35.38
C005696,2024-08-24,referral,east,0,11.2
C005697,2024-01-28,organic,west,1,7.76
C005698,2024-01-17,affiliate,west,1,15.96
C005699,2024-12-27,paid_social,south,1,42.84
C005700,2023-06-11,paid_search,north,0,49.54
C005701,2024-10-07,paid_search,north,1,38.38
C005702,2024-04-10,organic,south,0,2.0
C005703,2023-08-03,referral,west,1,14.21
C005704,2023-08-31,paid_social,south,0,29.41
C005705,2024-10-22,affiliate,west,1,35.22
C005706,2023-04-23,paid_social,east,1,42.5
C005707,2024-10-21,affiliate,north,1,31.01
C005708,2024-10-15,organic,east,0,11.73
C005709,2023-03-01,paid_search,east,0,47.9
C005710,2023-03-14,paid_social,west,1,31.2
C005711,2024-01-10,paid_search,west,1,35.73
C005712,2024-11-22,paid_search,north,1,50.06
C005713,2024-07-17,referral,west,1,12.95
C005714,2023-03-12,paid_social,west,0,32.83
C005715,2023-06-26,referral,west,0,13.61
C005716,2023-12-13,organic,south,1,7.17
C005717,2024-09-08,paid_search,east,1,48.36
C005718,2024-07-21,organic,north,1,13.03
C005719,2024-10-03,referral,north,1,16.29
C005720,2023-10-18,paid_social,south,0,37.04
C005721,2023-07-09,organic,south,1,13.59
C005722,2024-04-29,organic,north,0,13.11
C005723,2024-05-18,paid_social,west,1,29.5
C005724,2024-07-20,organic,south,1,8.13
C005725,2023-03-08,organic,south,1,9.19
C005726,2024-04-02,organic,west,0,4.62
C005727,2023-02-01,paid_social,east,1,38.48
C005728,2024-07-11,referral,south,1,14.74
C005729,2023-11-12,affiliate,north,1,22.63
C005730,2023-08-22,organic,south,0,7.51
C005731,2023-07-14,paid_search,south,1,42.44
C005732,2024-02-21,paid_search,north,1,44.55
C005733,2024-06-29,paid_search,west,1,45.65
C005734,2024-02-27,paid_social,west,0,38.12
C005735,2025-01-24,paid_social,west,0,33.78
C005736,2024-04-10,organic,north,1,9.06
C005737,2024-07-31,organic,north,0,16.8
C005738,2023-08-29,paid_social,west,1,34.12
C005739,2023-03-28,paid_search,south,1,41.83
C005740,2024-03-26,paid_search,west,1,45.08
C005741,2023-01-10,paid_social,east,1,32.48
C005742,2025-02-02,paid_social,east,1,30.8
C005743,2024-09-23,organic,north,0,5.49
C005744,2023-07-27,organic,east,1,8.0
C005745,2024-11-07,organic,south,1,6.92
C005746,2025-01-27,paid_search,west,1,48.7
C005747,2023-06-06,paid_search,east,1,43.08
C005748,2024-02-25,affiliate,north,1,27.13
C005749,2024-11-11,paid_social,west,1,33.97
C005750,2023-01-12,referral,south,1,17.0
C005751,2023-01-22,paid_social,north,1,40.78
C005752,2023-10-09,paid_social,south,0,34.98
C005753,2025-02-13,organic,west,1,2.0
C005754,2023-11-30,organic,north,1,9.81
C005755,2024-03-01,referral,west,1,10.22
C005756,2024-04-10,organic,west,0,8.54
C005757,2023-07-13,paid_search,east,1,43.98
C005758,2024-01-10,referral,south,1,18.54
C005759,2024-04-03,organic,south,0,2.85
C005760,2023-03-08,referral,south,1,21.42
C005761,2023-09-18,affiliate,east,1,29.82
C005762,2025-01-04,organic,south,0,14.43
C005763,2023-03-27,paid_search,south,0,42.93
C005764,2023-11-23,paid_social,south,1,23.09
C005765,2024-12-03,organic,east,1,2.0
C005766,2023-05-29,paid_search,south,1,51.18
C005767,2023-10-20,organic,west,1,2.0
C005768,2023-04-05,paid_search,east,1,47.16
C005769,2023-08-27,referral,north,0,26.26
C005770,2024-05-21,affiliate,north,0,35.63
C005771,2025-01-02,referral,south,1,12.47
C005772,2024-06-30,affiliate,east,0,17.97
C005773,2024-04-26,paid_social,east,1,47.85
C005774,2023-07-18,paid_search,south,1,40.98
C005775,2023-09-23,paid_search,east,1,46.14
C005776,2023-01-23,affiliate,south,1,14.29
C005777,2023-01-29,paid_search,south,1,40.93
C005778,2023-03-23,paid_search,west,1,41.17
C005779,2023-11-02,affiliate,north,1,16.29
C005780,2023-08-29,paid_search,west,1,41.68
C005781,2024-09-19,paid_social,east,1,32.34
C005782,2023-08-04,organic,south,1,11.82
C005783,2023-08-16,paid_search,east,1,47.91
C005784,2024-02-28,paid_search,north,1,37.3
C005785,2023-12-13,organic,south,1,11.5
C005786,2024-12-17,paid_search,north,1,47.3
C005787,2024-05-26,paid_search,south,1,48.23
C005788,2024-06-03,paid_social,west,0,33.39
C005789,2024-10-19,paid_search,north,1,44.44
C005790,2023-04-22,paid_search,south,1,42.79
C005791,2023-07-15,referral,south,1,6.42
C005792,2023-08-12,paid_search,south,1,40.72
C005793,2024-11-09,referral,south,0,11.31
C005794,2024-07-02,organic,west,1,5.44
C005795,2025-02-24,affiliate,north,1,28.46
C005796,2023-04-13,paid_social,west,1,42.58
C005797,2023-01-04,paid_search,north,1,42.21
C005798,2024-03-25,organic,north,1,6.16
C005799,2024-01-13,organic,north,1,11.89
C005800,2025-01-03,organic,south,0,10.5
C005801,2024-12-24,referral,north,0,12.41
C005802,2024-08-21,paid_social,north,1,29.23
C005803,2023-10-02,organic,south,1,2.0
C005804,2024-11-01,paid_social,south,1,28.08
C005805,2024-04-19,paid_search,east,0,39.32
C005806,2024-02-02,organic,west,1,12.9
C005807,2023-08-14,paid_social,east,1,34.3
C005808,2023-05-23,paid_social,north,1,43.06
C005809,2024-10-21,paid_search,east,0,34.44
C005810,2023-03-31,paid_social,south,1,34.31
C005811,2024-04-23,paid_social,west,1,28.79
C005812,2024-09-07,referral,south,1,4.74
C005813,2024-09-21,paid_search,south,1,42.71
C005814,2024-12-06,paid_search,east,1,44.04
C005815,2024-12-15,referral,east,1,10.84
C005816,2024-07-31,paid_social,east,1,42.03
C005817,2024-08-16,paid_search,west,0,37.05
C005818,2024-10-14,paid_search,south,1,47.26
C005819,2024-05-10,affiliate,north,1,32.91
C005820,2023-11-08,paid_search,north,0,41.11
C005821,2024-08-22,paid_search,north,1,50.15
C005822,2023-07-28,organic,west,1,5.06
C005823,2024-04-12,paid_search,east,1,45.03
C005824,2024-05-30,referral,west,1,13.02
C005825,2023-05-27,organic,east,1,5.0
C005826,2023-06-02,affiliate,north,1,25.53
C005827,2024-02-23,paid_social,east,1,25.24
C005828,2024-04-13,paid_search,east,1,40.31
C005829,2024-07-21,organic,west,1,11.92
C005830,2024-12-15,affiliate,west,1,27.83
C005831,2023-09-24,paid_social,south,1,34.79
C005832,2023-05-26,affiliate,south,1,21.31
C005833,2023-02-26,affiliate,south,0,27.45
C005834,2023-05-14,organic,west,1,12.97
C005835,2023-07-30,affiliate,south,0,25.55
C005836,2024-04-16,referral,south,1,10.12
C005837,2023-04-27,paid_social,north,1,32.32
C005838,2025-02-20,organic,west,1,2.54
C005839,2024-10-01,referral,south,1,6.69
C005840,2023-02-21,organic,south,1,9.31
C005841,2023-11-20,referral,west,1,18.22
C005842,2023-06-01,organic,west,1,8.06
C005843,2025-02-15,organic,east,1,7.88
C005844,2023-03-14,referral,north,1,13.06
C005845,2023-01-28,paid_social,south,1,38.13
C005846,2024-01-31,organic,south,1,5.54
C005847,2024-04-19,affiliate,north,0,18.1
C005848,2024-11-08,paid_search,north,1,34.46
C005849,2023-05-14,organic,north,0,11.24
C005850,2023-12-27,organic,west,0,8.53
C005851,2023-01-09,paid_social,north,1,37.51
C005852,2024-02-06,paid_social,east,1,35.97
C005853,2024-02-12,organic,east,1,11.21
C005854,2023-03-18,organic,north,1,2.0
C005855,2024-02-11,paid_social,west,0,37.29
C005856,2024-01-01,paid_social,west,0,35.56
C005857,2023-05-05,referral,west,0,6.89
C005858,2023-07-25,organic,west,1,9.94
C005859,2023-03-24,paid_search,south,1,46.34
C005860,2024-05-01,paid_search,south,1,37.41
C005861,2024-05-04,affiliate,south,0,18.95
C005862,2024-07-15,paid_social,west,1,33.25
C005863,2024-01-06,organic,east,1,15.13
C005864,2023-04-15,referral,north,1,16.03
C005865,2023-06-26,organic,east,1,9.98
C005866,2023-11-24,paid_search,north,1,44.97
C005867,2023-03-30,organic,north,1,5.73
C005868,2024-01-08,organic,south,1,12.54
C005869,2024-08-12,paid_social,north,1,35.82
C005870,2024-03-02,organic,east,1,4.8
C005871,2025-02-12,paid_search,south,1,38.44
C005872,2024-11-11,referral,west,0,18.41
C005873,2023-06-05,organic,south,0,4.32
C005874,2023-12-22,paid_search,west,0,44.98
C005875,2024-10-20,affiliate,north,1,21.22
C005876,2023-05-13,affiliate,south,1,22.19
C005877,2023-07-03,paid_search,west,1,42.59
C005878,2023-05-31,paid_search,south,0,45.51
C005879,2023-11-05,organic,east,1,7.79
C005880,2023-02-27,paid_social,north,1,29.87
C005881,2023-11-23,organic,south,0,4.7
C005882,2023-12-16,organic,east,1,12.66
C005883,2023-12-09,paid_social,north,0,37.65
C005884,2023-12-19,referral,south,1,12.27
C005885,2023-01-29,paid_social,south,0,30.31
C005886,2024-02-25,organic,north,1,11.7
C005887,2023-11-18,paid_social,south,1,34.95
C005888,2023-02-12,organic,south,0,9.64
C005889,2023-08-08,paid_search,south,1,36.11
C005890,2023-07-20,organic,west,1,9.2
C005891,2023-11-01,paid_search,south,0,36.75
C005892,2024-02-12,paid_social,south,1,44.0
C005893,2023-02-07,referral,east,1,11.74
C005894,2024-07-03,paid_social,north,1,34.62
C005895,2024-12-13,organic,east,1,5.77
C005896,2024-11-06,paid_search,north,0,44.69
C005897,2024-02-15,organic,west,0,8.07
C005898,2023-06-26,referral,south,1,18.9
C005899,2023-05-10,paid_social,north,1,33.18
C005900,2023-05-23,organic,south,0,13.9
C005901,2024-08-25,paid_social,south,0,41.78
C005902,2024-06-20,organic,south,1,2.0
C005903,2023-07-05,organic,south,1,15.27
C005904,2024-02-12,affiliate,south,0,36.51
C005905,2023-12-19,organic,north,1,11.58
C005906,2023-10-27,referral,north,1,15.19
C005907,2023-02-11,paid_search,north,1,48.39
C005908,2024-03-28,referral,north,1,2.0
C005909,2024-10-12,referral,east,0,13.88
C005910,2023-05-16,paid_search,north,0,41.11
C005911,2023-12-11,paid_social,west,1,30.62
C005912,2024-08-06,paid_search,east,1,43.48
C005913,2023-02-11,paid_social,north,0,35.22
C005914,2024-06-18,referral,west,1,11.9
C005915,2024-03-11,referral,south,1,16.81
C005916,2023-03-06,referral,east,0,14.51
C005917,2024-05-20,organic,east,1,15.87
C005918,2023-11-03,paid_social,west,1,40.42
C005919,2024-03-25,organic,west,0,8.38
C005920,2025-02-27,organic,west,0,14.01
C005921,2023-06-24,affiliate,south,1,26.9
C005922,2025-02-27,organic,east,1,9.4
C005923,2025-02-23,referral,north,0,10.1
C005924,2024-08-11,referral,east,1,10.14
C005925,2024-11-21,paid_search,north,1,41.56
C005926,2024-05-11,affiliate,west,1,22.71
C005927,2023-05-21,organic,east,1,8.19
C005928,2024-08-07,referral,west,1,6.19
C005929,2023-12-13,affiliate,east,1,41.93
C005930,2023-10-28,referral,east,0,11.32
C005931,2023-11-18,affiliate,south,1,29.95
C005932,2023-08-02,paid_search,north,1,33.08
C005933,2024-07-16,paid_search,west,1,42.5
C005934,2024-04-03,affiliate,north,1,26.93
C005935,2023-04-03,paid_social,west,1,40.6
C005936,2025-01-16,paid_social,north,1,33.2
C005937,2024-03-30,referral,west,1,22.76
C005938,2023-04-22,organic,north,1,7.01
C005939,2023-02-14,affiliate,east,1,23.93
C005940,2024-01-18,paid_social,south,1,29.32
C005941,2023-08-11,organic,east,1,6.96
C005942,2023-11-18,referral,west,1,20.29
C005943,2023-06-10,affiliate,south,0,32.11
C005944,2023-07-01,paid_search,south,1,39.54
C005945,2024-07-07,affiliate,east,1,25.02
C005946,2024-12-26,referral,east,1,4.04
C005947,2024-01-10,referral,south,0,21.77
C005948,2024-10-27,organic,north,0,3.04
C005949,2023-09-15,paid_search,north,1,46.6
C005950,2024-01-20,organic,north,1,8.01
C005951,2024-03-07,paid_social,east,1,46.13
C005952,2023-03-31,paid_social,east,1,39.57
C005953,2023-01-04,paid_social,east,1,24.81
C005954,2023-07-18,affiliate,west,1,36.6
C005955,2023-10-07,paid_social,east,1,37.84
C005956,2024-03-11,referral,north,1,19.12
C005957,2024-01-16,affiliate,east,0,34.24
C005958,2023-03-02,affiliate,south,1,28.91
C005959,2023-02-15,paid_search,west,1,47.75
C005960,2024-03-26,paid_search,east,1,31.59
C005961,2024-05-15,referral,west,0,11.77
C005962,2023-06-05,organic,south,0,7.28
C005963,2024-05-23,affiliate,north,0,29.25
C005964,2023-05-11,affiliate,south,1,29.17
C005965,2024-08-17,referral,west,0,14.53
C005966,2024-04-17,affiliate,west,1,35.16
C005967,2024-07-23,paid_search,west,1,39.3
C005968,2024-08-17,paid_social,east,1,38.64
C005969,2023-01-27,affiliate,east,1,26.85
C005970,2023-01-03,paid_search,west,1,37.27
C005971,2024-08-02,organic,north,0,11.43
C005972,2023-02-09,referral,north,1,21.24
C005973,2025-02-10,paid_search,east,0,42.33
C005974,2024-05-10,referral,east,0,24.55
C005975,2025-02-12,paid_search,west,1,45.08
C005976,2023-07-31,paid_search,west,1,45.03
C005977,2024-05-01,affiliate,south,0,40.52
C005978,2024-05-21,paid_search,west,0,50.45
C005979,2023-08-31,paid_search,south,1,32.57
C005980,2023-04-14,organic,west,1,9.71
C005981,2024-01-11,affiliate,east,0,9.83
C005982,2024-05-30,organic,north,0,5.31
C005983,2023-07-21,organic,west,1,12.78
C005984,2023-05-11,organic,south,0,9.98
C005985,2024-11-29,paid_search,north,0,50.05
C005986,2023-10-14,paid_search,west,1,36.33
C005987,2024-01-11,affiliate,east,1,18.17
C005988,2023-01-10,organic,north,1,7.18
C005989,2024-01-10,paid_social,south,0,37.86
C005990,2024-08-31,paid_social,north,1,34.1
C005991,2023-04-18,referral,south,1,5.92
C005992,2025-01-21,organic,north,1,6.3
C005993,2024-12-02,organic,north,1,6.34
C005994,2023-09-26,paid_search,east,1,40.06
C005995,2024-07-16,organic,west,0,13.06
C005996,2023-07-07,paid_social,east,0,45.25
C005997,2024-06-16,paid_social,west,1,34.81
C005998,2024-01-19,referral,west,1,26.25
C005999,2024-07-29,paid_search,south,1,38.16
C006000,2024-08-19,organic,west,1,2.11
C006001,2023-06-21,organic,east,1,11.16
C006002,2023-05-28,organic,east,1,5.61
C006003,2025-01-07,organic,east,1,2.0
C006004,2023-04-27,paid_social,south,1,33.09
C006005,2024-08-05,organic,west,1,6.1
C006006,2023-02-09,referral,east,1,22.4
C006007,2024-08-08,paid_search,south,1,45.74
C006008,2023-02-12,organic,north,1,13.78
C006009,2024-03-31,affiliate,south,1,20.12
C006010,2023-06-14,paid_social,north,1,42.39
C006011,2023-09-29,organic,south,0,6.27
C006012,2024-06-01,affiliate,south,1,27.84
C006013,2024-05-08,organic,east,1,2.0
C006014,2024-12-12,organic,east,1,2.0
C006015,2023-11-04,paid_social,east,1,37.73
C006016,2023-02-15,paid_social,west,1,35.08
C006017,2024-02-28,referral,south,1,14.32
C006018,2023-10-01,paid_social,north,0,38.07
C006019,2023-11-07,organic,east,1,5.84
C006020,2023-07-14,paid_search,west,1,40.87
C006021,2024-04-06,organic,east,0,11.99
C006022,2024-04-02,organic,south,1,5.89
C006023,2024-07-19,referral,south,1,14.94
C006024,2023-04-20,paid_social,east,1,38.71
C006025,2023-07-29,paid_social,east,1,40.76
C006026,2024-08-17,paid_search,north,1,47.23
C006027,2024-09-25,referral,east,1,15.13
C006028,2024-05-27,organic,south,1,2.0
C006029,2023-10-13,paid_search,west,1,44.94
C006030,2024-02-09,organic,south,1,2.57
C006031,2024-07-27,paid_search,north,0,46.05
C006032,2023-08-26,affiliate,south,0,19.42
C006033,2024-10-26,paid_social,east,1,35.48
C006034,2024-11-05,paid_search,east,1,46.26
C006035,2024-07-27,organic,west,1,2.0
C006036,2023-08-29,affiliate,south,0,21.83
C006037,2023-05-31,referral,east,1,20.52
C006038,2024-03-03,paid_search,north,1,40.66
C006039,2024-08-25,paid_search,east,0,43.83
C006040,2023-06-04,paid_social,north,0,37.28
C006041,2024-11-04,paid_search,west,1,45.71
C006042,2024-02-21,organic,east,1,7.9
C006043,2023-04-04,paid_search,west,1,41.49
C006044,2025-01-15,referral,west,1,12.94
C006045,2023-01-04,paid_social,west,1,34.77
C006046,2023-03-31,organic,east,0,17.25
C006047,2024-09-07,referral,north,1,14.6
C006048,2023-12-21,paid_social,north,1,33.41
C006049,2024-04-13,paid_social,south,1,31.78
C006050,2024-02-08,referral,south,1,18.51
C006051,2024-11-10,affiliate,east,1,26.33
C006052,2023-08-04,organic,east,1,10.89
C006053,2023-12-14,paid_search,west,0,33.0
C006054,2023-04-27,referral,north,1,17.71
C006055,2023-02-09,paid_search,north,0,43.72
C006056,2024-05-28,paid_social,east,1,30.3
C006057,2023-01-26,organic,east,0,7.67
C006058,2023-09-01,organic,west,1,11.01
C006059,2024-07-06,organic,north,1,2.0
C006060,2023-06-10,organic,north,1,9.64
C006061,2024-06-24,paid_search,west,0,35.27
C006062,2024-01-30,paid_search,east,1,43.16
C006063,2024-12-27,referral,north,1,23.33
C006064,2024-05-24,paid_social,north,1,36.6
C006065,2024-08-01,affiliate,south,0,23.29
C006066,2024-05-08,organic,west,1,11.41
C006067,2023-09-01,paid_search,west,0,39.96
C006068,2023-06-28,referral,east,1,13.18
C006069,2024-06-21,organic,south,1,12.45
C006070,2023-08-11,affiliate,west,1,26.42
C006071,2024-07-11,paid_search,west,1,43.34
C006072,2024-10-23,organic,south,0,2.0
C006073,2023-12-10,paid_search,south,1,47.27
C006074,2023-11-09,affiliate,north,1,25.72
C006075,2024-05-03,organic,east,1,2.0
C006076,2023-12-02,paid_search,south,0,42.36
C006077,2023-08-17,organic,south,0,6.33
C006078,2023-07-27,paid_social,east,0,33.95
C006079,2024-10-01,organic,east,1,8.92
C006080,2024-12-17,paid_social,west,1,34.33
C006081,2023-11-03,organic,west,1,2.87
C006082,2024-07-25,referral,east,1,22.88
C006083,2023-06-17,paid_social,north,1,33.34
C006084,2025-02-04,organic,west,1,5.13
C006085,2023-12-03,paid_search,north,1,39.58
C006086,2024-08-19,paid_social,south,0,31.64
C006087,2024-03-14,paid_social,south,1,30.31
C006088,2024-04-04,referral,north,1,16.78
C006089,2023-09-03,paid_search,east,1,34.96
C006090,2023-04-06,organic,west,1,11.29
C006091,2024-05-04,paid_search,north,1,44.65
C006092,2024-07-08,organic,north,1,9.58
C006093,2024-09-24,paid_search,east,0,26.42
C006094,2024-01-15,paid_search,north,0,39.92
C006095,2023-05-12,paid_search,west,1,33.05
C006096,2023-11-08,paid_search,south,1,47.32
C006097,2025-02-17,paid_social,east,1,33.9
C006098,2025-01-19,organic,east,0,5.13
C006099,2024-10-05,organic,north,1,7.27
C006100,2024-06-11,affiliate,south,1,31.55
C006101,2024-02-14,affiliate,south,1,26.66
C006102,2023-04-08,paid_search,east,1,38.6
C006103,2024-06-16,paid_search,east,1,35.22
C006104,2023-03-04,organic,south,0,9.23
C006105,2023-07-06,organic,north,1,5.18
C006106,2023-04-13,referral,east,1,8.73
C006107,2024-04-21,organic,west,1,18.74
C006108,2024-12-10,affiliate,east,1,26.48
C006109,2023-12-28,organic,north,1,10.91
C006110,2024-07-12,paid_search,east,1,38.37
C006111,2024-03-05,referral,east,1,19.73
C006112,2024-03-20,organic,north,1,10.71
C006113,2024-01-14,paid_social,north,0,33.82
C006114,2024-03-09,organic,north,0,3.72
C006115,2024-05-14,paid_social,west,1,28.18
C006116,2024-12-27,organic,west,1,10.3
C006117,2024-05-19,organic,east,1,7.27
C006118,2024-07-17,paid_search,north,1,49.23
C006119,2024-11-11,organic,south,0,2.0
C006120,2023-02-09,affiliate,east,1,23.9
C006121,2023-09-17,paid_search,west,0,37.73
C006122,2023-07-13,referral,west,1,20.38
C006123,2023-04-19,referral,south,0,23.8
C006124,2023-11-29,affiliate,west,1,38.94
C006125,2024-03-18,referral,west,0,13.49
C006126,2023-07-12,paid_social,east,0,25.59
C006127,2024-07-10,referral,west,1,15.08
C006128,2023-07-25,organic,east,1,13.32
C006129,2024-12-25,affiliate,south,1,32.05
C006130,2023-04-16,paid_search,south,1,42.11
C006131,2025-02-09,organic,north,1,7.34
C006132,2023-07-14,organic,south,1,6.18
C006133,2025-02-25,paid_search,south,1,41.77
C006134,2023-05-02,organic,east,1,7.96
C006135,2023-10-01,organic,west,0,14.76
C006136,2024-02-12,paid_search,east,1,43.15
C006137,2023-05-17,affiliate,east,1,37.27
C006138,2023-09-08,organic,north,1,8.35
C006139,2024-09-08,referral,west,1,10.16
C006140,2024-10-08,referral,west,1,5.73
C006141,2024-08-07,paid_search,east,1,47.54
C006142,2023-01-18,organic,north,1,15.0
C006143,2023-10-14,paid_social,north,0,35.06
C006144,2025-01-02,paid_social,north,1,28.2
C006145,2023-01-30,organic,east,1,9.14
C006146,2023-09-07,referral,east,0,6.89
C006147,2025-01-26,organic,south,1,5.5
C006148,2023-01-17,paid_social,south,0,36.27
C006149,2023-02-03,organic,south,0,14.49
C006150,2023-01-10,paid_search,south,1,34.8
C006151,2024-10-08,paid_search,north,1,52.53
C006152,2024-05-10,paid_social,north,1,41.32
C006153,2023-10-20,organic,south,1,12.76
C006154,2024-03-10,organic,north,1,13.66
C006155,2023-04-18,referral,east,1,14.62
C006156,2023-10-18,organic,west,0,9.48
C006157,2024-10-13,referral,east,0,12.07
C006158,2023-04-28,paid_search,west,1,50.87
C006159,2024-02-07,organic,west,1,12.13
C006160,2023-02-04,paid_social,east,1,28.27
C006161,2023-11-12,paid_social,west,1,34.04
C006162,2023-07-14,paid_search,north,1,34.12
C006163,2023-07-26,paid_social,north,1,33.58
C006164,2023-10-31,referral,north,0,15.87
C006165,2024-07-25,referral,north,1,14.47
C006166,2023-12-25,referral,east,1,16.09
C006167,2024-04-04,referral,west,0,13.07
C006168,2024-11-03,paid_social,south,1,43.19
C006169,2023-12-10,referral,west,0,16.54
C006170,2023-01-06,affiliate,west,1,27.95
C006171,2024-12-05,paid_search,east,0,47.19
C006172,2024-02-01,paid_search,north,1,41.26
C006173,2023-08-19,paid_social,west,1,35.17
C006174,2024-07-29,organic,east,1,8.83
C006175,2024-04-20,referral,south,1,6.87
C006176,2023-11-10,organic,north,1,14.09
C006177,2023-10-08,affiliate,north,1,36.16
C006178,2023-10-09,paid_search,east,1,54.21
C006179,2024-09-05,referral,west,1,16.69
C006180,2023-07-15,paid_search,east,0,43.23
C006181,2023-05-30,referral,east,0,13.75
C006182,2023-03-14,paid_search,north,1,40.11
C006183,2024-01-09,paid_search,east,0,46.14
C006184,2024-03-31,paid_social,north,0,37.4
C006185,2023-09-04,organic,west,1,12.73
C006186,2023-11-04,organic,north,1,3.04
C006187,2023-05-16,organic,east,1,15.57
C006188,2024-06-09,paid_search,south,1,40.5
C006189,2023-08-17,organic,north,1,5.66
C006190,2024-02-27,paid_search,north,0,39.66
C006191,2024-01-26,paid_search,north,1,39.67
C006192,2023-09-13,organic,east,1,5.24
C006193,2025-01-28,organic,east,1,6.8
C006194,2023-08-24,organic,west,0,2.0
C006195,2024-06-06,paid_search,north,1,33.19
C006196,2023-12-21,organic,east,0,12.36
C006197,2023-12-02,paid_social,south,0,33.58
C006198,2024-02-21,referral,south,1,16.89
C006199,2024-04-26,affiliate,south,1,33.36
C006200,2023-07-30,paid_social,south,0,39.77
C006201,2023-04-05,referral,east,1,6.97
C006202,2024-12-17,paid_social,south,1,36.39
C006203,2024-03-14,paid_search,north,1,38.25
C006204,2023-06-06,paid_search,east,1,43.74
C006205,2024-05-30,organic,east,1,11.68
C006206,2024-02-23,referral,north,0,15.37
C006207,2024-12-31,paid_search,north,1,45.02
C006208,2024-04-18,organic,south,0,13.91
C006209,2023-05-07,referral,north,1,14.96
C006210,2023-04-16,organic,east,1,6.34
C006211,2023-07-17,affiliate,north,1,31.34
C006212,2023-04-02,referral,south,0,14.29
C006213,2023-08-18,paid_social,north,1,40.77
C006214,2024-09-13,paid_social,north,0,36.76
C006215,2024-03-14,paid_social,east,1,38.78
C006216,2023-12-29,paid_social,north,0,28.84
C006217,2024-11-30,organic,south,1,15.09
C006218,2024-01-05,paid_social,east,0,48.39
C006219,2024-12-19,organic,east,1,11.7
C006220,2024-09-22,paid_social,south,1,39.98
C006221,2024-02-16,paid_social,north,1,38.55
C006222,2023-02-10,referral,north,1,17.14
C006223,2025-01-11,organic,east,0,2.0
C006224,2024-01-03,organic,east,1,4.62
C006225,2025-02-10,paid_search,south,1,47.57
C006226,2024-05-18,paid_social,west,1,34.24
C006227,2025-02-14,organic,south,1,16.22
C006228,2023-06-02,organic,west,1,10.49
C006229,2023-06-27,paid_social,west,0,30.07
C006230,2023-11-13,paid_social,north,0,38.34
C006231,2024-01-19,referral,south,1,21.21
C006232,2024-07-07,paid_social,north,1,36.71
C006233,2023-02-25,paid_search,south,1,46.63
C006234,2024-03-01,organic,north,1,8.43
C006235,2023-09-09,paid_search,west,0,36.26
C006236,2023-08-08,paid_social,west,1,36.06
C006237,2023-02-09,referral,south,1,17.84
C006238,2024-03-04,referral,north,1,16.23
C006239,2024-11-30,affiliate,east,0,34.71
C006240,2023-08-09,organic,west,1,2.0
C006241,2024-05-31,organic,east,1,7.69
C006242,2023-05-17,paid_search,west,1,38.0
C006243,2023-07-15,paid_social,north,1,37.64
C006244,2024-04-02,organic,east,1,10.19
C006245,2023-09-28,affiliate,east,1,34.26
C006246,2024-07-03,organic,south,0,13.54
C006247,2023-04-18,paid_search,west,1,54.04
C006248,2024-08-28,organic,north,0,16.55
C006249,2025-01-06,organic,east,1,16.19
C006250,2023-08-30,referral,east,1,12.24
C006251,2023-01-21,paid_search,west,1,50.48
C006252,2024-11-26,paid_search,west,0,36.32
C006253,2024-03-19,organic,west,1,11.13
C006254,2023-02-20,organic,south,1,4.12
C006255,2024-08-25,paid_social,north,0,30.22
C006256,2023-08-28,paid_social,west,1,44.61
C006257,2023-05-21,referral,south,0,14.28
C006258,2023-10-07,paid_social,west,1,24.5
C006259,2023-06-20,referral,north,1,7.36
C006260,2024-06-06,paid_search,west,1,50.33
C006261,2024-11-15,organic,east,1,3.95
C006262,2024-02-09,organic,west,1,12.63
C006263,2023-06-03,paid_search,north,1,35.28
C006264,2023-05-30,referral,south,1,6.6
C006265,2023-06-28,paid_search,west,1,45.21
C006266,2023-09-13,paid_search,south,1,35.32
C006267,2024-05-26,organic,west,1,9.68
C006268,2023-02-07,referral,west,0,21.04
C006269,2023-11-18,referral,west,1,13.21
C006270,2024-09-18,affiliate,east,0,29.96
C006271,2023-09-23,organic,north,1,6.42
C006272,2023-08-30,organic,north,1,10.38
C006273,2023-08-30,paid_social,east,1,41.47
C006274,2024-04-12,referral,east,1,5.91
C006275,2023-09-26,paid_social,north,1,43.38
C006276,2023-04-13,paid_social,east,1,33.29
C006277,2024-10-24,paid_search,south,1,40.19
C006278,2025-01-09,paid_search,east,1,39.29
C006279,2023-09-07,paid_social,west,0,38.13
C006280,2024-10-21,referral,east,0,19.26
C006281,2023-10-04,referral,west,1,11.58
C006282,2023-04-11,paid_search,north,1,46.31
C006283,2024-07-18,organic,west,1,10.78
C006284,2023-05-25,referral,east,1,13.81
C006285,2025-02-18,paid_search,south,1,39.63
C006286,2024-10-26,paid_search,east,1,49.03
C006287,2025-01-24,paid_search,west,1,43.96
C006288,2024-05-09,referral,west,1,14.74
C006289,2023-07-10,paid_social,west,1,30.53
C006290,2023-12-02,organic,east,0,15.14
C006291,2023-03-19,paid_social,west,1,27.04
C006292,2023-01-05,organic,east,1,6.4
C006293,2024-04-15,organic,south,1,8.24
C006294,2023-04-18,organic,south,0,8.31
C006295,2024-05-06,referral,west,1,16.29
C006296,2023-05-28,organic,north,1,8.52
C006297,2024-05-26,paid_social,east,1,33.22
C006298,2023-02-10,organic,north,1,10.45
C006299,2023-10-09,organic,south,1,2.0
C006300,2024-03-29,organic,north,0,10.17
C006301,2023-10-24,affiliate,east,0,28.32
C006302,2023-11-07,organic,west,1,2.0
C006303,2023-11-28,paid_search,west,1,41.66
C006304,2024-06-27,affiliate,south,1,26.86
C006305,2023-11-05,referral,west,1,9.88
C006306,2024-12-29,affiliate,east,1,25.45
C006307,2023-11-21,organic,west,1,14.13
C006308,2024-01-05,paid_search,north,1,47.22
C006309,2023-04-07,paid_search,south,1,42.75
C006310,2023-03-16,paid_social,north,1,44.46
C006311,2024-12-17,paid_search,west,1,49.25
C006312,2025-01-05,organic,east,1,13.49
C006313,2024-04-02,organic,west,1,7.25
C006314,2023-03-06,affiliate,north,1,31.18
C006315,2024-01-22,referral,east,0,16.03
C006316,2024-06-16,organic,south,0,7.15
C006317,2024-12-27,paid_search,east,1,43.26
C006318,2024-08-31,paid_search,north,1,35.5
C006319,2023-11-02,paid_social,south,0,35.03
C006320,2023-04-19,organic,north,0,12.15
C006321,2025-02-10,paid_social,west,1,36.79
C006322,2024-03-31,paid_social,east,0,34.08
C006323,2023-09-07,paid_search,north,1,42.64
C006324,2024-06-08,paid_social,north,1,37.99
C006325,2024-05-02,paid_social,north,1,36.77
C006326,2023-04-03,organic,west,0,4.33
C006327,2025-01-04,organic,south,1,10.02
C006328,2024-10-07,paid_social,south,1,37.68
C006329,2023-01-12,organic,south,1,8.06
C006330,2023-11-01,affiliate,south,1,34.32
C006331,2024-11-30,affiliate,north,1,34.2
C006332,2024-05-09,paid_search,west,1,43.23
C006333,2023-08-19,affiliate,south,1,28.08
C006334,2025-01-09,affiliate,west,1,28.71
C006335,2023-04-12,organic,east,1,6.1
C006336,2024-12-04,affiliate,east,1,28.46
C006337,2024-09-13,affiliate,south,1,20.37
C006338,2024-06-14,affiliate,east,0,23.98
C006339,2024-05-12,paid_search,west,1,36.57
C006340,2024-07-17,paid_social,north,1,31.85
C006341,2024-11-10,referral,west,1,4.95
C006342,2023-07-21,paid_social,south,1,29.81
C006343,2024-12-21,paid_search,north,0,34.79
C006344,2024-05-12,paid_social,south,0,39.27
C006345,2024-11-30,affiliate,north,0,35.48
C006346,2023-12-05,organic,east,1,8.66
C006347,2023-06-26,referral,west,0,19.86
C006348,2023-08-27,affiliate,east,1,15.24
C006349,2024-09-09,organic,east,1,7.08
C006350,2024-11-11,affiliate,south,0,27.64
C006351,2024-05-13,affiliate,west,1,34.87
C006352,2024-02-20,referral,west,1,18.59
C006353,2024-03-24,paid_search,west,1,44.61
C006354,2023-11-24,organic,east,0,8.82
C006355,2023-11-05,paid_social,east,1,38.27
C006356,2023-11-25,affiliate,west,1,34.09
C006357,2023-04-22,organic,west,0,15.49
C006358,2023-07-10,referral,south,1,14.66
C006359,2024-08-30,affiliate,west,1,29.17
C006360,2023-01-29,referral,east,1,19.78
C006361,2024-04-17,referral,north,1,21.46
C006362,2023-05-05,paid_search,south,1,48.35
C006363,2024-05-15,paid_social,west,1,40.99
C006364,2024-03-10,organic,east,0,6.87
C006365,2023-03-25,paid_search,west,1,47.58
C006366,2024-11-23,organic,east,0,5.09
C006367,2024-02-09,paid_social,south,0,37.55
C006368,2024-01-28,organic,west,0,5.84
C006369,2023-06-25,paid_search,west,0,34.17
C006370,2023-12-22,organic,east,0,2.0
C006371,2023-12-29,organic,north,1,4.63
C006372,2023-02-13,referral,south,1,18.38
C006373,2024-01-20,referral,east,0,15.0
C006374,2024-03-13,organic,east,1,3.51
C006375,2024-07-09,affiliate,south,1,31.86
C006376,2025-01-19,organic,west,1,2.48
C006377,2024-04-23,affiliate,west,1,29.8
C006378,2024-12-06,paid_social,east,1,33.8
C006379,2023-12-10,affiliate,west,1,26.2
C006380,2024-12-20,organic,north,1,10.64
C006381,2023-06-23,referral,west,0,17.67
C006382,2024-08-21,organic,south,1,2.0
C006383,2024-04-20,referral,south,1,15.38
C006384,2023-06-21,paid_social,north,1,29.87
C006385,2023-07-31,organic,south,1,7.81
C006386,2024-11-24,paid_search,west,1,43.49
C006387,2025-02-18,paid_search,south,0,42.28
C006388,2024-06-07,paid_search,east,1,39.94
C006389,2023-02-03,paid_search,west,0,40.57
C006390,2024-10-03,paid_search,north,0,38.56
C006391,2024-05-06,paid_social,east,1,38.34
C006392,2024-06-04,paid_social,west,0,39.9
C006393,2025-01-03,referral,east,0,23.11
C006394,2023-03-04,paid_social,south,0,41.79
C006395,2023-04-29,referral,south,1,12.71
C006396,2024-05-12,referral,east,1,15.9
C006397,2024-05-14,organic,south,1,11.37
C006398,2023-05-20,referral,south,1,8.56
C006399,2023-02-16,paid_search,north,1,41.45
C006400,2023-02-21,organic,east,1,2.0
C006401,2023-06-18,organic,north,1,13.62
C006402,2023-09-13,paid_search,north,1,41.71
C006403,2023-11-01,organic,east,0,5.97
C006404,2024-08-04,paid_social,east,0,29.53
C006405,2024-12-01,paid_social,south,1,33.79
C006406,2023-02-16,referral,east,1,18.56
C006407,2025-02-01,paid_search,south,0,57.83
C006408,2023-08-07,organic,east,1,4.03
C006409,2024-09-19,organic,north,1,2.0
C006410,2023-12-23,paid_social,west,0,26.02
C006411,2024-08-21,affiliate,south,1,24.82
C006412,2024-11-03,paid_social,west,1,33.77
C006413,2023-08-31,paid_social,north,1,31.6
C006414,2025-01-31,referral,west,0,22.21
C006415,2024-09-23,paid_search,south,1,42.04
C006416,2023-10-20,paid_social,west,0,35.44
C006417,2024-07-06,paid_search,west,1,42.56
C006418,2023-03-21,affiliate,east,1,20.18
C006419,2023-04-16,paid_search,south,1,44.24
C006420,2023-03-15,paid_search,south,1,47.81
C006421,2024-06-25,organic,north,0,6.48
C006422,2024-12-17,organic,west,1,11.0
C006423,2023-01-18,affiliate,east,1,27.56
C006424,2023-12-17,paid_social,east,1,39.92
C006425,2024-11-07,paid_search,east,0,39.77
C006426,2024-01-03,paid_search,east,1,43.45
C006427,2024-12-20,affiliate,south,0,27.7
C006428,2023-07-20,organic,east,1,2.03
C006429,2024-09-04,paid_social,east,0,33.34
C006430,2024-11-18,paid_social,south,0,35.5
C006431,2023-04-15,referral,west,0,16.77
C006432,2024-06-22,paid_social,east,0,41.49
C006433,2024-08-30,paid_social,south,1,30.74
C006434,2023-01-01,paid_search,west,1,35.52
C006435,2023-06-17,affiliate,east,1,28.31
C006436,2023-10-25,paid_social,west,0,38.93
C006437,2023-03-29,organic,west,1,10.7
C006438,2024-12-01,paid_search,south,0,34.93
C006439,2024-02-27,organic,south,1,15.36
C006440,2023-06-25,paid_social,east,1,32.98
C006441,2024-05-26,referral,west,0,10.97
C006442,2024-07-23,organic,south,0,2.0
C006443,2024-07-26,paid_search,west,1,34.25
C006444,2023-12-24,referral,east,1,19.15
C006445,2024-04-15,paid_search,west,0,45.61
C006446,2024-07-13,affiliate,west,1,39.91
C006447,2024-03-07,paid_social,east,1,35.35
C006448,2023-12-18,organic,north,0,4.79
C006449,2024-10-01,affiliate,north,1,26.4
C006450,2024-04-21,paid_search,west,0,46.5
C006451,2023-02-18,organic,south,0,9.44
C006452,2024-07-03,organic,south,0,11.18
C006453,2024-08-23,paid_social,north,1,36.64
C006454,2024-01-03,referral,west,0,13.76
C006455,2023-05-09,paid_search,south,1,33.63
C006456,2023-07-26,paid_social,north,0,27.84
C006457,2024-09-14,affiliate,east,0,29.43
C006458,2024-04-04,paid_search,west,1,38.05
C006459,2024-01-15,paid_search,west,1,47.28
C006460,2023-06-29,referral,south,1,14.17
C006461,2024-12-11,affiliate,west,1,28.13
C006462,2023-05-21,paid_search,south,1,43.89
C006463,2024-12-08,paid_search,north,1,35.5
C006464,2024-03-23,referral,south,1,14.57
C006465,2024-07-26,paid_search,north,1,45.43
C006466,2024-11-16,paid_search,south,1,42.56
C006467,2023-10-11,paid_social,north,1,38.67
C006468,2023-07-20,paid_search,south,1,37.82
C006469,2023-10-22,paid_search,east,1,47.54
C006470,2023-02-08,paid_social,west,1,24.92
C006471,2025-01-11,paid_social,west,1,35.63
C006472,2025-02-24,organic,west,1,14.85
C006473,2024-11-25,paid_search,west,0,50.3
C006474,2025-01-08,paid_search,east,1,39.84
C006475,2023-04-05,organic,north,1,9.12
C006476,2024-03-06,paid_search,north,0,41.97
C006477,2024-10-25,affiliate,west,1,28.08
C006478,2024-06-14,paid_social,east,1,39.32
C006479,2023-11-30,organic,east,0,9.07
C006480,2023-08-01,paid_social,north,1,41.73
C006481,2023-10-24,organic,south,1,2.0
C006482,2024-10-10,organic,south,1,11.64
C006483,2023-12-18,organic,east,1,14.3
C006484,2023-05-01,referral,south,1,22.15
C006485,2023-05-29,paid_social,west,0,35.26
C006486,2024-10-28,referral,west,1,19.14
C006487,2024-10-03,paid_search,east,1,48.87
C006488,2023-05-11,referral,east,1,13.38
C006489,2023-09-15,organic,south,1,7.14
C006490,2024-11-09,paid_search,north,1,37.06
C006491,2024-04-27,paid_social,south,1,30.87
C006492,2024-07-31,paid_search,north,1,48.79
C006493,2024-03-17,referral,south,1,21.28
C006494,2024-04-20,paid_social,west,1,32.41
C006495,2024-11-28,paid_search,east,1,39.47
C006496,2024-01-24,paid_social,east,0,34.77
C006497,2024-10-29,paid_social,south,1,30.87
C006498,2024-04-06,paid_search,north,0,41.84
C006499,2023-06-10,referral,north,1,14.12
C006500,2024-11-01,organic,west,0,13.87
C006501,2024-10-24,affiliate,north,1,27.91
C006502,2024-08-18,organic,east,0,15.28
C006503,2024-01-14,paid_search,south,0,40.61
C006504,2024-11-18,organic,north,1,8.68
C006505,2024-07-13,paid_search,west,1,37.9
C006506,2024-09-25,paid_search,south,1,34.7
C006507,2023-02-22,referral,north,0,10.05
C006508,2025-02-14,organic,west,1,2.0
C006509,2024-01-17,organic,east,1,13.94
C006510,2023-01-30,paid_search,north,0,42.35
C006511,2023-06-27,referral,west,1,12.21
C006512,2024-10-02,organic,north,1,11.64
C006513,2024-07-06,paid_search,west,1,40.2
C006514,2023-06-28,referral,north,1,16.03
C006515,2023-11-16,referral,south,0,5.9
C006516,2023-05-05,referral,west,1,16.52
C006517,2024-06-03,paid_search,south,0,44.76
C006518,2023-11-08,organic,south,0,2.0
C006519,2023-03-13,paid_social,north,1,30.52
C006520,2024-12-23,organic,north,1,10.8
C006521,2024-10-14,organic,west,0,6.86
C006522,2023-03-21,organic,east,1,12.08
C006523,2023-01-20,organic,north,0,4.67
C006524,2024-09-02,paid_search,west,1,37.58
C006525,2024-11-28,paid_social,south,0,27.92
C006526,2024-11-28,referral,east,1,4.29
C006527,2025-01-06,paid_social,west,0,38.67
C006528,2023-03-02,paid_search,south,0,46.1
C006529,2023-05-03,referral,west,1,8.86
C006530,2024-05-02,organic,east,0,16.25
C006531,2024-03-26,paid_social,south,1,32.37
C006532,2024-12-17,referral,west,1,10.33
C006533,2024-02-15,paid_search,west,1,40.0
C006534,2023-04-25,referral,west,1,16.13
C006535,2024-01-14,paid_search,east,1,37.18
C006536,2023-12-24,paid_social,north,1,28.58
C006537,2024-11-09,paid_social,west,1,42.16
C006538,2023-12-13,organic,east,0,10.7
C006539,2023-10-19,referral,east,1,8.68
C006540,2024-05-06,paid_search,north,1,43.97
C006541,2024-12-23,affiliate,west,0,23.02
C006542,2024-06-29,referral,west,1,14.22
C006543,2023-02-25,paid_search,south,1,39.53
C006544,2023-12-02,organic,east,1,2.5
C006545,2023-05-31,paid_search,west,1,38.35
C006546,2025-01-31,affiliate,south,1,27.73
C006547,2023-11-10,paid_search,south,1,44.1
C006548,2023-01-19,organic,north,1,5.51
C006549,2023-08-12,paid_social,east,1,41.49
C006550,2023-01-17,organic,east,0,8.52
C006551,2024-08-21,paid_search,north,0,41.86
C006552,2024-11-01,organic,south,1,2.0
C006553,2023-03-18,affiliate,west,1,25.07
C006554,2023-12-25,affiliate,west,1,27.2
C006555,2024-06-21,referral,west,1,10.56
C006556,2023-11-12,referral,west,1,11.02
C006557,2023-03-11,paid_social,south,1,42.21
C006558,2023-02-20,affiliate,north,0,24.37
C006559,2024-02-04,organic,west,0,12.35
C006560,2024-08-04,paid_search,west,1,43.09
C006561,2024-10-22,paid_search,west,1,39.84
C006562,2023-12-04,paid_search,west,0,37.58
C006563,2023-03-21,paid_social,west,1,41.08
C006564,2023-10-11,paid_social,south,1,39.17
C006565,2024-08-15,referral,south,1,8.46
C006566,2023-09-08,paid_social,south,1,34.21
C006567,2024-09-05,organic,east,1,11.51
C006568,2023-11-22,organic,south,1,17.14
C006569,2023-07-17,referral,east,1,19.04
C006570,2023-11-01,referral,west,0,10.96
C006571,2023-01-22,paid_social,south,1,39.97
C006572,2023-12-13,paid_search,west,1,45.53
C006573,2024-08-24,paid_social,north,1,41.13
C006574,2024-09-03,paid_social,south,1,43.15
C006575,2023-05-16,referral,south,1,15.55
C006576,2024-02-28,referral,west,1,10.68
C006577,2023-09-25,organic,east,1,2.0
C006578,2024-12-06,affiliate,east,0,32.05
C006579,2024-09-13,affiliate,north,1,28.91
C006580,2024-05-08,referral,south,1,11.95
C006581,2024-06-22,organic,south,1,4.4
C006582,2024-01-11,paid_search,east,1,36.3
C006583,2024-09-16,referral,south,0,20.38
C006584,2023-04-10,organic,east,1,5.88
C006585,2023-09-08,organic,west,0,10.49
C006586,2024-09-08,organic,east,1,8.24
C006587,2023-04-22,paid_search,west,1,44.16
C006588,2023-01-16,affiliate,north,0,28.64
C006589,2025-01-28,referral,south,1,14.09
C006590,2023-10-07,affiliate,north,0,32.9
C006591,2023-12-08,organic,east,0,2.85
C006592,2024-04-17,organic,north,1,15.79
C006593,2023-11-19,organic,south,0,9.43
C006594,2023-07-27,organic,south,1,14.19
C006595,2023-01-30,organic,north,1,17.49
C006596,2025-02-02,organic,west,1,2.0
C006597,2025-01-12,paid_search,south,1,49.6
C006598,2024-06-01,paid_search,east,1,41.91
C006599,2024-12-15,organic,east,0,5.45
C006600,2024-09-14,paid_social,south,0,34.2
C006601,2024-05-23,organic,south,1,9.49
C006602,2023-08-10,referral,west,1,9.95
C006603,2024-02-20,paid_search,east,0,34.88
C006604,2023-02-24,paid_social,west,1,38.16
C006605,2024-07-23,paid_social,south,0,32.47
C006606,2023-06-23,referral,west,1,10.55
C006607,2025-01-03,affiliate,south,1,27.87
C006608,2023-08-12,paid_search,south,1,44.65
C006609,2024-06-08,paid_social,west,1,44.89
C006610,2024-09-06,referral,north,1,18.56
C006611,2024-11-19,organic,north,1,8.93
C006612,2023-04-08,organic,south,0,8.59
C006613,2023-07-13,referral,south,1,11.82
C006614,2023-07-03,referral,west,1,13.21
C006615,2023-12-16,organic,south,1,4.28
C006616,2023-06-05,referral,east,1,12.87
C006617,2023-11-02,organic,south,1,2.19
C006618,2023-05-09,paid_search,north,0,40.65
C006619,2024-02-15,referral,east,0,16.11
C006620,2024-05-13,affiliate,north,1,27.6
C006621,2024-05-24,organic,west,1,2.0
C006622,2024-02-12,organic,south,0,6.17
C006623,2024-10-22,paid_search,west,1,41.91
C006624,2023-08-16,paid_social,west,1,47.7
C006625,2024-08-14,referral,west,1,12.46
C006626,2023-08-10,referral,north,0,4.43
C006627,2024-07-27,organic,south,1,5.41
C006628,2024-11-14,paid_social,north,0,35.53
C006629,2024-08-23,paid_search,west,1,38.23
C006630,2023-03-05,paid_search,north,0,37.39
C006631,2024-06-24,organic,east,1,5.64
C006632,2024-04-19,paid_search,east,1,43.92
C006633,2023-02-03,paid_search,west,0,43.9
C006634,2024-10-15,organic,north,0,2.0
C006635,2024-12-20,paid_search,south,1,43.14
C006636,2023-11-14,referral,west,1,20.17
C006637,2025-01-17,organic,west,0,7.77
C006638,2023-05-16,referral,south,0,13.48
C006639,2023-06-26,organic,east,0,5.94
C006640,2024-11-06,organic,north,1,11.82
C006641,2024-12-27,organic,east,0,14.57
C006642,2023-11-10,organic,north,0,4.76
C006643,2023-10-07,paid_search,west,1,45.16
C006644,2023-11-16,paid_social,east,0,41.88
C006645,2023-11-19,organic,north,1,12.17
C006646,2025-01-06,paid_search,north,1,36.1
C006647,2023-02-11,paid_search,north,1,42.94
C006648,2023-03-01,organic,east,1,5.35
C006649,2024-08-22,referral,north,0,20.38
C006650,2024-10-05,paid_social,west,1,29.26
C006651,2024-08-14,organic,west,1,9.54
C006652,2024-03-31,organic,east,1,14.35
C006653,2024-10-29,paid_social,north,1,33.48
C006654,2023-10-23,affiliate,north,1,29.96
C006655,2024-05-22,organic,east,1,4.97
C006656,2023-02-05,organic,north,1,14.41
C006657,2024-10-05,paid_search,north,1,35.79
C006658,2023-02-09,paid_search,south,1,37.07
C006659,2023-04-28,paid_search,west,1,42.83
C006660,2023-09-23,affiliate,east,1,25.08
C006661,2024-02-13,paid_search,north,1,39.18
C006662,2025-02-13,paid_search,south,1,32.93
C006663,2023-03-09,paid_social,east,1,29.33
C006664,2024-04-22,affiliate,south,1,24.09
C006665,2024-08-20,affiliate,east,0,26.45
C006666,2024-06-07,referral,east,1,11.2
C006667,2025-02-02,paid_search,north,0,36.31
C006668,2024-04-04,organic,west,0,2.0
C006669,2023-06-20,organic,south,0,14.13
C006670,2023-01-23,organic,north,1,2.97
C006671,2023-07-02,affiliate,north,0,21.32
C006672,2025-02-15,organic,west,0,6.77
C006673,2023-10-21,paid_social,south,0,36.38
C006674,2024-10-19,paid_social,south,1,27.18
C006675,2024-09-28,organic,north,1,8.71
C006676,2023-01-16,paid_social,south,0,30.7
C006677,2024-10-16,organic,west,1,8.38
C006678,2025-01-30,organic,east,1,2.77
C006679,2023-08-30,organic,south,1,11.68
C006680,2024-05-12,paid_social,north,1,34.62
C006681,2023-12-18,referral,south,0,18.11
C006682,2024-04-30,affiliate,north,0,31.64
C006683,2023-07-27,paid_search,north,1,48.19
C006684,2023-07-26,paid_search,south,1,43.91
C006685,2024-11-29,paid_search,west,1,54.75
C006686,2023-09-17,organic,north,1,6.18
C006687,2025-02-14,organic,east,1,2.07
C006688,2024-02-15,affiliate,south,1,25.1
C006689,2024-10-05,organic,east,1,2.9
C006690,2023-06-27,paid_search,west,1,32.23
C006691,2024-09-29,affiliate,south,0,32.28
C006692,2024-05-04,paid_search,south,1,37.3
C006693,2023-04-23,affiliate,north,1,23.82
C006694,2023-03-05,referral,west,0,23.19
C006695,2024-12-17,organic,west,1,16.81
C006696,2023-04-24,affiliate,west,1,27.61
C006697,2024-06-15,paid_social,west,1,35.88
C006698,2023-12-07,paid_search,east,1,45.5
C006699,2025-02-04,referral,north,1,7.66
C006700,2023-04-15,paid_social,north,1,38.22
C006701,2023-08-22,organic,east,0,13.33
C006702,2024-08-26,organic,west,1,14.46
C006703,2024-07-28,referral,west,1,15.74
C006704,2023-08-27,affiliate,south,1,29.13
C006705,2024-01-04,paid_search,north,1,50.93
C006706,2023-10-24,paid_search,west,1,43.42
C006707,2023-11-09,paid_social,south,1,35.89
C006708,2023-06-12,paid_social,west,0,33.57
C006709,2024-10-25,affiliate,west,1,30.36
C006710,2024-10-02,organic,south,0,9.47
C006711,2023-11-02,paid_social,south,1,28.22
C006712,2024-03-06,paid_search,south,1,34.22
C006713,2024-03-16,paid_search,south,1,37.09
C006714,2024-11-12,referral,west,1,22.11
C006715,2023-12-11,referral,west,1,23.45
C006716,2023-02-08,paid_social,south,1,37.77
C006717,2023-08-22,affiliate,north,1,28.22
C006718,2024-12-30,referral,east,0,17.23
C006719,2024-06-02,paid_search,east,0,36.36
C006720,2023-12-31,paid_search,east,1,45.96
C006721,2024-04-17,paid_social,north,1,33.19
C006722,2024-08-16,referral,west,1,15.36
C006723,2025-02-12,organic,west,1,3.32
C006724,2023-05-14,paid_social,west,1,41.05
C006725,2024-01-26,organic,west,1,2.38
C006726,2024-11-10,referral,east,1,18.72
C006727,2024-07-11,paid_search,east,0,44.12
C006728,2025-01-05,organic,west,1,3.32
C006729,2024-06-20,organic,north,0,9.9
C006730,2024-08-30,paid_search,west,1,42.1
C006731,2024-07-27,referral,north,1,20.06
C006732,2023-01-23,organic,east,0,6.5
C006733,2024-05-22,referral,north,1,12.11
C006734,2023-08-26,referral,west,1,13.86
C006735,2023-11-01,paid_search,south,1,37.07
C006736,2024-07-16,affiliate,east,0,22.44
C006737,2024-12-30,paid_search,east,1,46.23
C006738,2024-01-02,referral,south,1,11.51
C006739,2024-09-24,paid_search,west,1,41.01
C006740,2023-02-20,referral,north,1,9.4
C006741,2023-10-09,paid_search,north,1,39.8
C006742,2023-09-29,paid_search,north,1,49.1
C006743,2023-01-23,paid_search,south,1,47.12
C006744,2024-09-13,referral,west,1,15.82
C006745,2023-08-14,paid_search,east,1,33.42
C006746,2024-01-20,paid_search,east,0,33.04
C006747,2024-09-27,paid_social,east,1,39.24
C006748,2024-05-18,organic,north,1,11.26
C006749,2024-10-03,paid_search,south,0,39.85
C006750,2024-10-20,affiliate,east,1,27.08
C006751,2023-01-17,paid_social,west,1,37.4
C006752,2025-01-31,organic,east,1,11.24
C006753,2024-10-05,organic,north,1,2.57
C006754,2024-11-10,organic,south,1,16.56
C006755,2024-11-14,organic,north,0,3.61
C006756,2024-04-17,referral,north,1,17.2
C006757,2025-02-09,affiliate,east,1,22.98
C006758,2024-04-01,paid_search,north,1,42.42
C006759,2024-09-26,organic,north,0,12.29
C006760,2024-06-21,organic,east,1,15.28
C006761,2024-10-17,paid_search,north,1,38.37
C006762,2023-12-03,affiliate,west,1,29.29
C006763,2024-08-27,affiliate,west,1,23.56
C006764,2023-06-23,paid_social,west,0,34.49
C006765,2024-04-27,paid_search,west,0,46.03
C006766,2023-02-06,affiliate,south,0,22.69
C006767,2024-03-05,referral,west,0,10.48
C006768,2023-10-12,organic,north,1,14.6
C006769,2024-05-16,referral,south,1,19.17
C006770,2023-11-02,paid_social,west,1,36.29
C006771,2024-08-27,paid_search,west,1,48.09
C006772,2024-02-01,organic,west,0,6.51
C006773,2024-11-09,referral,south,1,13.76
C006774,2024-08-22,organic,north,1,4.68
C006775,2023-01-17,organic,north,1,2.0
C006776,2023-07-09,organic,east,0,9.91
C006777,2024-10-13,organic,west,0,2.0
C006778,2024-07-01,referral,south,1,9.41
C006779,2023-07-22,referral,east,1,4.83
C006780,2024-04-20,referral,north,0,12.62
C006781,2024-08-09,paid_social,east,0,33.93
C006782,2024-06-13,referral,east,0,16.49
C006783,2023-03-05,paid_social,south,1,37.46
C006784,2023-10-25,paid_search,east,1,48.3
C006785,2023-10-04,affiliate,west,1,23.52
C006786,2023-04-14,paid_search,east,1,43.7
C006787,2024-01-18,paid_social,north,1,47.79
C006788,2024-06-14,affiliate,west,1,35.03
C006789,2023-07-27,paid_social,west,1,36.02
C006790,2024-07-13,paid_social,east,1,41.17
C006791,2024-04-07,paid_search,south,0,31.75
C006792,2024-04-16,paid_search,east,0,32.58
C006793,2024-10-12,affiliate,west,0,35.9
C006794,2024-03-15,referral,west,1,9.31
C006795,2023-06-05,paid_social,east,1,36.88
C006796,2025-02-04,organic,east,1,2.0
C006797,2023-01-20,organic,north,0,6.54
C006798,2025-01-12,paid_search,west,1,39.95
C006799,2024-09-06,paid_search,north,1,39.01
C006800,2024-11-02,paid_search,west,1,51.8
C006801,2023-12-26,paid_search,east,0,49.77
C006802,2024-08-29,organic,north,1,4.99
C006803,2023-12-20,referral,east,1,11.95
C006804,2023-03-21,paid_search,west,0,41.89
C006805,2023-12-28,affiliate,south,1,35.2
C006806,2024-01-14,paid_social,west,1,39.66
C006807,2024-02-13,referral,east,1,19.2
C006808,2023-04-23,paid_search,south,1,41.41
C006809,2024-06-18,referral,south,1,20.83
C006810,2024-06-15,organic,south,1,9.28
C006811,2023-02-14,referral,south,1,19.23
C006812,2024-01-17,referral,north,1,6.5
C006813,2025-01-17,affiliate,east,0,23.45
C006814,2023-08-02,affiliate,north,0,34.56
C006815,2024-03-16,paid_search,north,0,46.68
C006816,2024-11-04,affiliate,east,1,32.29
C006817,2023-12-09,paid_search,south,1,43.33
C006818,2023-11-19,paid_social,north,1,40.17
C006819,2023-10-30,organic,north,1,2.0
C006820,2023-08-23,organic,north,1,8.58
C006821,2024-09-06,affiliate,east,1,31.62
C006822,2025-02-19,organic,north,1,7.52
C006823,2023-02-18,affiliate,north,1,33.16
C006824,2025-01-04,paid_social,north,1,40.32
C006825,2023-04-01,organic,north,1,14.66
C006826,2023-01-17,referral,north,1,22.12
C006827,2024-05-29,paid_social,south,1,46.77
C006828,2024-02-03,organic,west,1,9.13
C006829,2024-10-28,referral,south,1,15.34
C006830,2024-08-25,organic,west,1,11.06
C006831,2023-07-11,affiliate,east,1,29.81
C006832,2023-08-06,paid_search,west,0,40.45
C006833,2024-04-02,organic,south,1,8.0
C006834,2024-05-01,organic,south,1,4.86
C006835,2024-10-16,paid_social,north,1,38.75
C006836,2024-09-10,referral,west,0,11.1
C006837,2024-04-29,affiliate,north,1,26.33
C006838,2023-05-23,paid_social,west,1,29.68
C006839,2023-04-04,organic,east,0,5.57
C006840,2023-02-25,organic,south,0,9.76
C006841,2024-10-05,referral,west,1,11.2
C006842,2024-04-30,referral,west,1,12.0
C006843,2024-11-27,paid_search,north,0,45.55
C006844,2023-03-10,referral,south,0,20.7
C006845,2023-10-16,paid_search,south,0,42.41
C006846,2024-02-25,organic,north,1,2.0
C006847,2024-05-28,paid_search,south,1,49.89
C006848,2024-06-19,paid_search,south,1,40.81
C006849,2023-04-28,organic,west,1,14.72
C006850,2023-08-03,paid_social,south,1,38.75
C006851,2024-08-02,affiliate,east,1,23.17
C006852,2024-11-25,paid_social,north,1,36.91
C006853,2025-02-13,paid_social,west,1,37.58
C006854,2024-05-21,referral,north,1,18.41
C006855,2024-02-22,referral,north,1,14.73
C006856,2025-02-01,organic,east,1,3.44
C006857,2025-01-16,referral,north,0,10.85
C006858,2023-04-06,referral,south,1,8.15
C006859,2023-04-03,paid_social,east,1,36.09
C006860,2023-04-21,paid_search,south,0,46.49
C006861,2024-05-09,organic,west,0,4.5
C006862,2024-12-06,organic,east,1,5.58
C006863,2024-04-04,organic,west,1,9.44
C006864,2023-06-05,organic,east,0,13.22
C006865,2024-12-01,organic,south,0,5.52
C006866,2024-03-03,referral,east,0,14.76
C006867,2024-02-02,paid_social,north,1,32.4
C006868,2023-04-11,referral,west,1,10.97
C006869,2023-07-18,paid_social,east,0,36.74
C006870,2023-09-28,paid_social,north,0,34.61
C006871,2023-10-24,referral,west,0,19.13
C006872,2025-01-14,referral,east,0,12.31
C006873,2025-02-05,affiliate,south,1,32.2
C006874,2023-09-16,paid_search,north,1,39.13
C006875,2024-07-19,affiliate,north,0,38.1
C006876,2024-11-08,paid_search,west,1,42.12
C006877,2023-07-06,referral,west,1,8.34
C006878,2023-10-08,paid_search,north,1,35.06
C006879,2023-09-02,organic,east,1,13.35
C006880,2024-02-07,paid_search,east,0,40.27
C006881,2023-08-08,organic,south,0,9.11
C006882,2024-01-27,paid_social,west,1,26.43
C006883,2023-04-17,paid_search,south,1,44.7
C006884,2023-10-28,paid_search,south,1,41.13
C006885,2023-09-05,affiliate,north,1,28.72
C006886,2024-11-06,paid_search,north,0,35.18
C006887,2023-06-23,affiliate,south,0,24.77
C006888,2024-05-11,organic,west,0,9.24
C006889,2023-01-13,paid_search,north,1,41.57
C006890,2023-10-29,referral,west,1,24.23
C006891,2023-09-23,organic,north,1,3.58
C006892,2023-12-17,paid_search,east,1,44.32
C006893,2024-01-31,organic,west,1,10.9
C006894,2024-01-05,paid_social,south,1,38.17
C006895,2024-04-14,paid_search,west,1,38.48
C006896,2024-10-24,organic,south,0,15.1
C006897,2024-06-20,paid_search,north,1,37.81
C006898,2023-03-08,paid_social,south,1,31.15
C006899,2023-11-21,paid_search,south,1,50.57
C006900,2023-11-30,organic,north,0,6.67
C006901,2025-02-01,paid_social,west,1,26.56
C006902,2024-09-10,paid_search,north,0,52.19
C006903,2023-10-24,referral,north,1,8.2
C006904,2024-07-07,referral,south,1,11.33
C006905,2024-05-24,referral,east,0,13.64
C006906,2025-01-18,paid_search,south,1,49.63
C006907,2023-04-15,organic,south,0,3.74
C006908,2023-03-02,affiliate,west,1,30.35
C006909,2024-03-28,referral,west,0,14.8
C006910,2024-01-28,affiliate,east,0,28.42
C006911,2023-04-15,affiliate,west,1,28.56
C006912,2024-12-24,paid_search,south,1,47.99
C006913,2023-08-09,organic,north,1,7.51
C006914,2025-02-19,paid_search,east,1,35.99
C006915,2023-04-24,referral,south,1,16.6
C006916,2024-07-19,paid_social,east,1,43.45
C006917,2024-03-27,affiliate,north,1,25.42
C006918,2025-02-17,paid_social,west,1,28.64
C006919,2023-03-17,paid_search,east,1,39.6
C006920,2024-10-06,paid_search,south,1,28.92
C006921,2024-07-28,paid_social,east,1,27.59
C006922,2024-05-15,paid_search,west,1,39.72
C006923,2024-12-22,referral,east,1,16.54
C006924,2023-02-02,referral,south,0,15.51
C006925,2023-09-30,organic,east,1,12.17
C006926,2023-05-29,referral,east,1,20.46
C006927,2023-07-20,referral,north,0,16.43
C006928,2023-12-14,referral,east,1,2.0
C006929,2024-08-24,organic,west,1,9.23
C006930,2023-10-08,referral,south,1,16.93
C006931,2025-02-22,paid_search,west,1,40.4
C006932,2023-10-09,organic,north,1,10.38
C006933,2023-10-10,referral,west,1,22.28
C006934,2025-02-19,referral,north,0,14.36
C006935,2024-02-15,paid_search,west,1,43.05
C006936,2023-05-19,organic,south,1,11.28
C006937,2024-02-26,organic,east,1,6.8
C006938,2024-09-18,paid_search,south,1,47.55
C006939,2025-02-21,paid_social,west,0,38.72
C006940,2023-08-14,paid_search,south,0,40.72
C006941,2023-04-29,paid_search,east,1,46.17
C006942,2024-12-20,paid_social,east,1,42.24
C006943,2024-07-08,paid_social,west,0,33.37
C006944,2024-11-13,paid_search,east,1,48.91
C006945,2024-10-19,referral,north,1,16.4
C006946,2024-03-28,organic,west,1,11.96
C006947,2024-08-13,affiliate,east,0,25.75
C006948,2023-05-27,paid_search,east,0,41.19
C006949,2024-10-23,organic,west,1,4.33
C006950,2024-10-10,paid_social,east,1,32.07
C006951,2023-08-09,organic,north,1,8.3
C006952,2024-03-09,organic,north,1,10.72
C006953,2023-03-16,organic,south,1,7.46
C006954,2023-02-26,affiliate,north,1,29.35
C006955,2023-10-06,referral,north,1,10.54
C006956,2023-11-25,affiliate,north,1,33.62
C006957,2024-08-02,affiliate,north,1,26.57
C006958,2024-12-23,paid_search,east,1,49.62
C006959,2023-01-31,paid_search,south,1,46.97
C006960,2023-08-30,paid_search,south,1,36.66
C006961,2023-05-25,affiliate,north,0,30.83
C006962,2025-02-18,paid_search,west,0,46.62
C006963,2023-01-01,organic,south,1,4.62
C006964,2023-08-03,organic,south,0,14.32
C006965,2024-11-29,affiliate,south,1,35.79
C006966,2024-11-01,referral,north,1,8.53
C006967,2023-12-11,paid_search,north,1,48.28
C006968,2023-04-22,paid_search,west,1,48.41
C006969,2023-01-10,paid_social,north,0,35.94
C006970,2025-02-11,organic,north,1,13.62
C006971,2023-10-26,affiliate,north,0,28.86
C006972,2024-03-16,affiliate,north,1,32.09
C006973,2024-06-26,affiliate,west,0,37.1
C006974,2023-07-10,paid_search,south,1,42.24
C006975,2024-11-11,paid_search,north,1,43.0
C006976,2023-02-06,paid_social,east,1,33.15
C006977,2024-12-15,paid_social,east,1,38.58
C006978,2025-02-14,organic,north,0,16.66
C006979,2024-12-21,paid_social,west,0,31.56
C006980,2023-11-07,paid_social,east,1,34.28
C006981,2024-11-26,paid_search,north,1,40.15
C006982,2023-06-08,paid_search,west,0,35.77
C006983,2023-04-26,referral,west,0,3.67
C006984,2024-09-20,referral,north,1,12.96
C006985,2024-04-13,organic,south,1,7.4
C006986,2024-05-21,paid_social,west,1,44.77
C006987,2023-06-29,paid_social,south,1,28.81
C006988,2023-11-16,affiliate,north,1,32.62
C006989,2023-04-25,paid_social,west,1,42.09
C006990,2023-01-25,referral,south,1,17.09
C006991,2023-08-27,referral,east,0,15.29
C006992,2024-07-23,paid_social,north,1,34.31
C006993,2024-11-20,referral,south,1,20.64
C006994,2023-03-31,paid_social,north,1,26.79
C006995,2023-05-18,paid_search,west,1,36.0
C006996,2023-09-05,referral,south,0,15.75
C006997,2024-03-08,referral,north,0,21.25
C006998,2024-12-25,paid_social,north,1,34.52
C006999,2024-02-03,paid_social,east,1,34.17
C007000,2023-05-25,affiliate,south,1,28.47
C007001,2024-07-25,paid_social,north,1,32.52
C007002,2024-02-21,paid_search,east,1,40.43
C007003,2023-12-09,referral,south,1,6.43
C007004,2024-03-22,organic,north,1,6.08
C007005,2024-08-24,paid_search,east,1,50.37
C007006,2024-02-09,organic,east,1,9.32
C007007,2023-03-16,paid_search,west,1,42.14
C007008,2023-01-23,organic,west,1,9.46
C007009,2024-12-30,paid_social,south,1,37.8
C007010,2023-06-15,paid_social,east,1,39.39
C007011,2024-08-04,paid_search,east,1,48.79
C007012,2024-11-09,referral,west,1,20.86
C007013,2023-01-08,organic,east,1,4.83
C007014,2025-02-21,paid_social,west,1,35.21
C007015,2024-12-13,organic,west,0,7.1
C007016,2024-03-06,organic,north,1,2.0
C007017,2024-06-16,organic,west,1,9.84
C007018,2023-02-18,affiliate,east,1,27.95
C007019,2025-01-29,paid_search,north,1,38.49
C007020,2023-06-19,organic,south,0,10.39
C007021,2024-06-13,referral,west,0,9.14
C007022,2023-07-02,organic,south,1,2.33
C007023,2024-12-15,organic,south,1,7.06
C007024,2023-01-14,paid_search,south,0,39.06
C007025,2024-12-15,paid_search,west,0,42.05
C007026,2024-12-06,affiliate,east,1,38.41
C007027,2024-11-01,paid_search,west,1,48.02
C007028,2025-01-12,paid_social,south,1,31.59
C007029,2024-03-06,paid_social,west,0,34.44
C007030,2024-05-05,referral,north,1,22.51
C007031,2024-06-04,organic,north,0,2.0
C007032,2023-11-19,paid_search,east,0,38.41
C007033,2025-01-13,affiliate,west,1,26.68
C007034,2025-02-02,paid_social,east,1,41.66
C007035,2023-03-01,organic,north,1,12.06
C007036,2023-12-25,paid_social,west,0,40.25
C007037,2023-04-22,organic,east,1,2.0
C007038,2024-06-13,organic,west,1,2.0
C007039,2023-04-08,paid_search,south,1,44.86
C007040,2024-09-09,affiliate,north,1,27.53
C007041,2024-10-22,paid_search,west,1,47.18
C007042,2024-03-30,organic,north,1,11.97
C007043,2023-02-10,paid_search,north,1,41.62
C007044,2024-01-23,paid_social,east,1,34.97
C007045,2023-04-25,paid_search,north,1,36.49
C007046,2023-06-26,affiliate,west,1,32.66
C007047,2024-07-26,referral,north,1,16.44
C007048,2024-06-08,referral,west,1,15.0
C007049,2023-07-03,paid_search,north,0,50.45
C007050,2024-09-26,paid_search,east,1,43.23
C007051,2023-08-31,paid_social,north,0,36.91
C007052,2024-12-20,referral,west,0,19.42
C007053,2024-03-14,referral,north,0,11.31
C007054,2024-02-13,organic,north,0,5.75
C007055,2024-11-20,organic,west,0,8.69
C007056,2024-06-20,referral,south,0,27.04
C007057,2024-06-23,paid_social,east,0,31.43
C007058,2023-03-23,affiliate,west,1,31.78
C007059,2023-04-19,organic,west,1,4.97
C007060,2023-02-26,paid_search,north,0,41.45
C007061,2025-01-04,paid_social,north,1,30.74
C007062,2023-10-25,organic,east,1,3.51
C007063,2024-12-12,affiliate,south,1,31.18
C007064,2025-01-24,paid_search,north,0,44.07
C007065,2023-04-05,paid_social,east,1,43.5
C007066,2024-08-31,referral,south,0,15.09
C007067,2024-10-10,organic,south,1,10.33
C007068,2024-09-15,organic,west,1,7.08
C007069,2023-10-22,affiliate,south,1,31.55
C007070,2024-10-09,referral,south,1,14.57
C007071,2024-08-26,referral,east,1,17.29
C007072,2023-07-05,paid_social,west,0,38.04
C007073,2024-09-08,affiliate,west,1,26.21
C007074,2024-11-03,organic,south,1,8.72
C007075,2023-06-16,paid_search,south,1,41.99
C007076,2023-05-30,paid_search,north,0,39.93
C007077,2023-04-14,organic,east,0,5.8
C007078,2023-03-29,organic,south,1,14.83
C007079,2024-03-27,organic,west,1,19.05
C007080,2024-06-06,paid_search,east,1,42.71
C007081,2024-05-16,organic,south,1,11.17
C007082,2023-01-23,paid_social,south,1,41.4
C007083,2023-11-16,paid_social,south,1,31.97
C007084,2023-12-24,affiliate,west,0,25.1
C007085,2023-09-17,affiliate,east,1,30.16
C007086,2023-05-09,affiliate,north,1,32.43
C007087,2023-09-10,referral,north,1,5.78
C007088,2024-11-13,referral,south,0,6.51
C007089,2023-04-24,organic,east,1,13.69
C007090,2024-06-12,referral,east,1,12.69
C007091,2023-12-22,referral,west,0,13.62
C007092,2024-10-21,organic,west,1,8.54
C007093,2024-05-08,organic,north,1,4.01
C007094,2023-04-02,affiliate,east,1,22.78
C007095,2024-10-30,organic,east,0,2.0
C007096,2023-11-21,paid_social,north,1,45.67
C007097,2024-03-04,affiliate,south,1,26.43
C007098,2024-05-03,paid_social,east,0,36.84
C007099,2024-10-20,organic,north,1,14.94
C007100,2024-02-10,organic,west,1,2.0
C007101,2025-01-25,affiliate,east,1,29.0
C007102,2023-07-07,paid_search,south,1,42.51
C007103,2023-09-13,organic,east,0,8.52
C007104,2023-05-25,referral,west,0,16.81
C007105,2024-10-27,paid_search,west,0,41.05
C007106,2024-03-19,referral,west,1,11.24
C007107,2024-06-23,organic,east,0,2.0
C007108,2023-03-10,paid_social,north,1,33.06
C007109,2023-01-06,paid_social,north,0,32.0
C007110,2025-02-03,referral,west,1,13.4
C007111,2023-08-10,affiliate,east,1,24.39
C007112,2024-10-14,affiliate,east,0,40.09
C007113,2024-05-10,organic,west,1,5.67
C007114,2023-09-14,referral,south,1,6.73
C007115,2023-07-06,paid_search,west,1,38.55
C007116,2024-12-01,referral,south,0,17.0
C007117,2024-03-19,affiliate,north,1,37.25
C007118,2024-10-27,paid_search,east,1,46.13
C007119,2024-03-12,organic,east,0,10.56
C007120,2023-08-30,paid_search,south,1,40.15
C007121,2024-05-28,organic,west,1,9.59
C007122,2024-09-04,paid_social,east,0,37.0
C007123,2024-10-08,referral,south,1,13.48
C007124,2023-10-08,organic,north,1,12.49
C007125,2024-08-12,paid_search,south,1,41.9
C007126,2023-01-12,paid_search,north,1,43.24
C007127,2025-01-04,organic,south,1,14.01
C007128,2023-01-16,affiliate,south,0,35.96
C007129,2024-01-05,referral,west,1,8.99
C007130,2023-12-02,referral,west,1,21.14
C007131,2024-01-11,paid_search,west,1,46.36
C007132,2024-09-01,affiliate,north,1,33.36
C007133,2024-10-08,referral,west,1,9.78
C007134,2024-10-29,referral,east,0,14.39
C007135,2024-08-13,organic,east,1,5.58
C007136,2024-06-14,paid_social,east,1,35.01
C007137,2024-10-04,affiliate,east,1,27.91
C007138,2024-04-12,referral,east,1,11.33
C007139,2024-09-26,affiliate,south,1,23.47
C007140,2024-07-24,paid_social,east,0,38.56
C007141,2025-02-20,referral,east,1,21.69
C007142,2023-11-03,affiliate,west,0,22.2
C007143,2023-05-26,paid_search,east,0,36.19
C007144,2023-07-11,organic,south,0,2.0
C007145,2025-01-15,organic,north,0,2.84
C007146,2024-04-11,paid_social,north,1,39.32
C007147,2023-09-27,affiliate,east,1,27.14
C007148,2024-01-30,paid_search,south,1,42.28
C007149,2023-07-18,affiliate,south,1,26.25
C007150,2024-01-19,paid_social,north,1,33.5
C007151,2023-06-26,affiliate,east,1,32.75
C007152,2023-11-17,paid_social,south,1,33.51
C007153,2024-12-04,paid_search,north,1,38.81
C007154,2024-03-14,paid_social,west,0,30.71
C007155,2024-05-29,paid_search,east,1,47.1
C007156,2025-02-21,paid_social,north,1,28.55
C007157,2023-04-14,referral,south,1,17.48
C007158,2023-03-26,organic,west,0,5.32
C007159,2024-11-02,paid_social,south,0,28.96
C007160,2024-01-22,paid_social,south,1,37.92
C007161,2024-04-16,organic,north,1,17.46
C007162,2023-03-01,paid_search,north,1,44.34
C007163,2024-12-30,referral,north,1,12.08
C007164,2024-09-09,affiliate,west,0,27.27
C007165,2023-04-06,paid_search,north,1,51.44
C007166,2025-01-03,affiliate,north,0,29.41
C007167,2024-10-18,referral,east,0,14.49
C007168,2023-07-16,paid_search,east,1,38.31
C007169,2024-08-21,affiliate,north,1,20.45
C007170,2024-06-22,paid_search,east,0,37.62
C007171,2023-08-25,affiliate,north,1,32.07
C007172,2023-09-14,referral,south,0,19.53
C007173,2024-07-25,organic,west,1,4.42
C007174,2023-09-01,organic,east,0,6.88
C007175,2025-01-17,referral,north,1,9.95
C007176,2024-04-12,referral,south,1,18.67
C007177,2025-01-24,affiliate,south,1,31.0
C007178,2024-12-31,organic,west,1,7.98
C007179,2024-09-25,referral,west,1,16.4
C007180,2024-02-26,organic,north,1,3.86
C007181,2024-01-25,paid_search,west,0,40.07
C007182,2024-05-02,organic,east,1,6.34
C007183,2024-03-14,paid_search,south,1,43.04
C007184,2023-12-14,affiliate,north,0,23.11
C007185,2025-02-01,paid_social,east,1,32.84
C007186,2023-12-15,affiliate,south,1,32.72
C007187,2024-11-09,referral,east,1,14.35
C007188,2024-07-14,referral,east,1,17.1
C007189,2024-12-17,organic,west,1,8.07
C007190,2023-07-19,paid_social,north,0,30.01
C007191,2024-01-13,paid_search,west,1,40.19
C007192,2024-05-27,affiliate,south,1,26.61
C007193,2023-10-30,referral,west,1,16.1
C007194,2023-06-29,organic,south,0,5.11
C007195,2025-02-22,organic,south,1,7.08
C007196,2023-11-21,organic,west,1,2.36
C007197,2023-03-31,organic,north,1,9.94
C007198,2024-01-18,affiliate,south,1,29.79
C007199,2023-11-06,organic,south,1,11.24
C007200,2023-10-28,affiliate,south,1,31.42
C007201,2023-05-08,referral,south,1,9.68
C007202,2024-03-04,paid_search,north,0,43.35
C007203,2023-04-12,paid_social,east,1,30.08
C007204,2024-03-20,organic,east,0,11.75
C007205,2024-05-27,organic,north,1,11.67
C007206,2024-04-07,affiliate,east,1,23.58
C007207,2024-03-18,affiliate,west,1,24.29
C007208,2024-11-07,referral,east,1,11.34
C007209,2023-05-05,organic,west,1,13.09
C007210,2024-10-14,paid_social,north,0,37.98
C007211,2024-08-02,organic,south,1,8.42
C007212,2023-05-25,affiliate,east,1,31.91
C007213,2023-01-08,paid_social,west,1,40.48
C007214,2024-07-03,referral,north,1,16.14
C007215,2024-05-05,paid_search,east,1,47.01
C007216,2024-09-04,paid_search,south,1,48.59
C007217,2023-06-04,paid_social,east,1,38.45
C007218,2023-05-12,affiliate,east,0,33.38
C007219,2024-12-02,referral,east,1,11.62
C007220,2023-08-28,referral,west,1,19.17
C007221,2023-11-09,organic,east,1,16.44
C007222,2023-08-13,organic,west,1,17.23
C007223,2023-07-19,organic,west,1,2.0
C007224,2025-01-03,organic,east,1,8.18
C007225,2023-07-09,organic,east,1,6.26
C007226,2024-02-11,paid_search,east,1,38.33
C007227,2024-09-12,paid_search,south,1,46.26
C007228,2023-09-29,paid_search,south,1,44.4
C007229,2023-05-04,organic,north,1,2.0
C007230,2023-06-18,paid_search,north,1,49.56
C007231,2024-04-19,paid_search,north,0,31.9
C007232,2024-01-28,organic,east,1,10.04
C007233,2023-09-23,affiliate,south,1,26.55
C007234,2023-07-04,paid_search,east,1,37.8
C007235,2024-05-07,organic,south,1,9.62
C007236,2024-06-24,organic,north,1,2.43
C007237,2023-01-20,organic,north,0,20.25
C007238,2023-12-27,referral,north,1,15.18
C007239,2023-11-02,organic,north,0,6.5
C007240,2024-06-30,paid_search,west,1,38.85
C007241,2023-02-21,organic,west,1,14.69
C007242,2023-07-12,organic,east,1,11.51
C007243,2024-04-11,paid_social,south,1,28.8
C007244,2023-02-07,paid_search,west,1,46.34
C007245,2024-10-05,organic,west,1,9.18
C007246,2024-11-27,organic,north,0,7.34
C007247,2024-08-13,referral,east,0,16.02
C007248,2023-12-12,referral,north,1,11.6
C007249,2024-02-28,paid_search,south,1,30.58
C007250,2024-07-20,organic,north,1,14.85
C007251,2024-06-29,organic,west,1,4.38
C007252,2024-11-03,paid_search,south,1,39.34
C007253,2023-03-13,organic,north,1,8.53
C007254,2023-10-30,organic,east,1,3.12
C007255,2024-02-27,organic,south,1,7.43
C007256,2023-07-18,organic,east,1,8.61
C007257,2024-01-31,paid_search,south,1,50.8
C007258,2024-05-22,paid_social,south,1,37.15
C007259,2024-07-01,paid_social,east,1,31.89
C007260,2025-01-13,affiliate,south,1,22.71
C007261,2024-08-18,affiliate,south,1,29.97
C007262,2024-02-07,paid_social,south,0,37.72
C007263,2024-03-11,affiliate,west,1,29.55
C007264,2024-08-15,referral,east,0,6.84
C007265,2023-09-02,paid_social,north,1,28.7
C007266,2024-03-23,paid_social,west,1,43.91
C007267,2024-02-23,paid_social,east,1,31.46
C007268,2024-02-20,organic,south,0,2.0
C007269,2024-09-20,organic,north,1,6.19
C007270,2024-07-26,organic,east,1,3.66
C007271,2024-06-25,paid_search,north,1,42.36
C007272,2023-10-25,organic,west,1,8.71
C007273,2024-03-17,paid_search,north,0,39.16
C007274,2024-12-22,referral,south,1,12.31
C007275,2024-03-10,organic,east,1,6.89
C007276,2024-09-03,referral,north,1,12.43
C007277,2024-12-30,organic,west,1,7.18
C007278,2024-02-12,paid_search,north,0,43.48
C007279,2023-08-18,paid_search,west,1,48.67
C007280,2023-01-07,referral,north,0,20.51
C007281,2024-11-30,paid_search,south,1,45.27
C007282,2024-12-12,referral,north,1,7.85
C007283,2023-05-06,referral,east,1,14.96
C007284,2024-07-12,paid_search,east,1,38.34
C007285,2024-11-22,paid_search,south,0,38.44
C007286,2024-07-05,paid_search,east,1,41.04
C007287,2024-10-21,paid_search,west,0,49.08
C007288,2023-09-16,organic,north,1,9.36
C007289,2024-03-28,organic,east,1,12.39
C007290,2024-10-01,paid_search,south,1,42.68
C007291,2023-02-23,referral,south,0,5.94
C007292,2024-08-18,paid_social,west,1,39.86
C007293,2023-03-31,referral,south,0,18.43
C007294,2023-04-29,paid_social,south,1,34.84
C007295,2023-06-13,paid_social,south,1,34.66
C007296,2023-01-19,paid_social,east,0,34.31
C007297,2024-08-12,affiliate,south,1,28.64
C007298,2024-06-10,organic,south,1,2.93
C007299,2025-01-27,referral,south,1,10.87
C007300,2023-02-02,paid_social,south,1,28.41
C007301,2023-12-18,referral,north,1,8.3
C007302,2023-11-09,paid_social,north,1,42.12
C007303,2023-03-07,organic,west,1,10.21
C007304,2024-05-04,referral,south,1,13.23
C007305,2023-01-13,referral,west,1,23.22
C007306,2024-05-22,paid_social,west,1,30.16
C007307,2024-07-07,referral,south,1,15.57
C007308,2024-01-13,organic,south,1,17.0
C007309,2024-05-10,organic,south,1,2.0
C007310,2024-05-07,paid_search,north,0,41.93
C007311,2024-02-03,paid_search,west,0,43.41
C007312,2024-07-08,paid_social,west,1,37.72
C007313,2023-08-10,paid_search,west,1,45.14
C007314,2024-09-27,organic,west,1,10.82
C007315,2024-09-17,paid_social,west,0,40.42
C007316,2024-08-05,referral,east,0,16.8
C007317,2023-03-23,paid_social,west,1,29.41
C007318,2023-10-19,paid_social,north,1,31.87
C007319,2025-01-11,paid_social,north,1,36.34
C007320,2023-12-13,paid_social,south,0,32.14
C007321,2024-02-12,organic,east,1,5.93
C007322,2023-02-25,referral,north,1,15.63
C007323,2023-06-20,referral,south,1,16.93
C007324,2023-05-11,organic,south,1,5.9
C007325,2023-03-07,organic,east,1,8.14
C007326,2024-08-13,organic,west,1,13.61
C007327,2023-05-24,paid_social,south,1,38.01
C007328,2023-11-27,organic,south,0,2.21
C007329,2023-12-09,paid_social,north,1,50.08
C007330,2024-12-09,referral,east,1,11.94
C007331,2024-11-19,paid_social,east,0,45.6
C007332,2025-01-31,paid_search,south,0,43.85
C007333,2024-08-24,organic,south,1,10.67
C007334,2023-01-06,referral,north,1,18.53
C007335,2023-04-17,paid_search,north,1,36.81
C007336,2023-02-09,paid_search,north,1,46.04
C007337,2024-02-22,paid_social,east,1,31.79
C007338,2024-04-10,organic,east,1,4.22
C007339,2024-02-02,referral,north,1,14.34
C007340,2024-07-22,paid_search,west,1,38.92
C007341,2023-03-10,paid_search,south,1,46.46
C007342,2024-12-13,paid_social,south,1,39.88
C007343,2024-11-06,paid_social,east,0,34.91
C007344,2024-11-21,referral,west,1,18.36
C007345,2025-02-06,organic,south,0,3.65
C007346,2023-09-21,referral,west,1,7.25
C007347,2023-08-26,paid_social,north,0,50.26
C007348,2023-06-17,paid_search,north,1,37.53
C007349,2023-07-07,referral,west,1,10.53
C007350,2023-08-15,organic,south,0,3.07
C007351,2024-12-20,referral,west,1,22.87
C007352,2025-01-18,organic,south,1,12.31
C007353,2023-08-16,paid_search,north,1,43.37
C007354,2024-03-23,paid_search,west,0,35.41
C007355,2023-07-09,referral,west,0,18.67
C007356,2024-06-15,paid_social,west,1,34.46
C007357,2023-02-06,referral,west,1,15.53
C007358,2024-09-09,organic,east,1,2.0
C007359,2025-02-13,affiliate,south,1,28.73
C007360,2024-01-19,organic,north,1,12.73
C007361,2023-06-30,organic,south,1,6.31
C007362,2024-06-21,paid_search,south,0,34.23
C007363,2024-06-01,paid_social,north,1,42.89
C007364,2024-09-22,referral,south,1,18.35
C007365,2023-10-01,paid_social,north,1,40.34
C007366,2025-02-11,organic,east,1,2.02
C007367,2024-05-02,paid_search,west,1,44.17
C007368,2024-04-17,paid_social,south,1,37.0
C007369,2023-05-09,referral,north,1,16.21
C007370,2025-01-08,paid_search,west,1,49.05
C007371,2024-06-10,paid_search,south,0,42.14
C007372,2023-11-07,referral,east,1,11.76
C007373,2025-01-27,paid_social,north,0,37.59
C007374,2023-02-10,affiliate,north,0,32.83
C007375,2024-09-18,paid_search,north,0,40.85
C007376,2023-08-10,referral,south,1,19.89
C007377,2023-07-17,referral,east,1,5.95
C007378,2024-07-21,affiliate,east,1,18.55
C007379,2024-03-27,paid_social,east,1,32.29
C007380,2023-03-10,referral,west,1,11.43
C007381,2025-02-26,affiliate,south,1,23.92
C007382,2024-01-06,organic,east,1,6.93
C007383,2023-12-21,paid_social,north,0,30.38
C007384,2023-12-10,organic,west,1,6.21
C007385,2023-08-19,paid_social,west,1,39.81
C007386,2023-06-25,paid_search,north,1,39.3
C007387,2023-08-19,organic,east,0,17.0
C007388,2023-10-04,organic,north,1,9.53
C007389,2024-04-26,paid_search,east,1,52.12
C007390,2023-03-11,paid_search,south,1,39.8
C007391,2023-07-05,paid_social,east,1,34.6
C007392,2024-12-10,referral,south,1,13.25
C007393,2023-02-19,organic,west,0,7.96
C007394,2023-08-24,referral,east,0,21.93
C007395,2023-04-25,referral,west,1,12.67
C007396,2024-07-28,paid_social,west,1,40.96
C007397,2024-07-11,paid_social,west,1,21.47
C007398,2023-10-07,paid_search,east,1,43.15
C007399,2024-04-23,organic,west,1,8.35
C007400,2023-12-04,paid_search,north,1,45.4
C007401,2023-10-19,organic,south,1,17.58
C007402,2025-01-22,organic,west,1,15.85
C007403,2024-07-07,paid_search,south,1,39.51
C007404,2024-08-11,referral,south,0,17.72
C007405,2023-06-14,organic,south,1,10.33
C007406,2024-12-19,paid_social,west,1,39.31
C007407,2024-04-07,affiliate,east,1,31.71
C007408,2023-05-19,organic,west,1,2.87
C007409,2024-08-07,referral,east,0,10.42
C007410,2024-02-09,organic,west,1,2.0
C007411,2024-12-27,paid_search,south,0,42.76
C007412,2025-01-25,organic,west,1,12.46
C007413,2023-10-12,paid_search,south,0,45.13
C007414,2023-11-09,paid_search,south,1,40.84
C007415,2025-02-01,organic,north,1,9.88
C007416,2024-02-26,paid_search,south,1,40.99
C007417,2024-02-23,organic,west,1,18.31
C007418,2024-11-30,referral,east,0,7.78
C007419,2024-09-16,organic,north,1,10.49
C007420,2023-09-05,referral,west,1,15.76
C007421,2025-01-14,organic,north,1,11.68
C007422,2024-01-30,affiliate,west,1,24.62
C007423,2023-12-04,paid_social,north,0,36.95
C007424,2025-02-26,organic,south,1,8.94
C007425,2024-04-28,referral,west,1,17.57
C007426,2023-02-15,paid_social,north,1,34.65
C007427,2025-01-07,paid_social,east,1,31.57
C007428,2023-10-06,organic,west,1,3.01
C007429,2024-05-01,referral,south,1,16.36
C007430,2023-10-30,paid_search,south,1,40.76
C007431,2023-12-01,referral,west,1,23.85
C007432,2023-12-20,paid_social,south,1,27.47
C007433,2024-09-06,referral,west,0,14.05
C007434,2024-07-07,paid_search,south,0,49.58
C007435,2024-05-27,affiliate,east,1,23.24
C007436,2023-06-27,organic,east,1,13.34
C007437,2024-04-23,paid_search,north,1,39.2
C007438,2023-02-04,paid_social,south,0,33.64
C007439,2023-10-07,organic,south,1,15.74
C007440,2024-05-09,organic,north,1,6.43
C007441,2024-07-27,paid_search,west,0,42.38
C007442,2023-04-15,organic,west,1,11.71
C007443,2025-01-02,paid_social,east,0,34.92
C007444,2024-03-04,affiliate,north,0,32.46
C007445,2024-09-21,referral,east,1,14.51
C007446,2024-08-23,organic,south,1,3.53
C007447,2023-03-21,organic,south,0,2.0
C007448,2024-04-24,organic,south,0,8.39
C007449,2024-10-24,organic,south,1,4.74
C007450,2024-01-20,paid_social,north,1,37.72
C007451,2023-02-13,referral,west,1,8.99
C007452,2024-04-21,paid_search,east,1,41.99
C007453,2023-06-13,organic,south,1,5.69
C007454,2023-11-19,paid_social,north,1,40.22
C007455,2023-05-01,referral,north,1,15.3
C007456,2023-04-10,paid_social,east,1,29.8
C007457,2024-07-20,organic,east,1,4.8
C007458,2023-04-29,affiliate,south,1,32.03
C007459,2024-07-06,organic,east,1,10.2
C007460,2023-04-07,affiliate,east,1,23.19
C007461,2024-12-13,organic,east,1,10.8
C007462,2023-04-29,paid_search,west,0,40.4
C007463,2023-02-05,paid_social,north,1,34.23
C007464,2023-03-10,organic,east,1,8.35
C007465,2024-05-15,paid_social,west,0,36.17
C007466,2025-01-12,referral,west,0,13.1
C007467,2023-07-20,paid_search,east,1,42.18
C007468,2023-07-14,paid_social,north,0,38.09
C007469,2023-04-03,organic,south,1,10.85
C007470,2025-01-18,referral,west,0,19.43
C007471,2024-03-26,affiliate,south,0,42.8
C007472,2023-09-16,affiliate,south,1,35.0
C007473,2023-12-29,organic,north,1,7.18
C007474,2024-07-04,paid_social,east,1,31.06
C007475,2023-12-31,paid_social,west,0,38.24
C007476,2023-03-10,paid_search,south,0,39.97
C007477,2024-05-30,referral,east,0,24.47
C007478,2023-06-20,organic,north,1,8.61
C007479,2023-11-01,paid_search,west,1,37.37
C007480,2024-09-29,referral,east,1,20.69
C007481,2024-07-05,referral,south,1,16.14
C007482,2023-05-16,paid_search,south,0,48.0
C007483,2023-09-16,affiliate,east,1,29.13
C007484,2023-11-19,affiliate,west,1,19.8
C007485,2023-03-22,affiliate,east,1,40.64
C007486,2023-04-01,paid_search,south,1,44.7
C007487,2024-03-04,paid_social,south,1,29.6
C007488,2024-02-06,affiliate,south,1,21.44
C007489,2023-10-18,paid_search,east,0,42.26
C007490,2023-03-03,paid_social,west,1,36.07
C007491,2023-11-01,affiliate,north,0,25.75
C007492,2023-11-02,paid_social,west,0,38.15
C007493,2024-12-29,organic,east,1,2.0
C007494,2024-11-16,affiliate,north,0,25.65
C007495,2024-10-25,paid_search,west,1,41.04
C007496,2023-03-19,paid_search,north,1,51.17
C007497,2023-06-30,paid_social,east,1,46.39
C007498,2024-11-18,paid_social,west,1,32.62
C007499,2023-01-18,referral,north,1,11.22
C007500,2024-12-26,paid_social,east,1,40.42
C007501,2024-04-27,paid_social,east,1,28.03
C007502,2023-12-25,paid_search,west,0,41.85
C007503,2023-06-15,paid_search,north,1,39.92
C007504,2024-03-11,paid_search,south,1,52.65
C007505,2024-09-17,organic,west,0,16.23
C007506,2023-02-02,paid_search,west,1,43.6
C007507,2024-02-15,paid_search,north,1,46.08
C007508,2024-01-11,referral,south,1,22.25
C007509,2025-02-02,paid_social,east,1,34.36
C007510,2023-07-03,organic,east,1,11.25
C007511,2024-01-19,referral,south,1,12.18
C007512,2024-01-30,paid_social,west,0,43.28
C007513,2023-09-20,affiliate,east,0,26.08
C007514,2023-04-02,paid_social,north,1,33.48
C007515,2024-04-21,organic,east,1,11.0
C007516,2024-02-22,organic,north,1,9.71
C007517,2024-12-19,referral,south,1,8.52
C007518,2024-02-23,paid_search,north,1,44.23
C007519,2024-09-11,affiliate,west,1,21.62
C007520,2023-04-09,paid_social,south,1,42.34
C007521,2023-03-11,paid_search,south,1,48.52
C007522,2023-03-29,paid_search,east,1,38.14
C007523,2023-11-11,paid_social,east,1,32.97
C007524,2025-01-16,paid_search,south,0,34.07
C007525,2025-01-16,paid_social,east,0,30.61
C007526,2023-07-10,affiliate,west,1,24.26
C007527,2024-02-03,organic,east,1,2.0
C007528,2024-05-15,paid_search,west,1,42.12
C007529,2025-02-11,paid_search,east,1,48.51
C007530,2024-11-15,affiliate,south,0,27.89
C007531,2023-02-15,paid_social,east,1,30.18
C007532,2023-01-01,affiliate,west,1,28.98
C007533,2023-01-19,affiliate,north,1,32.37
C007534,2025-01-01,paid_search,west,1,47.14
C007535,2023-12-07,paid_social,west,0,26.73
C007536,2023-05-08,paid_social,west,0,35.29
C007537,2023-09-11,paid_search,east,1,43.13
C007538,2024-03-03,paid_search,north,1,43.98
C007539,2024-11-18,affiliate,north,1,21.79
C007540,2024-03-10,organic,south,0,6.33
C007541,2025-01-26,paid_search,south,0,44.42
C007542,2023-11-12,organic,west,0,6.31
C007543,2024-07-03,organic,east,1,9.94
C007544,2024-08-11,organic,east,0,14.24
C007545,2023-08-27,paid_social,south,0,32.19
C007546,2023-04-12,paid_social,south,1,30.5
C007547,2024-07-05,referral,north,0,15.65
C007548,2023-01-26,organic,south,1,2.0
C007549,2023-04-01,organic,east,1,15.64
C007550,2023-04-04,organic,south,1,8.55
C007551,2023-05-16,organic,west,0,10.43
C007552,2023-11-29,paid_search,south,1,43.29
C007553,2024-01-22,organic,east,1,12.72
C007554,2023-04-28,affiliate,south,1,22.72
C007555,2023-06-16,paid_social,west,1,39.47
C007556,2024-05-26,paid_search,north,1,47.01
C007557,2024-11-23,paid_social,west,1,35.18
C007558,2023-11-09,paid_social,north,1,44.26
C007559,2024-10-25,referral,north,0,25.62
C007560,2024-07-14,paid_social,west,1,42.09
C007561,2024-11-15,organic,south,1,15.18
C007562,2024-03-26,referral,north,1,9.87
C007563,2023-02-12,organic,north,1,2.0
C007564,2023-12-28,organic,north,0,12.03
C007565,2024-09-25,affiliate,north,0,35.19
C007566,2025-01-15,paid_social,east,1,32.02
C007567,2023-11-16,referral,east,1,24.21
C007568,2023-09-21,organic,north,1,2.0
C007569,2024-05-30,paid_search,north,0,42.03
C007570,2023-03-21,referral,south,1,18.08
C007571,2024-03-19,affiliate,north,0,21.27
C007572,2024-01-11,affiliate,north,0,34.31
C007573,2023-04-16,paid_social,south,0,41.68
C007574,2024-10-09,paid_search,north,1,35.19
C007575,2024-12-06,affiliate,east,1,18.26
C007576,2023-12-20,affiliate,south,0,20.8
C007577,2025-02-17,paid_social,south,1,38.87
C007578,2023-11-03,organic,north,1,15.48
C007579,2023-07-01,referral,north,1,10.08
C007580,2024-02-11,paid_social,south,1,31.04
C007581,2023-11-04,paid_social,west,1,42.45
C007582,2024-04-20,paid_search,north,1,38.8
C007583,2023-11-09,paid_social,south,1,28.95
C007584,2023-05-25,organic,south,1,22.26
C007585,2025-02-24,affiliate,west,1,35.99
C007586,2024-12-27,referral,west,1,15.59
C007587,2024-03-23,referral,west,1,10.42
C007588,2024-11-14,organic,south,1,12.02
C007589,2024-06-23,organic,west,1,6.27
C007590,2023-11-17,paid_search,south,1,46.95
C007591,2023-12-12,paid_search,north,1,36.16
C007592,2023-05-26,organic,east,1,8.62
C007593,2024-05-16,paid_search,west,0,35.67
C007594,2024-08-18,paid_social,north,0,31.78
C007595,2023-05-18,paid_search,west,1,45.13
C007596,2023-04-15,paid_social,east,1,38.03
C007597,2025-02-24,referral,east,1,15.73
C007598,2024-07-20,affiliate,south,0,21.85
C007599,2023-09-08,paid_search,east,1,47.67
C007600,2023-05-16,referral,south,1,10.79
C007601,2024-10-23,organic,south,0,5.51
C007602,2024-07-13,affiliate,east,1,26.3
C007603,2024-04-26,organic,west,1,2.3
C007604,2024-10-28,paid_social,west,1,29.53
C007605,2023-07-19,paid_social,east,1,41.4
C007606,2024-02-26,organic,south,1,15.71
C007607,2023-12-26,referral,east,1,19.99
C007608,2024-07-15,organic,west,1,2.0
C007609,2024-04-27,paid_search,west,1,39.7
C007610,2023-03-24,referral,south,1,5.66
C007611,2024-06-17,organic,east,1,12.44
C007612,2024-02-14,organic,west,1,2.0
C007613,2024-03-10,paid_search,west,1,39.94
C007614,2024-11-26,organic,east,1,11.86
C007615,2023-06-20,paid_search,north,1,39.71
C007616,2024-03-28,organic,east,1,10.13
C007617,2023-01-18,paid_social,south,1,36.3
C007618,2023-08-15,paid_social,east,1,34.31
C007619,2024-01-30,paid_search,north,1,40.08
C007620,2024-03-11,paid_social,west,0,32.75
C007621,2024-05-13,paid_search,north,0,47.52
C007622,2023-05-29,organic,east,0,9.35
C007623,2023-11-20,organic,west,1,11.12
C007624,2023-11-15,affiliate,west,0,29.76
C007625,2025-02-14,organic,east,0,6.76
C007626,2023-12-20,referral,west,1,6.78
C007627,2024-05-10,paid_search,south,1,41.23
C007628,2024-05-27,paid_social,north,1,32.87
C007629,2023-01-14,organic,west,0,5.63
C007630,2023-09-09,referral,south,0,17.3
C007631,2025-02-17,organic,north,0,2.0
C007632,2024-09-25,paid_search,west,0,41.99
C007633,2025-02-03,paid_social,west,1,28.73
C007634,2023-05-09,affiliate,north,1,20.95
C007635,2025-01-05,paid_social,west,0,37.96
C007636,2024-08-12,organic,north,0,5.54
C007637,2023-02-23,affiliate,west,0,32.26
C007638,2025-01-14,affiliate,west,1,29.12
C007639,2024-01-21,referral,south,1,9.98
C007640,2023-08-23,paid_search,north,1,43.56
C007641,2023-03-16,organic,south,1,15.3
C007642,2023-06-30,paid_social,north,0,36.89
C007643,2023-06-18,organic,north,1,9.94
C007644,2023-11-21,affiliate,west,1,25.22
C007645,2025-02-20,organic,west,1,2.0
C007646,2024-07-09,paid_search,west,1,38.76
C007647,2023-03-19,affiliate,east,0,32.34
C007648,2023-08-23,paid_search,west,1,45.83
C007649,2023-06-28,paid_social,west,1,38.85
C007650,2024-05-19,paid_social,south,1,26.78
C007651,2023-08-02,paid_social,north,1,32.07
C007652,2025-01-22,affiliate,north,1,26.71
C007653,2024-11-28,referral,east,1,7.75
C007654,2025-01-18,paid_social,north,1,31.99
C007655,2024-03-30,paid_search,west,1,37.63
C007656,2023-08-29,organic,west,1,17.37
C007657,2024-01-13,paid_social,south,1,38.59
C007658,2023-06-24,referral,west,1,9.82
C007659,2023-12-04,organic,east,1,2.0
C007660,2023-02-20,organic,south,1,10.68
C007661,2024-01-02,paid_search,north,1,41.59
C007662,2023-03-11,organic,north,0,17.88
C007663,2024-04-12,paid_search,west,1,40.44
C007664,2024-11-07,organic,west,1,7.51
C007665,2023-03-22,paid_search,west,0,35.17
C007666,2024-09-06,paid_search,north,1,36.34
C007667,2023-09-16,referral,north,1,17.57
C007668,2023-01-23,organic,east,0,4.43
C007669,2023-04-09,paid_social,east,1,38.78
C007670,2023-08-30,paid_social,east,0,39.41
C007671,2024-12-23,paid_search,north,0,44.3
C007672,2024-01-22,organic,south,1,12.07
C007673,2024-07-11,organic,west,1,11.74
C007674,2024-08-09,referral,north,1,14.57
C007675,2023-05-02,paid_social,west,0,30.26
C007676,2023-03-04,organic,south,1,11.05
C007677,2024-05-24,affiliate,south,1,38.52
C007678,2023-08-15,paid_search,north,1,39.91
C007679,2023-01-21,referral,east,1,13.7
C007680,2023-01-17,paid_search,south,1,44.53
C007681,2024-03-07,paid_social,south,0,34.53
C007682,2024-08-13,paid_search,west,0,34.13
C007683,2023-12-31,referral,north,1,11.94
C007684,2023-10-05,organic,north,1,2.0
C007685,2024-01-06,paid_search,north,0,49.55
C007686,2024-12-09,organic,south,1,2.0
C007687,2025-01-07,organic,north,0,5.53
C007688,2023-06-18,paid_social,north,1,38.8
C007689,2025-02-04,referral,north,0,17.65
C007690,2023-12-09,paid_search,north,0,43.33
C007691,2023-02-08,organic,east,0,8.07
C007692,2023-11-13,referral,north,1,14.96
C007693,2024-04-30,affiliate,east,0,36.67
C007694,2024-07-18,paid_social,east,1,42.0
C007695,2023-08-26,referral,west,1,19.5
C007696,2025-01-29,referral,south,0,11.12
C007697,2024-10-23,affiliate,west,0,35.52
C007698,2023-03-30,paid_search,north,0,42.31
C007699,2023-12-15,affiliate,west,1,27.74
C007700,2024-04-26,organic,east,1,21.89
C007701,2024-04-29,paid_search,south,1,41.94
C007702,2024-10-07,paid_search,west,0,35.75
C007703,2023-12-17,organic,east,1,7.71
C007704,2024-07-18,organic,east,1,4.44
C007705,2024-10-25,organic,west,1,8.42
C007706,2023-07-22,paid_search,east,1,41.68
C007707,2023-04-24,referral,north,1,6.92
C007708,2024-04-13,organic,west,1,13.08
C007709,2024-07-17,paid_social,east,0,38.56
C007710,2023-11-22,affiliate,north,0,33.85
C007711,2024-11-27,referral,west,1,20.99
C007712,2024-09-12,paid_search,west,1,49.26
C007713,2023-05-24,affiliate,west,1,32.69
C007714,2024-04-01,paid_search,south,1,46.62
C007715,2023-11-13,paid_search,north,1,45.15
C007716,2024-01-14,referral,west,0,7.1
C007717,2024-07-06,paid_social,south,0,32.23
C007718,2024-12-31,paid_social,south,1,29.2
C007719,2023-03-08,referral,south,1,11.75
C007720,2023-05-02,organic,east,1,5.81
C007721,2025-02-03,paid_social,west,1,30.48
C007722,2024-05-31,paid_social,north,1,34.23
C007723,2023-09-10,referral,north,1,10.17
C007724,2023-10-19,organic,south,0,11.94
C007725,2024-07-17,paid_search,north,1,38.14
C007726,2024-10-10,organic,east,1,4.23
C007727,2023-04-30,affiliate,west,1,30.85
C007728,2023-04-28,organic,south,0,12.89
C007729,2024-01-09,paid_social,south,0,31.84
C007730,2025-01-24,paid_search,east,1,45.25
C007731,2024-11-14,paid_search,north,0,42.52
C007732,2023-12-27,referral,south,0,6.15
C007733,2023-06-18,organic,south,0,4.67
C007734,2024-12-18,paid_social,west,0,39.03
C007735,2023-02-15,organic,north,1,5.68
C007736,2024-09-06,organic,north,1,6.67
C007737,2024-10-22,organic,east,1,11.71
C007738,2024-10-06,paid_search,north,1,49.47
C007739,2024-12-31,referral,south,1,15.05
C007740,2023-07-25,affiliate,east,1,23.48
C007741,2023-07-09,paid_social,east,1,34.97
C007742,2023-10-22,paid_search,south,0,46.67
C007743,2024-04-04,organic,east,1,6.73
C007744,2024-01-26,paid_search,south,0,41.33
C007745,2023-05-10,referral,south,1,12.84
C007746,2024-01-22,paid_search,south,0,40.44
C007747,2024-01-03,referral,east,1,14.31
C007748,2024-06-23,paid_search,north,0,41.43
C007749,2023-02-04,paid_social,west,0,27.51
C007750,2024-10-05,referral,north,0,17.91
C007751,2024-12-08,organic,east,1,2.0
C007752,2023-08-09,organic,north,0,2.56
C007753,2024-10-24,referral,north,0,12.61
C007754,2023-11-01,referral,south,1,16.56
C007755,2024-05-10,paid_search,north,1,50.79
C007756,2024-04-11,paid_search,east,1,47.56
C007757,2024-09-17,organic,west,1,3.42
C007758,2024-01-05,paid_search,west,1,46.96
C007759,2024-08-24,paid_social,south,0,28.79
C007760,2024-12-23,organic,east,1,7.75
C007761,2024-03-30,organic,north,1,3.73
C007762,2024-09-29,referral,west,1,2.0
C007763,2023-11-30,organic,north,1,6.44
C007764,2023-02-24,referral,east,1,21.86
C007765,2024-12-06,referral,north,0,21.92
C007766,2024-12-29,paid_social,south,1,31.48
C007767,2024-03-27,paid_search,north,1,44.04
C007768,2023-11-18,paid_social,north,1,34.64
C007769,2023-09-26,affiliate,north,1,24.59
C007770,2024-12-28,paid_social,south,1,33.33
C007771,2023-07-31,paid_social,east,0,38.65
C007772,2023-02-10,referral,west,1,14.75
C007773,2024-05-27,organic,south,1,5.22
C007774,2023-05-23,paid_search,east,1,31.81
C007775,2023-10-07,paid_search,east,0,44.92
C007776,2023-07-31,referral,south,1,20.73
C007777,2024-04-30,paid_search,south,1,49.47
C007778,2023-04-28,paid_search,east,0,43.26
C007779,2024-07-17,organic,east,1,3.76
C007780,2023-03-06,organic,west,1,3.87
C007781,2023-06-09,organic,west,1,2.0
C007782,2024-03-26,referral,west,1,17.59
C007783,2024-09-20,paid_search,east,0,37.99
C007784,2023-06-27,organic,south,1,15.72
C007785,2024-03-16,paid_social,east,0,44.09
C007786,2023-04-12,paid_search,south,1,37.52
C007787,2024-06-10,organic,north,1,9.38
C007788,2025-01-13,organic,east,1,14.77
C007789,2024-06-29,referral,north,0,16.67
C007790,2025-01-04,organic,north,1,8.07
C007791,2023-08-31,paid_search,east,1,47.21
C007792,2024-06-19,paid_social,north,1,40.74
C007793,2024-06-18,organic,west,1,10.03
C007794,2024-07-26,paid_search,east,0,39.61
C007795,2024-10-21,paid_search,south,1,45.51
C007796,2023-10-18,paid_search,east,1,37.73
C007797,2024-07-14,paid_social,west,1,38.69
C007798,2024-02-12,affiliate,south,1,30.11
C007799,2023-05-18,organic,north,1,2.97
C007800,2023-07-25,affiliate,south,1,25.21
C007801,2024-05-23,paid_social,south,1,34.8
C007802,2023-07-13,organic,north,1,15.01
C007803,2024-06-04,paid_search,west,1,40.52
C007804,2024-10-14,affiliate,east,1,32.75
C007805,2024-03-10,organic,north,1,12.77
C007806,2023-06-04,affiliate,east,1,24.89
C007807,2024-10-28,paid_social,east,1,32.78
C007808,2023-01-12,paid_social,south,1,33.87
C007809,2024-04-27,paid_search,north,1,48.32
C007810,2023-02-21,paid_search,west,1,42.71
C007811,2023-03-20,paid_search,north,1,46.33
C007812,2024-12-21,referral,south,1,16.58
C007813,2023-09-07,referral,north,1,12.68
C007814,2023-06-20,paid_search,west,1,38.42
C007815,2024-03-19,paid_social,south,1,27.57
C007816,2024-08-12,paid_social,south,1,30.38
C007817,2024-08-23,paid_social,east,1,34.13
C007818,2023-03-22,referral,east,0,23.98
C007819,2023-08-13,paid_social,north,0,33.48
C007820,2024-09-16,paid_social,east,1,22.23
C007821,2023-11-19,paid_social,north,1,33.54
C007822,2023-02-05,paid_search,south,1,36.55
C007823,2023-03-07,affiliate,west,1,30.47
C007824,2024-07-15,referral,north,1,12.1
C007825,2024-01-18,referral,west,0,16.24
C007826,2023-06-28,affiliate,south,1,28.61
C007827,2024-07-09,paid_social,south,1,34.96
C007828,2024-06-08,organic,east,1,11.83
C007829,2024-05-12,referral,west,1,10.58
C007830,2024-06-15,referral,north,0,15.08
C007831,2024-07-24,paid_social,north,1,37.4
C007832,2024-11-21,paid_search,south,1,49.12
C007833,2023-05-03,referral,west,1,10.47
C007834,2023-02-06,referral,north,1,9.9
C007835,2023-12-13,paid_search,west,1,41.59
C007836,2023-07-03,referral,north,1,16.57
C007837,2024-01-20,paid_search,east,1,38.18
C007838,2024-04-18,organic,east,1,11.67
C007839,2023-07-19,referral,west,1,16.95
C007840,2023-04-02,organic,north,0,23.56
C007841,2023-07-01,paid_search,south,1,40.38
C007842,2024-03-15,referral,west,1,14.96
C007843,2024-07-14,paid_social,east,1,35.43
C007844,2023-06-11,paid_social,south,1,28.77
C007845,2023-10-24,organic,south,1,2.0
C007846,2023-08-29,paid_search,east,1,46.68
C007847,2023-11-08,paid_search,east,0,48.44
C007848,2023-01-22,organic,north,1,18.01
C007849,2023-10-11,paid_search,south,1,46.13
C007850,2023-03-28,organic,west,1,5.17
C007851,2024-11-25,affiliate,east,1,30.65
C007852,2024-12-22,paid_search,east,1,41.57
C007853,2023-02-13,referral,south,0,6.02
C007854,2024-08-12,referral,north,1,14.59
C007855,2024-08-15,paid_social,north,1,36.55
C007856,2023-12-21,referral,north,1,10.61
C007857,2023-01-25,paid_search,west,1,48.08
C007858,2024-06-15,organic,west,1,11.11
C007859,2024-04-30,referral,west,1,17.51
C007860,2024-02-11,organic,east,1,9.84
C007861,2024-06-24,referral,north,1,15.75
C007862,2023-03-23,referral,north,1,7.59
C007863,2023-09-29,affiliate,west,0,29.24
C007864,2024-10-28,organic,east,1,2.53
C007865,2024-04-24,referral,west,1,13.45
C007866,2023-09-26,affiliate,east,1,27.58
C007867,2023-07-14,affiliate,north,1,27.6
C007868,2024-09-16,paid_social,west,0,34.58
C007869,2024-11-04,affiliate,north,0,25.38
C007870,2025-01-02,referral,west,1,23.36
C007871,2024-03-24,organic,west,1,2.0
C007872,2024-07-25,paid_search,west,1,40.16
C007873,2024-10-10,organic,east,0,3.13
C007874,2023-04-20,organic,east,1,3.43
C007875,2025-02-18,paid_social,north,1,36.51
C007876,2025-02-25,organic,east,1,9.56
C007877,2023-03-17,paid_social,north,0,30.89
C007878,2023-11-05,organic,east,1,5.71
C007879,2024-09-19,organic,north,1,10.68
C007880,2023-12-14,paid_search,west,1,38.92
C007881,2024-03-12,organic,west,1,9.78
C007882,2023-03-03,paid_search,west,1,41.33
C007883,2024-05-20,organic,east,1,11.48
C007884,2023-08-21,organic,north,1,7.14
C007885,2024-04-09,paid_search,west,0,38.37
C007886,2024-01-30,paid_social,west,1,45.51
C007887,2024-05-15,paid_search,west,0,47.57
C007888,2024-02-05,paid_social,west,1,32.72
C007889,2024-04-02,referral,west,0,14.36
C007890,2023-01-27,paid_search,south,0,47.49
C007891,2024-10-21,paid_social,east,1,32.73
C007892,2025-01-30,referral,west,0,5.51
C007893,2023-01-13,organic,north,1,7.66
C007894,2023-03-12,paid_search,south,1,41.64
C007895,2024-11-11,referral,west,1,20.35
C007896,2024-11-16,paid_social,south,1,37.54
C007897,2024-10-24,affiliate,west,1,21.24
C007898,2024-12-17,paid_search,east,1,39.84
C007899,2024-04-12,paid_social,west,0,39.88
C007900,2024-11-11,paid_social,south,1,36.92
C007901,2024-05-15,organic,south,1,5.64
C007902,2023-11-15,paid_search,north,1,38.75
C007903,2024-01-03,paid_social,south,1,30.0
C007904,2023-09-20,affiliate,south,0,29.81
C007905,2024-04-03,organic,west,0,2.3
C007906,2025-02-27,paid_search,north,1,42.64
C007907,2023-11-05,paid_search,south,1,49.81
C007908,2024-04-29,paid_social,east,1,37.57
C007909,2023-05-02,paid_social,west,1,32.06
C007910,2024-11-10,paid_search,south,1,41.75
C007911,2023-09-07,referral,west,0,8.46
C007912,2023-04-18,referral,west,0,13.57
C007913,2025-02-14,referral,east,1,14.29
C007914,2024-01-01,paid_search,south,0,46.81
C007915,2023-03-27,paid_search,south,0,49.26
C007916,2024-10-22,organic,south,1,10.7
C007917,2024-03-05,affiliate,east,1,20.14
C007918,2024-11-08,paid_social,south,1,28.44
C007919,2023-01-26,referral,west,1,16.22
C007920,2023-10-17,organic,north,1,15.18
C007921,2024-07-04,paid_social,south,1,29.06
C007922,2023-12-24,organic,south,1,4.2
C007923,2024-07-15,paid_social,west,1,40.48
C007924,2024-11-02,paid_social,south,0,35.2
C007925,2024-08-15,paid_social,south,1,29.0
C007926,2023-03-01,paid_social,north,1,33.34
C007927,2023-01-09,organic,west,1,4.86
C007928,2023-12-15,organic,east,1,6.04
C007929,2025-02-12,paid_social,north,1,38.54
C007930,2023-12-31,organic,west,1,2.0
C007931,2023-11-06,paid_social,west,1,31.91
C007932,2024-01-10,organic,west,0,4.82
C007933,2025-02-12,paid_social,east,1,36.9
C007934,2023-07-03,referral,east,1,5.32
C007935,2024-03-05,affiliate,west,1,24.72
C007936,2023-04-20,organic,south,0,8.8
C007937,2024-07-28,paid_search,south,1,42.68
C007938,2023-08-22,organic,north,1,3.28
C007939,2023-10-19,paid_search,south,0,50.16
C007940,2023-08-31,paid_social,east,1,28.33
C007941,2024-03-14,paid_social,north,1,34.09
C007942,2024-10-02,organic,south,1,6.43
C007943,2023-08-23,paid_social,east,0,32.0
C007944,2024-02-04,affiliate,north,1,18.77
C007945,2023-05-24,affiliate,east,0,34.16
C007946,2023-05-02,paid_social,south,1,39.42
C007947,2023-02-28,organic,west,1,6.82
C007948,2025-02-16,referral,east,1,14.91
C007949,2023-09-01,referral,west,1,6.32
C007950,2024-08-15,organic,west,1,5.39
C007951,2023-01-11,organic,east,1,7.03
C007952,2024-01-07,paid_search,south,1,42.23
C007953,2024-04-02,referral,east,1,22.26
C007954,2023-09-29,paid_social,west,1,39.89
C007955,2024-06-30,affiliate,east,1,23.05
C007956,2023-12-28,organic,east,1,3.69
C007957,2024-02-14,affiliate,east,0,39.02
C007958,2023-10-04,organic,west,0,9.32
C007959,2023-03-22,organic,north,1,8.28
C007960,2024-02-27,organic,north,1,8.66
C007961,2024-09-20,referral,west,1,17.34
C007962,2024-09-05,affiliate,east,0,28.38
C007963,2023-06-15,affiliate,north,1,26.75
C007964,2025-02-21,paid_social,north,0,34.41
C007965,2024-05-14,paid_search,east,1,37.81
C007966,2023-09-07,referral,east,1,14.41
C007967,2023-01-21,paid_search,south,1,41.37
C007968,2023-09-27,organic,west,1,4.43
C007969,2024-02-20,affiliate,south,1,26.89
C007970,2024-07-31,affiliate,west,1,29.96
C007971,2025-02-19,paid_search,north,0,49.46
C007972,2023-04-09,organic,south,1,6.17
C007973,2023-03-27,organic,south,1,2.0
C007974,2023-01-16,organic,east,1,14.65
C007975,2023-12-24,paid_search,north,1,38.67
C007976,2024-03-25,paid_social,south,1,36.44
C007977,2023-07-27,paid_social,west,1,25.88
C007978,2023-03-25,paid_social,west,1,41.03
C007979,2023-07-10,referral,north,1,20.83
C007980,2024-01-20,organic,west,1,11.16
C007981,2023-03-31,affiliate,north,1,39.75
C007982,2023-10-21,organic,east,1,3.45
C007983,2024-02-20,paid_search,west,0,45.7
C007984,2023-11-24,affiliate,west,1,28.82
C007985,2024-06-17,paid_search,north,1,48.47
C007986,2024-12-18,paid_search,south,1,43.52
C007987,2024-06-21,paid_social,north,1,32.31
C007988,2023-10-11,organic,north,1,11.86
C007989,2023-11-22,referral,south,0,13.44
C007990,2023-10-29,paid_search,south,0,34.96
C007991,2024-04-04,organic,north,1,11.7
C007992,2023-02-12,affiliate,north,1,23.67
C007993,2023-12-07,paid_social,south,1,30.1
C007994,2024-01-27,affiliate,north,1,28.82
C007995,2024-11-14,paid_search,north,0,44.73
C007996,2024-05-08,paid_search,west,0,47.23
C007997,2023-03-07,organic,west,1,17.33
C007998,2024-05-02,paid_search,south,1,41.58
C007999,2023-02-05,paid_search,west,0,40.36
C008000,2023-09-29,organic,north,1,4.59
